text,title,source,cluster_label,pca_dim_1,pca_dim_2
Bruce Springsteen lent helping hand to director s family after Los Angeles wildfires Bruce Springsteen lent helping hand to director s family after Los Angeles wildfires,Bruce Springsteen lent helping hand to director's family after Los Angeles wildfires,The Times of India,-1,-0.17191005,0.03460433
Six protein packed Trader Joe s snacks dietitians recommend Six protein packed Trader Joe s snacks dietitians recommend,Six protein-packed Trader Joe’s snacks dietitians recommend,The-independent.com,-1,0.18929578,-0.06576824
Classic Aero TV Portrait of the U.S. Transportation Safety Institute Classic Aero TV Portrait of the U.S. Transportation Safety Institute,Classic Aero-TV: Portrait of the U.S. Transportation Safety Institute,Aero-news.net,-1,0.21664202,-0.109961115
Aero News Quote of the Day 10.21.25 Aero News Quote of the Day 10.21.25,Aero-News: Quote of the Day (10.21.25),Aero-news.net,-1,0.20114022,-0.13670433
Trump backs off planned surge of federal agents into San Francisco after talking to the mayor Trump backs off planned surge of federal agents into San Francisco after talking to the mayor,Trump backs off planned surge of federal agents into San Francisco after talking to the mayor,Japan Today,-1,-0.003057843,0.3190957
"Xbox Game Pass October Wave 2 is wild The Outer Worlds 2, PowerWash 2, Football Manager 26, and a mech farming sim. Yes, really Xbox Game Pass October Wave 2 is wild The Outer Worlds 2, PowerWash 2, Football Manager 26, and a mech farming sim. Yes, really","Xbox Game Pass October Wave 2 is wild: The Outer Worlds 2, PowerWash 2, Football Manager 26, and a mech farming sim. Yes, really",Windows Central,1,-0.015281773,-0.31125402
I found my people People are sharing how they use Costco Tiramisu cups I found my people People are sharing how they use Costco Tiramisu cups,“I found my people”: People are sharing how they use Costco Tiramisu cups,The Daily Dot,-1,-0.18752629,-0.07319187
How presidents have changed the White House and how Trump s ballroom is different How presidents have changed the White House and how Trump s ballroom is different,How presidents have changed the White House — and how Trump's ballroom is different,NPR,-1,-0.035974618,0.21589102
Manipur marks Ningol Chakkouba amid hope heartbreak for IDPs Manipur marks Ningol Chakkouba amid hope heartbreak for IDPs,Manipur marks Ningol Chakkouba amid hope & heartbreak for IDPs,The Times of India,2,-0.30898938,-0.10386542
U.S. Senate hopeful Graham Platner says he s covered up his tattoo after learning it was a Nazi symbol I wanted this thing off my body U.S. Senate hopeful Graham Platner says he s covered up his tattoo after learning it was a Nazi symbol I wanted this thing off my body,U.S. Senate hopeful Graham Platner says he’s covered up his tattoo after learning it was a Nazi symbol: ‘I wanted this thing off my body’,Fortune,3,-0.06291866,0.31133705
Person matching Chauncey Billups description allegedly shared Trail Blazers tanking information with bettors Person matching Chauncey Billups description allegedly shared Trail Blazers tanking information with bettors,Person matching Chauncey Billups' description allegedly shared Trail Blazers tanking information with bettors,CBS Sports,3,-0.19915923,0.13275252
AI grading error affects hundreds of MCAS essays in Massachusetts Here s what went wrong AI grading error affects hundreds of MCAS essays in Massachusetts Here s what went wrong,AI grading error affects hundreds of MCAS essays in Massachusetts: Here’s what went wrong,The Times of India,-1,-0.17399955,-0.050349306
"J K Speaker rejects Congress, NC s plea for discussion on AAP MLA s detention HC quashes aide s preventive custody J K Speaker rejects Congress, NC s plea for discussion on AAP MLA s detention HC quashes aide s preventive custody","J&K Speaker rejects Congress, NC’s plea for discussion on AAP MLA’s detention; HC quashes aide’s preventive custody",The Times of India,2,-0.22213711,0.048167713
The Woman Who Rewrote Her Ribcage Wisconsin Tiff s Radical Quest for the Impossible Waist! The Woman Who Rewrote Her Ribcage Wisconsin Tiff s Radical Quest for the Impossible Waist!,The Woman Who Rewrote Her Ribcage: Wisconsin Tiff’s Radical Quest for the Impossible Waist!,Egotastic.com,-1,-0.0935542,0.14695323
Netflix s Daily Soap Experiment Ends Prematurely Tout Pour La Lumière Canceled After Single Season Netflix s Daily Soap Experiment Ends Prematurely Tout Pour La Lumière Canceled After Single Season,Netflix’s Daily Soap Experiment Ends Prematurely; ‘Tout Pour La Lumière’ Canceled After Single Season,What's on Netflix,-1,-0.03839332,-0.02728461
White House East Wing demolition nearly complete to make room for Trump ballroom White House East Wing demolition nearly complete to make room for Trump ballroom,White House East Wing demolition nearly complete to make room for Trump ballroom,Biztoc.com,-1,0.009740283,0.25430277
Who s to blame for government shutdown? A new poll shows what voters think. Who s to blame for government shutdown? A new poll shows what voters think.,Who's to blame for government shutdown? A new poll shows what voters think.,CBS News,-1,-0.077257484,0.14930707
Protest of Bay Area immigration crackdown met with apparent stun grenades at Coast Guard base San Francisco Chronicle Protest of Bay Area immigration crackdown met with apparent stun grenades at Coast Guard base San Francisco Chronicle,Protest of Bay Area immigration crackdown met with apparent stun grenades at Coast Guard base (San Francisco Chronicle),Memeorandum.com,-1,0.15688102,0.30343065
Trump Administration Live Updates President Shelves Plan to Deploy Federal Agents to San Francisco New York Times Trump Administration Live Updates President Shelves Plan to Deploy Federal Agents to San Francisco New York Times,Trump Administration Live Updates: President Shelves Plan to Deploy Federal Agents to San Francisco (New York Times),Memeorandum.com,4,0.4221149,0.34769934
The Bloody Sunday Murder Trial The Bloody Sunday Murder Trial,The Bloody Sunday Murder Trial,BBC News,-1,-0.053986546,0.040807422
Jeremy Allen White Got Candid About Why He Asked Bruce Springsteen For A Little Bit Of Space While He Filmed Deliver Me From Nowhere Jeremy Allen White Got Candid About Why He Asked Bruce Springsteen For A Little Bit Of Space While He Filmed Deliver Me From Nowhere,Jeremy Allen White Got Candid About Why He Asked Bruce Springsteen For 'A Little Bit Of Space' While He Filmed Deliver Me From Nowhere,CinemaBlend,-1,-0.11780183,-0.006517274
"RFK Jr., The FDA, And Supplement Regulations RFK Jr., The FDA, And Supplement Regulations","RFK Jr., The FDA, And Supplement Regulations",NPR,-1,0.11684475,0.0052442793
"While wary of Trump s motives, some D.C. residents uneasily back parts of the National Guard deployment While wary of Trump s motives, some D.C. residents uneasily back parts of the National Guard deployment","While wary of Trump’s motives, some D.C. residents uneasily back parts of the National Guard deployment",PBS,-1,0.039829902,0.26249057
"F5, Inc. Investigated by the Portnoy Law Firm F5, Inc. Investigated by the Portnoy Law Firm","F5, Inc. Investigated by the Portnoy Law Firm",GlobeNewswire,-1,0.42585734,0.051089164
Arbaz Patel loses weight after reality show Rise and Fall says I wanted to reset physically and mentally Arbaz Patel loses weight after reality show Rise and Fall says I wanted to reset physically and mentally,Arbaz Patel loses weight after reality show Rise and Fall; says ‘I wanted to reset physically and mentally’,The Times of India,2,-0.34849656,-0.0882338
"How much does Alabama football GM Courtney Morgan make? Total pay, SEC salary rank How much does Alabama football GM Courtney Morgan make? Total pay, SEC salary rank","How much does Alabama football GM Courtney Morgan make? Total pay, SEC salary rank",USA Today,3,-0.20987396,0.042510986
"Pam Bondi Gives Trump Bad News When He Asks Her To Discuss Alleged Grand Jury Probe We Can t, Legally Pam Bondi Gives Trump Bad News When He Asks Her To Discuss Alleged Grand Jury Probe We Can t, Legally","Pam Bondi Gives Trump Bad News When He Asks Her To Discuss Alleged Grand Jury Probe: ‘We Can’t, Legally’",Mediaite,3,-0.101614505,0.30914128
Trump Federal deployment to San Francisco called off after conversation with mayor Trump Federal deployment to San Francisco called off after conversation with mayor,Trump: Federal deployment to San Francisco called off after conversation with mayor,CBS News,-1,-0.042626895,0.13881978
Josh Allen gets real on what the Buffalo Bills must fix following consecutive defeats this season Josh Allen gets real on what the Buffalo Bills must fix following consecutive defeats this season,Josh Allen gets real on what the Buffalo Bills must fix following consecutive defeats this season,The Times of India,-1,-0.23868197,0.046690006
GOP senator denounces Trump s pardon of crypto billionaire CZ Jasper Goodman Politico GOP senator denounces Trump s pardon of crypto billionaire CZ Jasper Goodman Politico,GOP senator denounces Trump's pardon of crypto billionaire CZ (Jasper Goodman/Politico),Memeorandum.com,4,0.34934953,0.44998732
"The 2025 NAB Show New York Wraps Spotlighting the Future of Media, Storytelling and the Creator Economy The 2025 NAB Show New York Wraps Spotlighting the Future of Media, Storytelling and the Creator Economy","The 2025 NAB Show New York Wraps: Spotlighting the Future of Media, Storytelling and the Creator Economy",GlobeNewswire,-1,0.47081694,0.026865026
Man Accused Samming Co Worker With Autism Out of Thousands in Greensburg Man Accused Samming Co Worker With Autism Out of Thousands in Greensburg,Man Accused Samming Co-Worker With Autism Out of Thousands in Greensburg,Freerepublic.com,-1,-0.097657666,0.16620885
"Apple users could get significant compensation say lawyers, after tech firm loses ruling Apple users could get significant compensation say lawyers, after tech firm loses ruling","Apple users could get 'significant' compensation say lawyers, after tech firm loses ruling",Sky.com,-1,0.0002773021,-0.17051786
What to know about brain aneurysms after Kim Kardashian s diagnosis What to know about brain aneurysms after Kim Kardashian s diagnosis,What to know about brain aneurysms after Kim Kardashian's diagnosis,NBC News,-1,-0.08650865,0.12445587
Virginia Becomes New Battleground In Redistricting War Virginia Becomes New Battleground In Redistricting War,Virginia Becomes New Battleground In Redistricting War,The Daily Caller,-1,-0.17472154,0.1169837
Andrew Cuomo Turns To Shockingly Racist Attacks On Zohran Mamdani In NYC Andrew Cuomo Turns To Shockingly Racist Attacks On Zohran Mamdani In NYC,Andrew Cuomo Turns To Shockingly Racist Attacks On Zohran Mamdani In NYC,HuffPost,3,-0.02963657,0.3622959
Carmen Argote s Maximalist Homage to Garment Workers Carmen Argote s Maximalist Homage to Garment Workers,Carmen Argote’s Maximalist Homage to Garment Workers,Hyperallergic,-1,-0.04358375,0.12443685
"Colorado driver in New Jersey crash that killed 4 was nearly 3 times over legal limit for alcohol, police say Colorado driver in New Jersey crash that killed 4 was nearly 3 times over legal limit for alcohol, police say","Colorado driver in New Jersey crash that killed 4 was nearly 3 times over legal limit for alcohol, police say",The Denver Post,-1,-0.21909511,0.048423722
"Airborne Flight Training 10.23.25 PanAm Back?, Spirit Cuts, Affordable Expo Airborne Flight Training 10.23.25 PanAm Back?, Spirit Cuts, Affordable Expo","Airborne-Flight Training 10.23.25: PanAm Back?, Spirit Cuts, Affordable Expo",Aero-news.net,-1,0.110357895,-0.19312844
"Warships, fighter jets and the CIA what is Trump s endgame in Venezuela? Warships, fighter jets and the CIA what is Trump s endgame in Venezuela?","Warships, fighter jets and the CIA - what is Trump's endgame in Venezuela?",BBC News,-1,-0.115754455,-0.0016841933
"TRONOX CLASS ACTION ALERT Bragar Eagel Squire, P.C. Urgently Reminds Tronox Investors of the November 3rd Deadline in the Filed Class Action TRONOX CLASS ACTION ALERT Bragar Eagel Squire, P.C. Urgently Reminds Tronox Investors of the November 3rd Deadline in the Filed Class Action","TRONOX CLASS ACTION ALERT: Bragar Eagel & Squire, P.C. Urgently Reminds Tronox Investors of the November 3rd Deadline in the Filed Class Action",GlobeNewswire,0,0.53008807,-0.20253626
The Fourth Edition of The MICHELIN Guide Abu Dhabi Has Been Launched The Fourth Edition of The MICHELIN Guide Abu Dhabi Has Been Launched,The Fourth Edition of The MICHELIN Guide Abu Dhabi Has Been Launched,GlobeNewswire,-1,0.41417864,-0.12734354
Nike designed new gear to keep athletes cool in a warming world Nike designed new gear to keep athletes cool in a warming world,Nike designed new gear to keep athletes cool in a warming world,The Verge,-1,-0.039474834,-0.05894879
Required Reading Required Reading,Required Reading,Hyperallergic,-1,-0.11282854,-0.015715627
"DOW CLASS ACTION ALERT Bragar Eagel Squire, P.C. Urgently Reminds Dow Investors of the October 28th Deadline in the Filed Class Action DOW CLASS ACTION ALERT Bragar Eagel Squire, P.C. Urgently Reminds Dow Investors of the October 28th Deadline in the Filed Class Action","DOW CLASS ACTION ALERT: Bragar Eagel & Squire, P.C. Urgently Reminds Dow Investors of the October 28th Deadline in the Filed Class Action",GlobeNewswire,0,0.5605341,-0.202144
We Will Not Surge Trump Pulls Back On Plan For Crime Ridden City We Will Not Surge Trump Pulls Back On Plan For Crime Ridden City,‘We Will Not Surge’: Trump Pulls Back On Plan For Crime-Ridden City,The Daily Caller,-1,-0.23941372,0.17662005
"Bethesda Announces Fallout 4 Anniversary Edition, Confirms Nintendo Switch 2 Version for 2026 Bethesda Announces Fallout 4 Anniversary Edition, Confirms Nintendo Switch 2 Version for 2026","Bethesda Announces Fallout 4 Anniversary Edition, Confirms Nintendo Switch 2 Version for 2026",IGN,1,0.13836901,-0.3207418
Trump says he s backing off threats to send federal troops to San Francisco Trump says he s backing off threats to send federal troops to San Francisco,Trump says he's backing off threats to send federal troops to San Francisco,NBC News,3,0.0018777768,0.33968234
The nonviolence resulted from the organizers message The nonviolence resulted from the organizers message,‘The nonviolence resulted from the organizers’ message’,The Week Magazine,-1,-0.12055581,-0.002736815
"As Blue Jay ticket prices soar, Ontario NDP looks to table legislation banning resale markups As Blue Jay ticket prices soar, Ontario NDP looks to table legislation banning resale markups","As Blue Jay ticket prices soar, Ontario NDP looks to table legislation banning resale markups",CBC News,-1,-0.07513142,0.11994479
Letitia James Launches Portal to Dox ICE Agents Letitia James Launches Portal to Dox ICE Agents,Letitia James Launches Portal to Dox ICE Agents,Freerepublic.com,-1,-0.15389967,0.0026905811
Λευκός Οίκος Ο Τραμπ θα συναντήσει την επόμενη εβδομάδα τον Σι Τζινπίνγκ Λευκός Οίκος Ο Τραμπ θα συναντήσει την επόμενη εβδομάδα τον Σι Τζινπίνγκ,Λευκός Οίκος: Ο Τραμπ θα συναντήσει την επόμενη εβδομάδα τον Σι Τζινπίνγκ,Skai.gr,-1,-0.017349357,-0.06778476
Lost Democrats find identity crisis in left vs center Amie Parnes The Hill Lost Democrats find identity crisis in left vs center Amie Parnes The Hill,Lost Democrats find identity crisis in left vs center (Amie Parnes/The Hill),Memeorandum.com,-1,0.22240616,0.4080149
"Straciłby poparcie . Trump straszył Netanjahu, Izrael zaczął procedurę Straciłby poparcie . Trump straszył Netanjahu, Izrael zaczął procedurę","""Straciłby poparcie"". Trump straszył Netanjahu, Izrael zaczął procedurę",Interia.pl,-1,-0.06500691,0.036586676
Dress Like Your Miracle Is Not Spooky Nathaniel Bassey Addresses Hallelujah Challenge Followers Dress Like Your Miracle Is Not Spooky Nathaniel Bassey Addresses Hallelujah Challenge Followers,“Dress Like Your Miracle Is Not Spooky”: Nathaniel Bassey Addresses Hallelujah Challenge Followers,Latest News in Nigeria & Breaking Naija News 24/7 | LEGIT.NG,-1,-0.13764732,0.0673992
Google Store is now selling replacement Pixel Buds and parts Google Store is now selling replacement Pixel Buds and parts,Google Store is now selling replacement Pixel Buds and parts,MobileSyrup,-1,0.10134286,-0.314663
"Trump indulta a Changpeng Zhao, fundador de la plataforma de criptomonedas Binance que fue condenado por blanqueo de dinero Trump indulta a Changpeng Zhao, fundador de la plataforma de criptomonedas Binance que fue condenado por blanqueo de dinero","Trump indulta a Changpeng Zhao, fundador de la plataforma de criptomonedas Binance que fue condenado por blanqueo de dinero",BBC News,-1,-0.04514956,-0.048891578
California Trucker accused of fatal multi car crash identified as illegal immigrant California Trucker accused of fatal multi car crash identified as illegal immigrant,California: Trucker accused of fatal multi-car crash identified as illegal immigrant,Freerepublic.com,-1,-0.19909936,0.10888682
"Curator Carla Stellweg, Visionary of Latin American Art, Dies at 83 Curator Carla Stellweg, Visionary of Latin American Art, Dies at 83","Curator Carla Stellweg, Visionary of Latin American Art, Dies at 83",Hyperallergic,-1,0.08770059,0.012395581
"People pardoned by Trump want banks to forgive their past, too People pardoned by Trump want banks to forgive their past, too","People pardoned by Trump want banks to forgive their past, too",Biztoc.com,3,-0.13468312,0.22240894
"BNB, World Liberty, Meme Coins Jump After Trump Pardons Binance Founder BNB, World Liberty, Meme Coins Jump After Trump Pardons Binance Founder","BNB, World Liberty, Meme Coins Jump After Trump Pardons Binance Founder",Decrypt,-1,0.143138,0.07905241
"LIFEMD CLASS ACTION REMINDER Bragar Eagel Squire, P.C. Urgently Reminds Investors of the October 27th Deadline in the Filed Class Action LIFEMD CLASS ACTION REMINDER Bragar Eagel Squire, P.C. Urgently Reminds Investors of the October 27th Deadline in the Filed Class Action","LIFEMD CLASS ACTION REMINDER: Bragar Eagel & Squire, P.C. Urgently Reminds Investors of the October 27th Deadline in the Filed Class Action",GlobeNewswire,0,0.55013585,-0.20366932
Times Square New Year s Eve ball might look a bit different this year. Here s why. Times Square New Year s Eve ball might look a bit different this year. Here s why.,Times Square New Year’s Eve ball might look a bit different this year. Here’s why.,The-independent.com,-1,0.029973103,0.07452848
"A Pile of Rubble After 123 Years, the East Wing Is Gone Elisabeth Bumiller New York Times A Pile of Rubble After 123 Years, the East Wing Is Gone Elisabeth Bumiller New York Times","A Pile of Rubble: After 123 Years, the East Wing Is Gone (Elisabeth Bumiller/New York Times)",Memeorandum.com,4,0.32976273,0.3669233
"Trump Demands 230 Million, Poops on Protestors, Razes White House Trump Demands 230 Million, Poops on Protestors, Razes White House","Trump Demands $230 Million, Poops on Protestors, & Razes White House",Slate Magazine,-1,0.18097714,0.35814342
Urban Meyer explains why Lincoln Riley is safe at Southern Cal Urban Meyer explains why Lincoln Riley is safe at Southern Cal,Urban Meyer explains why Lincoln Riley is 'safe' at Southern Cal,Sporting News,-1,-0.18870531,0.06768924
Prolific Kovacevic key as Celje defeat Shamrock Rovers Prolific Kovacevic key as Celje defeat Shamrock Rovers,Prolific Kovacevic key as Celje defeat Shamrock Rovers,RTE,-1,-0.13592756,-0.06380649
Updated MDNA11 Clinical Data from the ABILITY 1 Study to be Presented at the European Society for Medical Oncology ESMO Immuno Oncology Congress 2025 Updated MDNA11 Clinical Data from the ABILITY 1 Study to be Presented at the European Society for Medical Oncology ESMO Immuno Oncology Congress 2025,Updated MDNA11 Clinical Data from the ABILITY-1 Study to be Presented at the European Society for Medical Oncology (ESMO) Immuno-Oncology Congress 2025,GlobeNewswire,-1,0.3661458,-0.27367383
Willing to Do What It Takes UAW Volkswagen Workers in Chattanooga Call Strike Vote Willing to Do What It Takes UAW Volkswagen Workers in Chattanooga Call Strike Vote,'Willing to Do What It Takes': UAW Volkswagen Workers in Chattanooga Call Strike Vote,Common Dreams,-1,-0.040866602,0.16609178
"Trump pardons founder of crypto exchange Binance, who pleaded guilty to enabling money laundering Trump pardons founder of crypto exchange Binance, who pleaded guilty to enabling money laundering","Trump pardons founder of crypto exchange Binance, who pleaded guilty to enabling money laundering",CBS News,-1,0.18396623,0.14056301
Hurricane Melissa takes aim at Jamaica Hurricane Melissa takes aim at Jamaica,Hurricane Melissa takes aim at Jamaica,Biztoc.com,-1,-0.18226177,0.04799981
"DAVID BLACKMON Promises Made, Promises Kept On ANWR DAVID BLACKMON Promises Made, Promises Kept On ANWR","DAVID BLACKMON: Promises Made, Promises Kept On ANWR",The Daily Caller,-1,-0.14439987,0.055025365
MAHA s moment to prove itself The 2026 midterms MAHA s moment to prove itself The 2026 midterms,MAHA’s moment to prove itself: The 2026 midterms,Wnd.com,-1,0.10998126,-0.25531915
Bruins notebook Viktor Arvidsson breaks the ice Bruins notebook Viktor Arvidsson breaks the ice,Bruins notebook: Viktor Arvidsson breaks the ice,Boston Herald,-1,-0.15447423,-0.0135613885
Alabama football shows immense trust in Germie Bernard in win over USC Goodbread Alabama football shows immense trust in Germie Bernard in win over USC Goodbread,Alabama football shows immense trust in Germie Bernard in win over USC | Goodbread,Tuscaloosa News,3,-0.18251406,0.0034039356
Tether Projected To Hit 15 Billion Profit In 2025 Report Tether Projected To Hit 15 Billion Profit In 2025 Report,Tether Projected To Hit $15 Billion Profit In 2025 – Report,Bitcoinist,-1,0.21091656,-0.26497647
"Federal immigration agents deploy tear gas on Northwest Side streets as Chicagoans bellow, Get out of our city! Chicago Tribune Federal immigration agents deploy tear gas on Northwest Side streets as Chicagoans bellow, Get out of our city! Chicago Tribune","Federal immigration agents deploy tear gas on Northwest Side streets as Chicagoans bellow, 'Get out of our city!' (Chicago Tribune)",Memeorandum.com,4,0.22051677,0.41074535
University walks off Eaton for Class 3A softball title in another epic showdown between Patriot League rivals University walks off Eaton for Class 3A softball title in another epic showdown between Patriot League rivals,University walks-off Eaton for Class 3A softball title in another epic showdown between Patriot League rivals,The Denver Post,-1,-0.20352325,-0.017196877
Pittsburgh Panthers freshman Mason Heintschel throws for crazy passing yardage total on career day Pittsburgh Panthers freshman Mason Heintschel throws for crazy passing yardage total on career day,Pittsburgh Panthers' freshman Mason Heintschel throws for crazy passing yardage total on career day,Sporting News,3,-0.23242734,0.054620206
Gabbard details arrest of cartel baby trafficker who was selling newborn babies Gabbard details arrest of cartel baby trafficker who was selling newborn babies,Gabbard details arrest of cartel 'baby trafficker' who was selling newborn babies,Freerepublic.com,-1,-0.13888037,0.14075994
Alberta unions urge provincial government not to use notwithstanding clause in back to work legislation Alberta unions urge provincial government not to use notwithstanding clause in back to work legislation,Alberta unions urge provincial government not to use notwithstanding clause in back-to-work legislation,CBC News,-1,-0.08400287,0.08619484
Alabama football survives unexpected road test vs South Carolina Postgame grades Alabama football survives unexpected road test vs South Carolina Postgame grades,Alabama football survives unexpected road test vs South Carolina: Postgame grades,Tuscaloosa News,3,-0.23017687,-0.023289284
Sudan s fertile region where food is rotting amid famine and war Sudan s fertile region where food is rotting amid famine and war,Sudan's fertile region where food is rotting amid famine and war,BBC News,-1,-0.18732318,-0.054681577
The Only Piece of Advice People Who Want to Go to Grad School Need to Hear Right Now The Only Piece of Advice People Who Want to Go to Grad School Need to Hear Right Now,The Only Piece of Advice People Who Want to Go to Grad School Need to Hear Right Now,Slate Magazine,-1,-0.18287748,-0.068165995
"Darren Bailey s Son, Grandchildren Among Those Deceased In Tragic Helicopter Crash Darren Bailey s Son, Grandchildren Among Those Deceased In Tragic Helicopter Crash","Darren Bailey’s Son, Grandchildren Among Those Deceased In Tragic Helicopter Crash",The Daily Caller,-1,-0.1935085,0.03270048
2026 Senate Overview 2026 Senate Overview,2026 Senate Overview,Politicalwire.com,-1,0.15055871,0.06608494
Republicans Are Trying to Make Fascism Edgy and Hip Republicans Are Trying to Make Fascism Edgy and Hip,Republicans Are Trying to Make Fascism Edgy and Hip,Common Dreams,-1,-0.108860984,0.29672784
WATCH Failed Democrat Candidate Is Accused of Stealing Georgia Power Trade Secrets WATCH Failed Democrat Candidate Is Accused of Stealing Georgia Power Trade Secrets,WATCH: Failed Democrat Candidate Is Accused of Stealing Georgia Power Trade Secrets,Breitbart News,3,0.0036891291,0.3239622
Takaichi said to arrange phone call with Trump on Saturday Takaichi said to arrange phone call with Trump on Saturday,Takaichi said to arrange phone call with Trump on Saturday,Biztoc.com,-1,-0.106806494,0.2426227
"How Kristen Bell, Dax Shepard Navigate the Ebb Flow of Marriage How Kristen Bell, Dax Shepard Navigate the Ebb Flow of Marriage","How Kristen Bell, Dax Shepard Navigate the ""Ebb"" & ""Flow"" of Marriage",Eonline.com,-1,-0.038360808,0.0045746267
The Rules of Investing Just Changed Are You Ready? The Rules of Investing Just Changed Are You Ready?,The Rules of Investing Just Changed — Are You Ready?,Biztoc.com,-1,-0.098297335,-0.021455865
Telix Pharmaceuticals Limited Investigated by the Portnoy Law Firm Telix Pharmaceuticals Limited Investigated by the Portnoy Law Firm,Telix Pharmaceuticals Limited Investigated by the Portnoy Law Firm,GlobeNewswire,0,0.44753477,-0.19430442
"Functionally extinct After 10,000 years on the Florida coast, two key corals are dead Functionally extinct After 10,000 years on the Florida coast, two key corals are dead","'Functionally extinct': After 10,000 years on the Florida coast, two key corals are dead",NBC News,-1,-0.057941135,-0.013204232
How Citywest scenes are drawing the attention of far right media and influencers How Citywest scenes are drawing the attention of far right media and influencers,How Citywest scenes are drawing the attention of far-right media and influencers,TheJournal.ie,-1,0.10487384,0.24929355
Pool crunch coming for Prince George as aquatic centre set to close for 2 years Pool crunch coming for Prince George as aquatic centre set to close for 2 years,Pool crunch coming for Prince George as aquatic centre set to close for 2 years,CBC News,-1,-0.18580382,-0.08382366
PUBG maker Krafton is turning into an AI first developer PUBG maker Krafton is turning into an AI first developer,PUBG maker Krafton is turning into an ‘AI first’ developer,The Verge,1,0.13672885,-0.3846923
Selena Gomez Hits the Lights in In The Dark Music Video! Selena Gomez Hits the Lights in In The Dark Music Video!,Selena Gomez Hits the Lights in “In The Dark” Music Video!,Egotastic.com,-1,-0.13899878,-0.019997437
We re not going anywhere Texas A M HC Mike Elko s wife shuts down Penn State connection We re not going anywhere Texas A M HC Mike Elko s wife shuts down Penn State connection,'We're not going anywhere': Texas A&M HC Mike Elko's wife shuts down Penn State connection,USA Today,-1,-0.20084776,0.091866225
Amaze ball Time Square unveils fresh NYE celebration station Amaze ball Time Square unveils fresh NYE celebration station,Amaze ball: Time Square unveils fresh NYE celebration station,New York Post,-1,0.07730978,0.084689304
"How much does Clemson football GM Jordan Sorrells make? Total pay, buyout, ACC salary rank How much does Clemson football GM Jordan Sorrells make? Total pay, buyout, ACC salary rank","How much does Clemson football GM Jordan Sorrells make? Total pay, buyout, ACC salary rank",USA Today,3,-0.19470745,0.013439542
"Over 6,000 voters deleted for Rs 80 each in Aland Karnataka SIT Over 6,000 voters deleted for Rs 80 each in Aland Karnataka SIT","Over 6,000 voters deleted for Rs 80 each in Aland: Karnataka SIT",The Times of India,2,-0.2968734,-0.09554025
Florida mayor predicts substantial exodus of NYC businesses if Mamdani wins Florida mayor predicts substantial exodus of NYC businesses if Mamdani wins,Florida mayor predicts 'substantial exodus' of NYC businesses if Mamdani wins,Freerepublic.com,-1,-0.15286668,0.17830484
Hamas and rivals Fatah meet in Egypt to discuss future of Gaza Hamas and rivals Fatah meet in Egypt to discuss future of Gaza,Hamas and rivals Fatah meet in Egypt to discuss future of Gaza,TheJournal.ie,-1,-0.044025157,0.049311504
"The Adam Schiff criminal probe has stalled, sources say NBC News The Adam Schiff criminal probe has stalled, sources say NBC News","The Adam Schiff criminal probe has stalled, sources say (NBC News)",Memeorandum.com,4,0.2922054,0.34773892
Stephen A. Smith Claims Trump Plotting Revenge On Sports Leagues That Crossed Him Stephen A. Smith Claims Trump Plotting Revenge On Sports Leagues That Crossed Him,Stephen A. Smith Claims Trump Plotting Revenge On Sports Leagues That Crossed Him,The Daily Caller,3,-0.0844969,0.27974695
"Comedian Lasisi Elenu, Wife Welcome Baby Boy, Newborn s Name Leaves People Talking NSPPD Baby Comedian Lasisi Elenu, Wife Welcome Baby Boy, Newborn s Name Leaves People Talking NSPPD Baby","Comedian Lasisi Elenu, Wife Welcome Baby Boy, Newborn's Name Leaves People Talking: ""NSPPD Baby""",Latest News in Nigeria & Breaking Naija News 24/7 | LEGIT.NG,2,-0.31022534,-0.08351041
The new face of British leather how regenerative farming is reshaping fashion The new face of British leather how regenerative farming is reshaping fashion,The new face of British leather – how regenerative farming is reshaping fashion,The-independent.com,-1,0.07243676,-0.103849195
Ex CNN Analyst Warns Jasmine Crockett Could Hand Texas Senate Seat To GOP Ex CNN Analyst Warns Jasmine Crockett Could Hand Texas Senate Seat To GOP,Ex-CNN Analyst Warns Jasmine Crockett Could Hand Texas Senate Seat To GOP,The Daily Caller,-1,-0.051217154,0.360194
Johnny Depp Reportedly in Talks to Play Mean Old Man Johnny Depp Reportedly in Talks to Play Mean Old Man,Johnny Depp Reportedly in Talks to Play Mean Old Man,Vulture,-1,-0.19227573,0.0063178465
New York City Mayor Eric Adams backs Andrew Cuomo in the race to succeed him Katherine Koretski NBC News New York City Mayor Eric Adams backs Andrew Cuomo in the race to succeed him Katherine Koretski NBC News,New York City Mayor Eric Adams backs Andrew Cuomo in the race to succeed him (Katherine Koretski/NBC News),Memeorandum.com,4,0.26517436,0.40459502
New book details infighting behind Trump s obviously unqualified cabinet picks David Smith The Guardian New book details infighting behind Trump s obviously unqualified cabinet picks David Smith The Guardian,New book details infighting behind Trump's 'obviously unqualified' cabinet picks (David Smith/The Guardian),Memeorandum.com,-1,0.26544148,0.30939558
Devastating Poll Reveals How Much Americans Hate Trump s White House Teardown Leigh Kimmins The Daily Beast Devastating Poll Reveals How Much Americans Hate Trump s White House Teardown Leigh Kimmins The Daily Beast,Devastating Poll Reveals How Much Americans Hate Trump's White House Teardown (Leigh Kimmins/The Daily Beast),Memeorandum.com,4,0.3294557,0.42751473
Transgender powerlifting case ruled discrimination by MN Supreme Court Transgender powerlifting case ruled discrimination by MN Supreme Court,Transgender powerlifting case ruled discrimination by MN Supreme Court,Freerepublic.com,-1,-0.16852617,0.07280971
"Eric Adams to endorse Andrew Cuomo in NYC mayor s race today, sources say CBS News Eric Adams to endorse Andrew Cuomo in NYC mayor s race today, sources say CBS News","Eric Adams to endorse Andrew Cuomo in NYC mayor's race today, sources say - CBS News",Slashdot.org,3,0.14276455,0.40428945
Duffy warns of travel disruptions as air traffic controllers face missed paycheck Axios Duffy warns of travel disruptions as air traffic controllers face missed paycheck Axios,Duffy warns of travel disruptions as air traffic controllers face missed paycheck - Axios,Slashdot.org,-1,-0.03371952,0.21415119
Dormakaba initiated with bullish view at Deutsche Bank Dormakaba initiated with bullish view at Deutsche Bank,Dormakaba initiated with bullish view at Deutsche Bank,Thefly.com,-1,0.11912148,-0.18129171
"DC police detained man for protesting National Guard patrol with Darth Vader song, lawsuit says AP News DC police detained man for protesting National Guard patrol with Darth Vader song, lawsuit says AP News","DC police detained man for protesting National Guard patrol with Darth Vader song, lawsuit says - AP News",Slashdot.org,-1,0.07111046,0.2583177
Germany to pay US military base employees amid shutdown Germany to pay US military base employees amid shutdown,Germany to pay US military base employees amid shutdown,DW (English),-1,-0.030619355,-0.006904011
Planet Labs featured in Google Earth AI announcement Planet Labs featured in Google Earth AI announcement,Planet Labs featured in Google Earth AI announcement,Thefly.com,-1,0.23855108,-0.32239354
"Intense manhunt for Louvre suspects continues after DNA found in helmet and glove ABC News Breaking News, Latest News and Videos Intense manhunt for Louvre suspects continues after DNA found in helmet and glove ABC News Breaking News, Latest News and Videos","Intense manhunt for Louvre suspects continues after DNA found in helmet and glove - ABC News - Breaking News, Latest News and Videos",Slashdot.org,-1,0.09591826,0.23770499
"Broadway musicians reach tentative labor deal, averting a strike AP News Broadway musicians reach tentative labor deal, averting a strike AP News","Broadway musicians reach tentative labor deal, averting a strike - AP News",Slashdot.org,-1,0.12433458,0.20526226
Ex 60 Minutes producer Bill Owens says bosses discouraged him from covering Gaza and Trump Jeremy Barr The Guardian Ex 60 Minutes producer Bill Owens says bosses discouraged him from covering Gaza and Trump Jeremy Barr The Guardian,Ex-60 Minutes producer Bill Owens says bosses discouraged him from covering Gaza and Trump (Jeremy Barr/The Guardian),Memeorandum.com,-1,0.16577505,0.34363186
"Perform kar, warna bahar bitha dunga How Gautam Gambhir s stern message fired up Harshit Rana EXCLUSIVE Perform kar, warna bahar bitha dunga How Gautam Gambhir s stern message fired up Harshit Rana EXCLUSIVE","'Perform kar, warna bahar bitha dunga': How Gautam Gambhir's stern message fired up Harshit Rana | EXCLUSIVE",The Times of India,2,-0.3412631,-0.11536403
Death Row Appeal Claims Prosecutors Used Fat Shaming Evidence Unfairly Death Row Appeal Claims Prosecutors Used Fat Shaming Evidence Unfairly,Death Row Appeal Claims Prosecutors Used Fat-Shaming Evidence Unfairly,Freerepublic.com,-1,-0.16138235,0.072956845
"Oklahoma, Vanderbilt headline college football winners and losers from Week 9 Oklahoma, Vanderbilt headline college football winners and losers from Week 9","Oklahoma, Vanderbilt headline college football winners and losers from Week 9",USA Today,3,-0.19515532,0.04460563
"Gus Van Sant on His Comeback Film Dead Man s Wire , the Unintentional Movies He s Made and Why He Still Thinks About River Phoenix All the Time Gus Van Sant on His Comeback Film Dead Man s Wire , the Unintentional Movies He s Made and Why He Still Thinks About River Phoenix All the Time","Gus Van Sant on His Comeback Film ‘Dead Man’s Wire’, the Unintentional Movies He’s Made and Why He Still Thinks About River Phoenix All the Time",Variety,-1,-0.14079404,-0.059491117
"Is Secret Service chief committed to reforming DEI, woke culture? Is Secret Service chief committed to reforming DEI, woke culture?","Is Secret Service chief committed to reforming DEI, ‘woke’ culture?",Wnd.com,-1,-0.06252236,0.17689723
Vanderbilt remaining schedule Could Diego Pavia and Commodores get into the College Football Playoff? Vanderbilt remaining schedule Could Diego Pavia and Commodores get into the College Football Playoff?,Vanderbilt remaining schedule: Could Diego Pavia and Commodores get into the College Football Playoff?,Sporting News,3,-0.24790306,-0.0035655345
Cyclone Montha Crisis management group reviews preparedness Cyclone Montha Crisis management group reviews preparedness,Cyclone Montha: Crisis management group reviews preparedness,The Times of India,2,-0.24918483,-0.14366102
"VRA Investor News If You Have Suffered Losses in Vera Bradley, Inc. NASDAQ VRA , You Are Encouraged to Contact The Rosen Law Firm About Your Rights VRA Investor News If You Have Suffered Losses in Vera Bradley, Inc. NASDAQ VRA , You Are Encouraged to Contact The Rosen Law Firm About Your Rights","VRA Investor News: If You Have Suffered Losses in Vera Bradley, Inc. (NASDAQ: VRA), You Are Encouraged to Contact The Rosen Law Firm About Your Rights",GlobeNewswire,0,0.5669164,-0.13541591
"As his two sons watch and cry, Pa, te amo, federal agents arrest man outside of Naperville apartments Carolyn Stein Chicago Tribune As his two sons watch and cry, Pa, te amo, federal agents arrest man outside of Naperville apartments Carolyn Stein Chicago Tribune","As his two sons watch and cry, 'Pa, te amo,' federal agents arrest man outside of Naperville apartments (Carolyn Stein/Chicago Tribune)",Memeorandum.com,4,0.2291409,0.36955494
Surprised by leftist rhetoric? Look closer at the climate movement Surprised by leftist rhetoric? Look closer at the climate movement,Surprised by leftist rhetoric? Look closer at the climate movement,Wnd.com,-1,0.023928823,0.15154749
BREAKING Prosecutors recently told DOJ there is not enough evidence to prosecute Sen. Adam Schiff BREAKING Prosecutors recently told DOJ there is not enough evidence to prosecute Sen. Adam Schiff,BREAKING: Prosecutors recently told DOJ there is not enough evidence to prosecute Sen. Adam Schiff,Biztoc.com,-1,0.07418313,0.37795258
WATCH Ohio State head coach Ryan Day provides off week update WATCH Ohio State head coach Ryan Day provides off week update,WATCH: Ohio State head coach Ryan Day provides off week update,USA Today,3,-0.18626013,0.05861014
Scottish Singer Susan Boyle Debuts Chic New Blond Look. See the Pic Scottish Singer Susan Boyle Debuts Chic New Blond Look. See the Pic,Scottish Singer Susan Boyle Debuts Chic New Blond Look. See the Pic,TODAY,-1,-0.1195086,0.016338523
Section 8 Karim Buys a Bugatti Chiron at 23 with His Recession Proof Blueprint Section 8 Karim Buys a Bugatti Chiron at 23 with His Recession Proof Blueprint,Section 8 Karim Buys a Bugatti Chiron at 23 with His Recession-Proof Blueprint,The Daily Caller,-1,-0.047573313,0.18985203
Everything Nobody Wants This Gives Us in Season 2 Everything Nobody Wants This Gives Us in Season 2,Everything Nobody Wants This Gives Us in Season 2,Vulture,-1,-0.23067658,-0.04867929
LeBron James name surfaces in NBA mafia betting probe after private injury status allegedly leaked by former teammate LeBron James name surfaces in NBA mafia betting probe after private injury status allegedly leaked by former teammate,LeBron James’ name surfaces in NBA mafia betting probe after private injury status allegedly leaked by former teammate,The Times of India,-1,-0.25887248,-0.0658917
"Baker Hughes reports Q3 RPO of 35.3B, including record IET RPO of 32.1B Baker Hughes reports Q3 RPO of 35.3B, including record IET RPO of 32.1B","Baker Hughes reports Q3 RPO of $35.3B, including record IET RPO of $32.1B",Thefly.com,-1,0.27792343,-0.31232882
The King of Fighters AFK Celebrates the Spooky Season with Halloween Themed Fighters and New Events The King of Fighters AFK Celebrates the Spooky Season with Halloween Themed Fighters and New Events,The King of Fighters AFK Celebrates the Spooky Season with Halloween-Themed Fighters and New Events,Anime News Network,-1,-0.08495053,-0.16591573
"Bigg Boss 19 Farrhana Bhatt opens up about her strained relationship with her father says he is not a good father, my relatives threatened me for making videos Bigg Boss 19 Farrhana Bhatt opens up about her strained relationship with her father says he is not a good father, my relatives threatened me for making videos","Bigg Boss 19: Farrhana Bhatt opens up about her strained relationship with her father; says 'he is not a good father, my relatives threatened me for making videos'",The Times of India,2,-0.34007272,-0.10665111
"U.S. Sends B 1 Bombers Near Venezuela, Ramping Up Military Pressure Wall Street Journal U.S. Sends B 1 Bombers Near Venezuela, Ramping Up Military Pressure Wall Street Journal","U.S. Sends B-1 Bombers Near Venezuela, Ramping Up Military Pressure (Wall Street Journal)",Memeorandum.com,4,0.3617686,0.26047412
Pheton Holdings receives noncompliance notification from Nasdaq Pheton Holdings receives noncompliance notification from Nasdaq,Pheton Holdings receives noncompliance notification from Nasdaq,Thefly.com,0,0.543854,-0.23533253
Trump s White House ballroom sparks criticism amid shutdown Trump s White House ballroom sparks criticism amid shutdown,Trump's White House ballroom sparks criticism amid shutdown,DW (English),-1,0.10348601,0.32181185
ICE Agents Are Using Family Separation Tactics Central to US State Violence ICE Agents Are Using Family Separation Tactics Central to US State Violence,ICE Agents Are Using Family Separation Tactics Central to US State Violence,Truthout,-1,-0.07620905,0.12829211
"Intel stock jumps as Q3 earnings beat expectations, AI drives chip demand Intel stock jumps as Q3 earnings beat expectations, AI drives chip demand","Intel stock jumps as Q3 earnings beat expectations, AI drives chip demand",Yahoo Entertainment,-1,0.08330366,-0.3280303
Naked News 2025.10.23 1080p WEB x264 NGP Naked News 2025.10.23 1080p WEB x264 NGP,Naked News 2025.10.23 1080p WEB x264-NGP,Rlsbb.to,-1,0.36460942,-0.21211825
It s important to liberate Venezuela Congressional Republicans cheer Trump s offensive It s important to liberate Venezuela Congressional Republicans cheer Trump s offensive,‘It’s important to liberate Venezuela’: Congressional Republicans cheer Trump’s offensive,Biztoc.com,-1,-0.08047631,0.18209474
Good news AI assistants misrepresent the news only 45 of the time Spiffy Good news AI assistants misrepresent the news only 45 of the time Spiffy,Good news: AI assistants misrepresent the news only 45% of the time [Spiffy],Fark.com,-1,0.16207866,0.041040353
Guardian Capital Group Limited Announces Shareholder Approval of Previously Announced Plan of Arrangement Guardian Capital Group Limited Announces Shareholder Approval of Previously Announced Plan of Arrangement,Guardian Capital Group Limited Announces Shareholder Approval of Previously Announced Plan of Arrangement,GlobeNewswire,-1,0.37025535,-0.18373537
"Interior Takes Bold Steps to Expand Energy, Local Control and Land Access in Alaska U.S. Department of the Interior Interior Takes Bold Steps to Expand Energy, Local Control and Land Access in Alaska U.S. Department of the Interior","Interior Takes Bold Steps to Expand Energy, Local Control and Land Access in Alaska (U.S. Department of the Interior)",Memeorandum.com,-1,0.16028775,0.22879009
"FLY E CLASS ACTION REMINDER Bragar Eagel Squire, P.C. Reminds Investors in Fly E to Contact the Firm Before November 7th Regarding their Rights FLY E CLASS ACTION REMINDER Bragar Eagel Squire, P.C. Reminds Investors in Fly E to Contact the Firm Before November 7th Regarding their Rights","FLY-E CLASS ACTION REMINDER: Bragar Eagel & Squire, P.C. Reminds Investors in Fly-E to Contact the Firm Before November 7th Regarding their Rights",GlobeNewswire,0,0.53604835,-0.18459594
"Veterans, rural residents, older adults may lose food stamps due to Trump work requirements Veterans, rural residents, older adults may lose food stamps due to Trump work requirements","Veterans, rural residents, older adults may lose food stamps due to Trump work requirements",Boston Herald,-1,-0.12978181,0.14896402
"From rushing trains to crowd control, Railways uses real time map to manage Chhath rush From rushing trains to crowd control, Railways uses real time map to manage Chhath rush","From rushing trains to crowd control, Railways uses real-time map to manage Chhath rush",The Times of India,2,-0.30937502,-0.16864713
Ongoing government shutdown creates uncertainty for housing market in Northeast Florida Ongoing government shutdown creates uncertainty for housing market in Northeast Florida,Ongoing government shutdown creates uncertainty for housing market in Northeast Florida,Yahoo Entertainment,-1,-0.03597529,0.062549256
Lib Dems push bike bait plan to trap cycle thieves Lib Dems push bike bait plan to trap cycle thieves,Lib Dems push 'bike bait' plan to trap cycle thieves,BBC News,-1,-0.25571468,0.012014147
Watch Your Neck Leftist Student Threatens Turning Point USA Activists at U. of Arizona Watch Your Neck Leftist Student Threatens Turning Point USA Activists at U. of Arizona,'Watch Your Neck:' Leftist Student Threatens Turning Point USA Activists at U. of Arizona,Breitbart News,-1,0.06823865,0.30289698
"AWS reveals new cloud incident reporting tool, with almost zero sense of irony AWS reveals new cloud incident reporting tool, with almost zero sense of irony","AWS reveals new cloud incident reporting tool, with almost zero sense of irony",TechRadar,-1,0.08218751,-0.28214422
"Aurora sergeant shared child sex abuse material, tried to solicit a minor, affidavit says Aurora sergeant shared child sex abuse material, tried to solicit a minor, affidavit says","Aurora sergeant shared child sex abuse material, tried to solicit a minor, affidavit says",The Denver Post,-1,-0.19363514,0.0656153
Oregon Ducks WR Evan Stewart eyeing return following knee surgery Oregon Ducks WR Evan Stewart eyeing return following knee surgery,Oregon Ducks WR Evan Stewart eyeing return following knee surgery,USA Today,-1,-0.24647485,0.027147576
Report NYC Mayor Eric Adams to Endorse Andrew Cuomo for Mayor Report NYC Mayor Eric Adams to Endorse Andrew Cuomo for Mayor,Report: NYC Mayor Eric Adams to Endorse Andrew Cuomo for Mayor,Breitbart News,3,0.100492865,0.37274003
"Warmer Nordic springs double the incidence of avian malaria, long term study finds Warmer Nordic springs double the incidence of avian malaria, long term study finds","Warmer Nordic springs double the incidence of avian malaria, long-term study finds",Phys.Org,-1,-0.040331077,-0.18077478
Analysis America s 51st state? US pressure comes to bear on Israel Analysis America s 51st state? US pressure comes to bear on Israel,Analysis: America’s 51st state? US pressure comes to bear on Israel,Al Jazeera English,-1,0.0027521574,0.06771793
Sahani From set designer to GA s deputy CM choice Sahani From set designer to GA s deputy CM choice,Sahani: From set designer to GA’s deputy CM choice,The Times of India,2,-0.35025346,-0.15856467
Reba McEntire to host TV special that she s always wanted to do Reba McEntire to host TV special that she s always wanted to do,Reba McEntire to host TV special that she’s ‘always wanted to do’,The-independent.com,-1,-0.20766516,0.10731795
Exclusive Yeh Rishta Kya Kehlata Hai actress Samridhii Shukla on celebrating Diwali on set says Happiness can be found even amidst work Exclusive Yeh Rishta Kya Kehlata Hai actress Samridhii Shukla on celebrating Diwali on set says Happiness can be found even amidst work,Exclusive - Yeh Rishta Kya Kehlata Hai actress Samridhii Shukla on celebrating Diwali on set; says 'Happiness can be found even amidst work',The Times of India,2,-0.29076684,-0.12903629
Ed Orgeron makes his intentions clear before coaching carousel ramps up Ed Orgeron makes his intentions clear before coaching carousel ramps up,Ed Orgeron makes his intentions clear before coaching carousel ramps up,Sporting News,3,-0.24241707,0.023646424
"WPP rolls out WPP Open Pro, a self serve version of WPP Open, its AI powered marketing platform that helps marketers build campaigns and develop creative assets Kendra Barnett Adweek WPP rolls out WPP Open Pro, a self serve version of WPP Open, its AI powered marketing platform that helps marketers build campaigns and develop creative assets Kendra Barnett Adweek","WPP rolls out WPP Open Pro, a self-serve version of WPP Open, its AI-powered marketing platform that helps marketers build campaigns and develop creative assets (Kendra Barnett/Adweek)",Mediagazer.com,-1,0.31811756,0.039580215
"DeepSeek s new model sees text differently, opening new possibilities for enterprise AI DeepSeek s new model sees text differently, opening new possibilities for enterprise AI","DeepSeek’s new model sees text differently, opening new possibilities for enterprise AI",Fortune,1,0.14086148,-0.35822812
Johnny Depp s Big Comeback Is a Ti West Christmas Carol Movie Johnny Depp s Big Comeback Is a Ti West Christmas Carol Movie,Johnny Depp’s Big Comeback Is a Ti West ‘Christmas Carol’ Movie,Gizmodo.com,-1,-0.06789997,-0.10057716
"Peatlands huge reservoir of carbon at risk of release, researchers warn Peatlands huge reservoir of carbon at risk of release, researchers warn","Peatlands' 'huge reservoir' of carbon at risk of release, researchers warn",Phys.Org,-1,-0.1204923,-0.17635894
Nike Air Foamposite Pro College Football Pack Releasing Fall 2026 Nike Air Foamposite Pro College Football Pack Releasing Fall 2026,Nike Air Foamposite Pro “College Football” Pack Releasing Fall 2026,Sneaker News,-1,0.03669256,-0.21462439
XRP Cannot Break 2.50 While Digitap TAP Opens Apple Pay Access Globally XRP Cannot Break 2.50 While Digitap TAP Opens Apple Pay Access Globally,XRP Cannot Break $2.50 While Digitap ($TAP) Opens Apple Pay Access Globally,Ambcrypto.com,-1,0.1721881,-0.30695105
Elijah Sarratt Followed Curt Cignetti to Indiana and Became a Star in the Shadows Elijah Sarratt Followed Curt Cignetti to Indiana and Became a Star in the Shadows,Elijah Sarratt Followed Curt Cignetti to Indiana — and Became a Star in the Shadows,Fox Sports,-1,-0.14882052,0.03731512
Niagen Bioscience CFO says very conservative in how business run Niagen Bioscience CFO says very conservative in how business run,Niagen Bioscience CFO says 'very conservative' in how business run,Thefly.com,0,0.3999539,-0.18456742
BoxLunch Just Released 12 NEW Loungeflys BoxLunch Just Released 12 NEW Loungeflys,BoxLunch Just Released 12 NEW Loungeflys,disneyfoodblog.com,-1,-0.08438701,-0.21016313
Journalists Olena Hramova and Yevhen Karmazin of Ukraine s Freedom TV were killed in a Russian drone strike Thursday in Donetsk Oleksandr Kolychev was injured Tania Myronyshena The Kyiv Independent Journalists Olena Hramova and Yevhen Karmazin of Ukraine s Freedom TV were killed in a Russian drone strike Thursday in Donetsk Oleksandr Kolychev was injured Tania Myronyshena The Kyiv Independent,Journalists Olena Hramova and Yevhen Karmazin of Ukraine's Freedom TV were killed in a Russian drone strike Thursday in Donetsk; Oleksandr Kolychev was injured (Tania Myronyshena/The Kyiv Independent),Mediagazer.com,-1,0.071120776,0.102050625
"Bethesda s Fallout Day stream reveals Fallout 4 Anniversary Edition, confirms the 2015 RPG is coming to Switch 2, and no New Vegas remake, but here s a collectors bundle instead Bethesda s Fallout Day stream reveals Fallout 4 Anniversary Edition, confirms the 2015 RPG is coming to Switch 2, and no New Vegas remake, but here s a collectors bundle instead","Bethesda's Fallout Day stream reveals Fallout 4 Anniversary Edition, confirms the 2015 RPG is coming to Switch 2, and no New Vegas remake, but here's a collectors bundle instead",GamesRadar+,1,0.05156803,-0.26400518
David Seaman believes Arsenal man will be a better player once he adapts David Seaman believes Arsenal man will be a better player once he adapts,David Seaman believes Arsenal man will be a better player once he adapts,Just Arsenal News,-1,-0.12089455,-0.12990873
"Bethesda celebrates Fallout Day with a host of announcements, including a Fallout 4 Anniversary Edition and Nintendo Switch 2 Edition, a native Fallout 76 release for PS5 and Xbox Series X, and more Bethesda celebrates Fallout Day with a host of announcements, including a Fallout 4 Anniversary Edition and Nintendo Switch 2 Edition, a native Fallout 76 release for PS5 and Xbox Series X, and more","Bethesda celebrates Fallout Day with a host of announcements, including a Fallout 4 Anniversary Edition and Nintendo Switch 2 Edition, a native Fallout 76 release for PS5 and Xbox Series X, and more",TechRadar,1,0.11261107,-0.2588052
This is the largest ever galaxy cluster catalog. Could it reveal clues about the dark universe? This is the largest ever galaxy cluster catalog. Could it reveal clues about the dark universe?,This is the largest-ever galaxy cluster catalog. Could it reveal clues about the dark universe?,Space.com,-1,0.02218638,-0.2597693
Powerful NVIDIA chip launching to orbit next month to pave way for space based data centers Powerful NVIDIA chip launching to orbit next month to pave way for space based data centers,Powerful NVIDIA chip launching to orbit next month to pave way for space-based data centers,Space.com,1,0.189084,-0.36450318
"The rise and fall of Comvita, DGL falls foul of the ASX and a failed bid for Metroglass Stock Takes The rise and fall of Comvita, DGL falls foul of the ASX and a failed bid for Metroglass Stock Takes","The rise and fall of Comvita, DGL falls foul of the ASX and a failed bid for Metroglass – Stock Takes",New Zealand Herald,-1,0.28203636,-0.18105517
Shutdowns began as a way to enforce federal law. Now Trump is using it to take more power Stephen Groves Associated Press Shutdowns began as a way to enforce federal law. Now Trump is using it to take more power Stephen Groves Associated Press,Shutdowns began as a way to enforce federal law. Now Trump is using it to take more power (Stephen Groves/Associated Press),Memeorandum.com,4,0.2515562,0.37633094
"Trump heads to Asia, seeks Chinese help on Russia Ukraine war Trump heads to Asia, seeks Chinese help on Russia Ukraine war","Trump heads to Asia, seeks Chinese help on Russia-Ukraine war",UPI.com,-1,-0.10978101,0.043114934
Riding Rivian s First E Bike Riding Rivian s First E Bike,Riding Rivian’s First E-Bike,Biztoc.com,-1,-0.062018473,-0.12170725
Techlife News October 25 2025 Techlife News October 25 2025,Techlife News - October 25 2025,Rlsbb.to,-1,0.45130852,-0.14603744
"Michael B. Jordan s Miami Vice Reboot Is Eyeing Another A Lister, And I Love This Casting Choice Michael B. Jordan s Miami Vice Reboot Is Eyeing Another A Lister, And I Love This Casting Choice","Michael B. Jordan’s Miami Vice Reboot Is Eyeing Another A-Lister, And I Love This Casting Choice",CinemaBlend,-1,-0.047180317,0.008195801
Please Make It Longer Disney Fans Are Begging for This EPCOT Festival Change Please Make It Longer Disney Fans Are Begging for This EPCOT Festival Change,“Please Make It Longer” – Disney Fans Are Begging for This EPCOT Festival Change,disneyfoodblog.com,-1,-0.08620877,-0.13174236
Could your state survive a zombie apocalypse? Study ranks the safest and most dangerous US states Could your state survive a zombie apocalypse? Study ranks the safest and most dangerous US states,Could your state survive a zombie apocalypse? Study ranks the safest and most dangerous US states,The Times of India,-1,-0.18140444,-0.16684707
Webtoon Based Live Action Web Series Newbies to Premiere on October 27 Webtoon Based Live Action Web Series Newbies to Premiere on October 27,Webtoon-Based Live-Action Web Series Newbies to Premiere on October 27,Anime News Network,-1,0.06651991,-0.1470876
Hitting Home Runs is the Holy Grail Blue Jays Embracing Goliath Approach Hitting Home Runs is the Holy Grail Blue Jays Embracing Goliath Approach,'Hitting Home Runs is the Holy Grail': Blue Jays Embracing 'Goliath' Approach,Fox Sports,-1,-0.15570182,0.010081077
"ChatGPT s new browser has potential, if you re willing to pay ChatGPT s new browser has potential, if you re willing to pay","ChatGPT's new browser has potential, if you're willing to pay",BBC News,-1,-0.03659686,-0.25699446
ASEAN summit in Malaysia Who s attending and what to expect ASEAN summit in Malaysia Who s attending and what to expect,ASEAN summit in Malaysia: Who’s attending and what to expect,Al Jazeera English,-1,-0.14397746,-0.09282397
Boxing Results Fabio Wardley Stops Joseph Parker in 11th to Become WBO Mandatory for Usyk Showdown Boxing Results Fabio Wardley Stops Joseph Parker in 11th to Become WBO Mandatory for Usyk Showdown,Boxing Results: Fabio Wardley Stops Joseph Parker in 11th to Become WBO Mandatory for Usyk Showdown,Boxingnews24.com,-1,-0.1725497,-0.018894786
I lost thousands of photos when my phone crashed. Now I print them out for my daughter I lost thousands of photos when my phone crashed. Now I print them out for my daughter,I lost thousands of photos when my phone crashed. Now I print them out for my daughter,BBC News,-1,-0.1706616,-0.0107471645
My Heartbeat Starts To Go The Funny Story Behind Why Carson Daly Gets Nervous Anytime He Has To Say Leonardo DiCaprio s Name My Heartbeat Starts To Go The Funny Story Behind Why Carson Daly Gets Nervous Anytime He Has To Say Leonardo DiCaprio s Name,‘My Heartbeat Starts To Go’: The Funny Story Behind Why Carson Daly Gets Nervous Anytime He Has To Say Leonardo DiCaprio's Name,CinemaBlend,-1,-0.18114899,-0.06650632
Trump adds tariff after Canada runs Reagan ad during the World Series Trump adds tariff after Canada runs Reagan ad during the World Series,Trump adds tariff after Canada runs Reagan ad during the World Series,UPI.com,-1,-0.038719907,0.16338739
Charity boss arrest in BBC sex for aid investigation gives women strength Charity boss arrest in BBC sex for aid investigation gives women strength,Charity boss arrest in BBC sex-for-aid investigation 'gives women strength',BBC News,-1,-0.13342921,0.0088078575
"Shooting in Texas Shooting at Austin Central Library leaves 1 injured, here s what we know about the victim s condition and the suspect as probe continues Shooting in Texas Shooting at Austin Central Library leaves 1 injured, here s what we know about the victim s condition and the suspect as probe continues","Shooting in Texas: Shooting at Austin Central Library leaves 1 injured, here’s what we know about the victim’s condition and the suspect as probe continues",The Times of India,2,-0.27599618,-0.08691846
Nelly Furtado Announces She s Quitting Music Amid Vicious Body Shaming Online Nelly Furtado Announces She s Quitting Music Amid Vicious Body Shaming Online,Nelly Furtado Announces She’s Quitting Music Amid Vicious Body-Shaming Online,Boredpanda.com,-1,-0.15053733,0.021257874
"Bihar train trips inhuman Rahul 12k spl trains running, 1.5cr travelled Rlys Bihar train trips inhuman Rahul 12k spl trains running, 1.5cr travelled Rlys","Bihar train trips inhuman: Rahul; 12k spl trains running, 1.5cr travelled: Rlys",The Times of India,2,-0.289988,-0.1349632
ThinkCareBelieve Week 40 of The Trump Presidency ThinkCareBelieve Week 40 of The Trump Presidency,ThinkCareBelieve: Week 40 of The Trump Presidency,GlobeNewswire,-1,0.5609425,-0.105116665
"Trump Hits Back Despite Ontario, Caught Red Handed, Suspending 54,000,000 Anti Tariff Ad Campaign Trump Hits Back Despite Ontario, Caught Red Handed, Suspending 54,000,000 Anti Tariff Ad Campaign","Trump Hits Back Despite Ontario, Caught ‘Red Handed,’ Suspending $54,000,000 Anti-Tariff Ad Campaign",The Daily Caller,-1,-0.05811881,0.2502312
Rice dominates UConn in double overtime showdown Rice dominates UConn in double overtime showdown,Rice dominates UConn in double overtime showdown,Sporting News,3,-0.2252223,-0.016942335
Fallout New Vegas 15th Anniversary Bundle Announced on Fallout Day Here Are the Contents Fallout New Vegas 15th Anniversary Bundle Announced on Fallout Day Here Are the Contents,Fallout: New Vegas 15th Anniversary Bundle Announced on Fallout Day — Here Are the Contents,IGN,1,0.039922427,-0.2821458
The Restaurant for Power Brokers The Restaurant for Power Brokers,The Restaurant for Power Brokers,Politicalwire.com,-1,0.011689438,0.08572834
Video shows rescuers coming to aid of moose caught in shocking predicament Not an unformidable animal Video shows rescuers coming to aid of moose caught in shocking predicament Not an unformidable animal,Video shows rescuers coming to aid of moose caught in shocking predicament: 'Not an unformidable animal',Yahoo Entertainment,-1,-0.24742363,-0.05803477
Top Nigerian environmentalist sees little coming out of COP30 Top Nigerian environmentalist sees little coming out of COP30,Top Nigerian environmentalist sees little coming out of COP30,The Times of India,2,-0.16271448,-0.10624009
Exclusive Trump Endorsed Massie Challenger Ed Gallrein Massie Not a Statesman Exclusive Trump Endorsed Massie Challenger Ed Gallrein Massie Not a Statesman,Exclusive -- Trump-Endorsed Massie Challenger Ed Gallrein: Massie 'Not a Statesman',Breitbart News,-1,0.09363863,0.37210503
Steve Sarkisian reportedly interested in leaving Texas for NFL openings Steve Sarkisian reportedly interested in leaving Texas for NFL openings,Steve Sarkisian reportedly interested in leaving Texas for NFL openings,Sporting News,3,-0.20170145,0.08175681
Tributes paid to former Lincoln MP Dick Taverne Tributes paid to former Lincoln MP Dick Taverne,Tributes paid to former Lincoln MP Dick Taverne,BBC News,-1,-0.14142212,0.01449091
Company recalls 2 million pounds of barbecue pork jerky that may contain metal wire ABC News Company recalls 2 million pounds of barbecue pork jerky that may contain metal wire ABC News,Company recalls 2 million pounds of barbecue pork jerky that may contain metal wire - ABC News,Biztoc.com,-1,0.23715515,0.20502259
We Got New Juicy Details About the Obama Biden Feud Last Year We Got New Juicy Details About the Obama Biden Feud Last Year,We Got New Juicy Details About the Obama-Biden Feud Last Year,Freerepublic.com,-1,-0.09517952,0.27863494
"Indians accept mortality, yet there is this urge to cover up terminal illness Dr Ranjana Srivastava Indians accept mortality, yet there is this urge to cover up terminal illness Dr Ranjana Srivastava","Indians accept mortality, yet there is this urge to cover up terminal illness: Dr Ranjana Srivastava",The Times of India,2,-0.29872105,-0.15684131
Astronomers share largest molecular survey to date GOTHAM legacy data goes public Astronomers share largest molecular survey to date GOTHAM legacy data goes public,Astronomers share largest molecular survey to date: GOTHAM legacy data goes public,Phys.Org,-1,0.043087207,-0.1552085
"Assassin s Creed Shadows Coming To Switch 2, And Really Soon Assassin s Creed Shadows Coming To Switch 2, And Really Soon","Assassin's Creed Shadows Coming To Switch 2, And Really Soon",GameSpot,1,-0.074059084,-0.2177798
911 Nashville actor Isabelle Tate dies aged 23 just months after filming show 911 Nashville actor Isabelle Tate dies aged 23 just months after filming show,911 Nashville actor Isabelle Tate dies aged 23 just months after filming show,The-independent.com,-1,-0.20715722,0.025111474
"Democrats Reject Bipartisan Bill To Pay Troops, Essential Federal Workers During Shutdown Democrats Reject Bipartisan Bill To Pay Troops, Essential Federal Workers During Shutdown","Democrats Reject Bipartisan Bill To Pay Troops, ‘Essential’ Federal Workers During Shutdown",The Daily Caller,3,0.076343305,0.3438085
Billionaire Owner Woos Trump With Flattering TIME Cover After Meltdown Leigh Kimmins The Daily Beast Billionaire Owner Woos Trump With Flattering TIME Cover After Meltdown Leigh Kimmins The Daily Beast,Billionaire Owner Woos Trump With Flattering TIME Cover After Meltdown (Leigh Kimmins/The Daily Beast),Memeorandum.com,4,0.33096126,0.4083068
Video Find out why Impinj is trading higher today Video Find out why Impinj is trading higher today,Video: Find out why Impinj is trading higher today,Thefly.com,-1,-0.1345032,-0.21696514
Award Winning Film An Inconvenient Study Sparks Global Debate on Vaccine Safety and Chronic Disease Award Winning Film An Inconvenient Study Sparks Global Debate on Vaccine Safety and Chronic Disease,Award-Winning Film An Inconvenient Study Sparks Global Debate on Vaccine Safety and Chronic Disease,GlobeNewswire,-1,0.32903746,-0.12162466
Russia suspected of diverting NEC submarine cables for military use Russia suspected of diverting NEC submarine cables for military use,Russia suspected of diverting NEC submarine cables for military use,Japan Today,-1,-0.013720913,-0.13409893
The Week contest Shutdown spirits The Week contest Shutdown spirits,The Week contest: Shutdown spirits,The Week Magazine,-1,-0.1700044,-0.0005683504
"AU Deals Smash Hits, Dragon Hunts and Absolute Must Owns Light Up This Week s Sales AU Deals Smash Hits, Dragon Hunts and Absolute Must Owns Light Up This Week s Sales","AU Deals: Smash Hits, Dragon Hunts and Absolute Must Owns Light Up This Week’s Sales",IGN,-1,-0.017604629,-0.23470291
"Disney is alerting viewers that its networks, including ABC and ESPN, could go dark on YouTube TV if the two sides don t reach a deal by 11 59pm ET October 30 Alex Sherman CNBC Disney is alerting viewers that its networks, including ABC and ESPN, could go dark on YouTube TV if the two sides don t reach a deal by 11 59pm ET October 30 Alex Sherman CNBC","Disney is alerting viewers that its networks, including ABC and ESPN, could go dark on YouTube TV if the two sides don't reach a deal by 11:59pm ET October 30 (Alex Sherman/CNBC)",Mediagazer.com,-1,0.16158009,0.008022486
"SAVARA CLASS ACTION ALERT Bragar Eagel Squire, P.C. Urgently Reminds Investors of the November 7th Deadline in the Filed Class Action Lawsuit SAVARA CLASS ACTION ALERT Bragar Eagel Squire, P.C. Urgently Reminds Investors of the November 7th Deadline in the Filed Class Action Lawsuit","SAVARA CLASS ACTION ALERT: Bragar Eagel & Squire, P.C. Urgently Reminds Investors of the November 7th Deadline in the Filed Class Action Lawsuit",GlobeNewswire,0,0.5090457,-0.21955241
Spain Finds Remains of Man Swept Downriver in 2024 Floods Spain Finds Remains of Man Swept Downriver in 2024 Floods,Spain Finds Remains of Man Swept Downriver in 2024 Floods,Newser,-1,-0.18075518,-0.05239142
"Frank Wimberley, Artist of Controlled Accidents, Dies at 99 Frank Wimberley, Artist of Controlled Accidents, Dies at 99","Frank Wimberley, Artist of Controlled Accidents, Dies at 99",Hyperallergic,-1,-0.044560168,0.013395503
"Here s exactly when you can play The Outer Worlds 2 the release date, launch times, and Early Access for the huge Xbox Game Pass RPG is almost here Here s exactly when you can play The Outer Worlds 2 the release date, launch times, and Early Access for the huge Xbox Game Pass RPG is almost here","Here's exactly when you can play The Outer Worlds 2 — the release date, launch times, and Early Access for the huge Xbox Game Pass RPG is almost here",Windows Central,1,-0.026081087,-0.3176479
First high resolution structure of key herpes virus protein opens path to new antivirals First high resolution structure of key herpes virus protein opens path to new antivirals,First high-resolution structure of key herpes virus protein opens path to new antivirals,Phys.Org,-1,-0.0039855205,-0.22155969
Barbra Streisand Slams Latest Ridiculous Trump Move As Symbolic Of His Presidency Barbra Streisand Slams Latest Ridiculous Trump Move As Symbolic Of His Presidency,Barbra Streisand Slams Latest 'Ridiculous' Trump Move As Symbolic Of His Presidency,HuffPost,-1,-0.10108495,0.11723297
Trump says the government owes him a lot of money over federal probes. Here s how he could be paid Trump says the government owes him a lot of money over federal probes. Here s how he could be paid,Trump says the government owes him a ‘lot of money’ over federal probes. Here’s how he could be paid,PBS,3,0.009729908,0.2848283
Kaun Banega Crorepati 17 Contestant Shiva Chohan quits game at Rs 25 lakh question but correctly answers Kaun Banega Crorepati 17 Contestant Shiva Chohan quits game at Rs 25 lakh question but correctly answers,Kaun Banega Crorepati 17: Contestant Shiva Chohan quits game at Rs 25 lakh question but correctly answers,The Times of India,2,-0.3133797,-0.18130061
"Boise State vs. Nevada live stream, where to watch online, CBS Sports Network channel finder, odds Boise State vs. Nevada live stream, where to watch online, CBS Sports Network channel finder, odds","Boise State vs. Nevada live stream, where to watch online, CBS Sports Network channel finder, odds",CBS Sports,-1,-0.068091996,0.047335543
Trump Pardons Convicted Binance Founder CZ Zhao Trump Pardons Convicted Binance Founder CZ Zhao,Trump Pardons Convicted Binance Founder 'CZ' Zhao,HuffPost,-1,0.008411373,0.18442257
"Death of chess champ Daniel Naroditsky investigated as possible suicide or overdose, police say Death of chess champ Daniel Naroditsky investigated as possible suicide or overdose, police say","Death of chess champ Daniel Naroditsky investigated as possible suicide or overdose, police say",NBC News,-1,-0.17859212,0.100545496
Sabio Announces LIFE Offering of Up to 4 Million Sabio Announces LIFE Offering of Up to 4 Million,Sabio Announces LIFE Offering of Up to $4 Million,GlobeNewswire,0,0.46951926,-0.30976957
"Phillips Edison reports Q3 core EPS 65c, consensus 64c Phillips Edison reports Q3 core EPS 65c, consensus 64c","Phillips Edison reports Q3 core EPS 65c, consensus 64c",Thefly.com,-1,0.32740405,-0.29037818
"Trump Vows to End Aid If Israel Annexes West Bank, Ignoring Ongoing Annexation Trump Vows to End Aid If Israel Annexes West Bank, Ignoring Ongoing Annexation","Trump Vows to End Aid If Israel Annexes West Bank, Ignoring Ongoing Annexation",Truthout,-1,0.01709026,0.16758052
Alabama football Week 9 opponent preview South Carolina Gamecocks Alabama football Week 9 opponent preview South Carolina Gamecocks,Alabama football Week 9 opponent preview: South Carolina Gamecocks,USA Today,3,-0.18480733,0.02633454
CCTV images show last sightings of wanted asylum seeker after he was released from prison in error CCTV images show last sightings of wanted asylum seeker after he was released from prison in error,CCTV images show last sightings of wanted asylum seeker after he was released from prison in error,Sky.com,2,-0.23289925,-0.081170686
"Texas reporter links Titans, Dolphins jobs to Longhorns coach Steve Sarkisian Texas reporter links Titans, Dolphins jobs to Longhorns coach Steve Sarkisian","Texas reporter links Titans, Dolphins jobs to Longhorns coach Steve Sarkisian",Sporting News,3,-0.1587,0.104589954
Mario is Making His Way to The Macy s Thanksgiving Parade Mario is Making His Way to The Macy s Thanksgiving Parade,Mario is Making His Way to The Macy’s Thanksgiving Parade,Gizmodo.com,-1,-0.07132968,-0.041793782
"Bears vs. Ravens Where to watch NFL Week 8, betting odds, promos, score prediction with Lamar Jackson out Bears vs. Ravens Where to watch NFL Week 8, betting odds, promos, score prediction with Lamar Jackson out","Bears vs. Ravens: Where to watch NFL Week 8, betting odds, promos, score prediction with Lamar Jackson out",CBS Sports,3,-0.2120996,0.031375743
Trump to Use 130 Million Donation to Help Pay Troops Greg Jaffe New York Times Trump to Use 130 Million Donation to Help Pay Troops Greg Jaffe New York Times,Trump to Use $130 Million Donation to Help Pay Troops (Greg Jaffe/New York Times),Memeorandum.com,4,0.34627986,0.44911438
Freed Sputnik Azerbaijan Editor in Chief Belousov Arrives in Moscow Freed Sputnik Azerbaijan Editor in Chief Belousov Arrives in Moscow,Freed Sputnik Azerbaijan Editor-in-Chief Belousov Arrives in Moscow,Sputnikglobe.com,-1,0.05971391,0.024156243
"India Today November 3, 2025 India Today November 3, 2025","India Today - November 3, 2025",Rlsbb.to,-1,0.24298751,-0.1354088
Swinney happy to meet Bayoh family after inquiry team quits Swinney happy to meet Bayoh family after inquiry team quits,Swinney 'happy to meet' Bayoh family after inquiry team quits,BBC News,2,-0.32189173,-0.09254676
"Outlook November 1, 2025 Outlook November 1, 2025","Outlook - November 1, 2025",Rlsbb.to,-1,0.36854956,-0.1696097
Tim Walz Donor and Former Minneapolis Chamber CEO INDICTED on Five Counts of Bank and Wire Fraud Accused of Embezzling 200K and Stealing 30K Reward Money for Unsolved Child Murder Cases Tim Walz Donor and Former Minneapolis Chamber CEO INDICTED on Five Counts of Bank and Wire Fraud Accused of Embezzling 200K and Stealing 30K Reward Money for Unsolved Child Murder Cases,Tim Walz Donor and Former Minneapolis Chamber CEO INDICTED on Five Counts of Bank and Wire Fraud — Accused of Embezzling $200K and Stealing $30K Reward Money for Unsolved Child Murder Cases,Thegatewaypundit.com,-1,0.08755988,0.21098466
Bombay high court directs MMRCL to deposit 250cr arbitral award with registry in 8 weeks to stay its execution Bombay high court directs MMRCL to deposit 250cr arbitral award with registry in 8 weeks to stay its execution,Bombay high court directs MMRCL to deposit 250cr arbitral award with registry in 8 weeks to stay its execution,The Times of India,2,-0.19270743,-0.18842913
"The alleged 200,000 tip to Mafia that led to arrest of Terry Rozier The alleged 200,000 tip to Mafia that led to arrest of Terry Rozier","The alleged $200,000 tip to Mafia that led to arrest of Terry Rozier",New York Post,-1,-0.110977724,0.14997344
Thursday is set for highly anticipated summit between Trump and Xi Jinping Thursday is set for highly anticipated summit between Trump and Xi Jinping,Thursday is set for highly anticipated summit between Trump and Xi Jinping,Yahoo Entertainment,-1,-0.094787784,-0.013073383
"Thrift store doll dubbed Anne of Scream Gables actually sculpture by late artist, says son Thrift store doll dubbed Anne of Scream Gables actually sculpture by late artist, says son","Thrift store doll dubbed 'Anne of Scream Gables' actually sculpture by late artist, says son",CBC News,-1,-0.11036485,0.012310009
Nextracker Inc options imply 7.8 move in share price post earnings Nextracker Inc options imply 7.8 move in share price post earnings,Nextracker Inc options imply 7.8% move in share price post-earnings,Thefly.com,0,0.41361964,-0.2686247
This Is the People s House! ABC s Mary Bruce Spars With Karoline Leavitt Over East Wing Demolition for Trump Ballroom This Is the People s House! ABC s Mary Bruce Spars With Karoline Leavitt Over East Wing Demolition for Trump Ballroom,‘This Is the People’s House!’ ABC’s Mary Bruce Spars With Karoline Leavitt Over East Wing Demolition for Trump Ballroom,Mediaite,-1,0.020402098,0.27438056
Stellan Skarsgard shares innovative technology he uses to help him act after stroke Stellan Skarsgard shares innovative technology he uses to help him act after stroke,Stellan Skarsgard shares innovative technology he uses to help him act after stroke,The-independent.com,-1,-0.17558078,-0.107496776
Chess grandmaster mourned as game authorities investigate Russian rival for alleged cyberbullying Chess grandmaster mourned as game authorities investigate Russian rival for alleged cyberbullying,Chess grandmaster mourned as game authorities investigate Russian rival for alleged cyberbullying,Boston Herald,-1,-0.20960456,-0.09113976
Matchroom Wins Purse Bid as Andy Cruz Lands IBF Lightweight Title Shot vs Raymond Muratalla for Early 2026 Clash Matchroom Wins Purse Bid as Andy Cruz Lands IBF Lightweight Title Shot vs Raymond Muratalla for Early 2026 Clash,Matchroom Wins Purse Bid as Andy Cruz Lands IBF Lightweight Title Shot vs Raymond Muratalla for Early 2026 Clash,Boxingnews24.com,-1,-0.1390081,-0.08598594
"Cicadas and the science of synchrony How light, sound, and instinct guide their chorus Cicadas and the science of synchrony How light, sound, and instinct guide their chorus","Cicadas and the science of synchrony: How light, sound, and instinct guide their chorus",The Times of India,2,-0.2521502,-0.16565369
"KISS co founders Gene Simmons, Paul Stanley and Peter Criss attend Ace Frehley s private funeral KISS co founders Gene Simmons, Paul Stanley and Peter Criss attend Ace Frehley s private funeral","KISS co-founders Gene Simmons, Paul Stanley and Peter Criss attend Ace Frehley’s private funeral",New York Post,-1,0.020586457,0.050350264
"Universal Orlando Is Making It A Lot Easier To Visit Epic Universe, And Now I Think I Need To Go Back Universal Orlando Is Making It A Lot Easier To Visit Epic Universe, And Now I Think I Need To Go Back","Universal Orlando Is Making It A Lot Easier To Visit Epic Universe, And Now I Think I Need To Go Back",CinemaBlend,-1,-0.12889011,-0.13954239
A View From the Easel A View From the Easel,A View From the Easel,Hyperallergic,-1,0.032912955,-0.042045947
"Trump Russia Sanctions Already Working, China Backing Down Trump Russia Sanctions Already Working, China Backing Down","Trump Russia Sanctions Already Working, China Backing Down",Thegatewaypundit.com,-1,-0.072901934,0.06483109
"SEMLER CLASS ACTION REMINDER Bragar Eagel Squire, P.C. Urges Semler Scientific Investors to Contact the Firm Before the October 28th Deadline SEMLER CLASS ACTION REMINDER Bragar Eagel Squire, P.C. Urges Semler Scientific Investors to Contact the Firm Before the October 28th Deadline","SEMLER CLASS ACTION REMINDER: Bragar Eagel & Squire, P.C. Urges Semler Scientific Investors to Contact the Firm Before the October 28th Deadline",GlobeNewswire,0,0.52063155,-0.1768178
Scales scores as Celtic storm back to beat Sturm Graz Scales scores as Celtic storm back to beat Sturm Graz,Scales scores as Celtic storm back to beat Sturm Graz,RTE,-1,-0.18378952,-0.13244265
Trump Opens Pristine Alaska Wilderness to Drilling Trump Opens Pristine Alaska Wilderness to Drilling,Trump Opens Pristine Alaska Wilderness to Drilling,Politicalwire.com,-1,0.007877829,0.17286046
Cuomo Under Fire for Islamophobic Comments As Campaign Deletes Racist AI Ad Cuomo Under Fire for Islamophobic Comments As Campaign Deletes Racist AI Ad,Cuomo Under Fire for Islamophobic Comments As Campaign Deletes Racist AI Ad,Truthout,3,0.0396482,0.28018963
Male physiology Democrat judges claim powerlifting group s ban on men in women s events is discriminatory Male physiology Democrat judges claim powerlifting group s ban on men in women s events is discriminatory,‘Male physiology’: Democrat judges claim powerlifting group’s ban on men in women’s events is ‘discriminatory’,Wnd.com,-1,-0.18552238,0.13839984
Poll Republican Paul LePage Leads Democrat Rep. Jared Golden in Maine House Race Poll Republican Paul LePage Leads Democrat Rep. Jared Golden in Maine House Race,Poll: Republican Paul LePage Leads Democrat Rep. Jared Golden in Maine House Race,Breitbart News,3,0.076460004,0.3919044
"As 11 billion cash shortfall looms, we ask is Volkswagen cooked? As 11 billion cash shortfall looms, we ask is Volkswagen cooked?","As $11 billion cash shortfall looms, we ask: is Volkswagen cooked?",Electrek,-1,-0.013404844,-0.09107149
"The most mid Square Enix game in existence, Balan Wonderworld, shocks the nation and sells a single copy in the US this September Somebody made the conscious decision to pick up that game The most mid Square Enix game in existence, Balan Wonderworld, shocks the nation and sells a single copy in the US this September Somebody made the conscious decision to pick up that game","The most mid Square Enix game in existence, Balan Wonderworld, shocks the nation and sells a single copy in the US this September: ""Somebody made the conscious decision to pick up that game""",GamesRadar+,1,0.06811298,-0.2472953
Un American Public school teacher faces DOJ probe over unhinged threat to ICE Un American Public school teacher faces DOJ probe over unhinged threat to ICE,‘Un-American’: Public school teacher faces DOJ probe over ‘unhinged’ threat to ICE,Wnd.com,-1,-0.13856219,0.081772365
"NBA reacts to arrests of Chauncey Billups, Terry Rozier on illegal gambling charges NBA reacts to arrests of Chauncey Billups, Terry Rozier on illegal gambling charges","NBA reacts to arrests of Chauncey Billups, Terry Rozier on illegal gambling charges",CBS News,3,-0.19222696,0.14300247
"GBank Financial Holdings Inc. Announces Third Quarter 2025 Quarterly Earnings Call Scheduled for Wednesday, October 29th, at 10 00 A.M., Pacific Time GBank Financial Holdings Inc. Announces Third Quarter 2025 Quarterly Earnings Call Scheduled for Wednesday, October 29th, at 10 00 A.M., Pacific Time","GBank Financial Holdings Inc. Announces Third Quarter 2025 Quarterly Earnings Call Scheduled for Wednesday, October 29th, at 10:00 A.M., Pacific Time",GlobeNewswire,0,0.48772955,-0.18014547
Heat wave caused key part of Florida coral reef to become functionally extinct Heat wave caused key part of Florida coral reef to become functionally extinct,"Heat wave caused key part of Florida coral reef to become ""functionally extinct""",CBS News,-1,-0.14301075,-0.006630473
"Bigg Boss Malayalam 7 Aryan wins fourth ticket to finale game, Noora continues to lead the race Bigg Boss Malayalam 7 Aryan wins fourth ticket to finale game, Noora continues to lead the race","Bigg Boss Malayalam 7: Aryan wins fourth ticket to finale game, Noora continues to lead the race",The Times of India,2,-0.34235123,-0.19335625
Behind Enemy Lines Auburn vs. Arkansas preview with Curtis Wilkerson of Inside Arkansas Behind Enemy Lines Auburn vs. Arkansas preview with Curtis Wilkerson of Inside Arkansas,Behind Enemy Lines: Auburn vs. Arkansas preview with Curtis Wilkerson of Inside Arkansas,USA Today,3,-0.19848844,0.073000394
Why wellness programs fail health care Why wellness programs fail health care,Why wellness programs fail health care,Kevinmd.com,-1,-0.03487381,0.054670062
London And Tokyo Unite On The mita x Offspring x adidas ZX8000 London And Tokyo Unite On The mita x Offspring x adidas ZX8000,London And Tokyo Unite On The mita x Offspring x adidas ZX8000,Sneaker News,-1,0.078778,-0.37148347
Report exposes billions in funding for homeless industrial complex Report exposes billions in funding for homeless industrial complex,Report exposes billions in funding for ‘homeless industrial complex’,Wnd.com,-1,0.1480483,-0.01594589
2 relatives held for rape of 16 year old girl 2 relatives held for rape of 16 year old girl,2 relatives held for rape of 16-year-old girl,The Times of India,2,-0.31115922,-0.14166388
MSNBC Highlights Oct. 24 MSNBC Highlights Oct. 24,MSNBC Highlights - Oct. 24,Biztoc.com,-1,0.15360343,0.08777464
"Colorado snow lovers, rejoice A Basin opens for the season Sunday Colorado snow lovers, rejoice A Basin opens for the season Sunday","Colorado snow lovers, rejoice: A-Basin opens for the season Sunday",The Denver Post,-1,-0.17043585,0.022413887
Khanan 25 IIT Dhanbad Hosts National Techno Mining Fest Exploring Sustainable Growth and Innovation Khanan 25 IIT Dhanbad Hosts National Techno Mining Fest Exploring Sustainable Growth and Innovation,Khanan' 25: IIT Dhanbad Hosts National Techno-Mining Fest Exploring Sustainable Growth and Innovation,The Times of India,2,-0.19858359,-0.22720306
"Chatra bound bus up in flames in Mandar, close shave for passengers Chatra bound bus up in flames in Mandar, close shave for passengers","Chatra bound bus up in flames in Mandar, close shave for passengers",The Times of India,2,-0.30336106,-0.105297685
Greek singer songwriter Dionysis Savvopoulos buried in a state funeral Greek singer songwriter Dionysis Savvopoulos buried in a state funeral,Greek singer-songwriter Dionysis Savvopoulos buried in a state funeral,ABC News,-1,-0.10107065,0.020009648
Hut 8 HUT Soars 17 as Funds Flock to HPC Hut 8 HUT Soars 17 as Funds Flock to HPC,Hut 8 (HUT) Soars 17% as Funds Flock to HPC,Yahoo Entertainment,-1,-0.18158361,-0.10355327
Grindr GRND Soars 18.9 on Billion Dollar Privatization Bid Grindr GRND Soars 18.9 on Billion Dollar Privatization Bid,Grindr (GRND) Soars 18.9% on Billion-Dollar Privatization Bid,Yahoo Entertainment,-1,0.17354704,-0.18825433
Republican Minnesota gov candidate blasts Tim Walz on election integrity fraud capital of the country Republican Minnesota gov candidate blasts Tim Walz on election integrity fraud capital of the country,Republican Minnesota gov candidate blasts Tim Walz on election integrity: ‘fraud capital of the country’,New York Post,3,0.15258417,0.32917216
Korean barbecue pork jerky recalled for potential metal contamination Korean barbecue pork jerky recalled for potential metal contamination,Korean barbecue pork jerky recalled for potential metal contamination,USA Today,-1,-0.12973559,-0.055390105
BNN proposes Desa Bersinar as national anti drug program BNN proposes Desa Bersinar as national anti drug program,BNN proposes Desa Bersinar as national anti-drug program,Antaranews.com,-1,-0.049754478,-0.1696936
"Bigg Boss Malayalam 7 Nevin faces massive backlash for his behaviour towards Anumol and Shanavas, netizens say he needs to be out Bigg Boss Malayalam 7 Nevin faces massive backlash for his behaviour towards Anumol and Shanavas, netizens say he needs to be out","Bigg Boss Malayalam 7: Nevin faces massive backlash for his behaviour towards Anumol and Shanavas, netizens say he needs to be out",The Times of India,2,-0.33245382,-0.1286889
The Single Most Important AI Chart of the Decade The Single Most Important AI Chart of the Decade,The Single Most Important AI Chart of the Decade,Biztoc.com,-1,0.054715365,-0.2818608
"Donors for Trump s 300m White House ballroom include Google, Apple and Palantir The Guardian Donors for Trump s 300m White House ballroom include Google, Apple and Palantir The Guardian","Donors for Trump's $300m White House ballroom include Google, Apple and Palantir (The Guardian)",Memeorandum.com,4,0.43763575,0.29785094
"Nielsen viewership of YouTube on TVs in the US inched down from a high of 13.4 in July to 12.6 in September, but still leads other distributors Sam Gutelle Tubefilter Nielsen viewership of YouTube on TVs in the US inched down from a high of 13.4 in July to 12.6 in September, but still leads other distributors Sam Gutelle Tubefilter","Nielsen: viewership of YouTube on TVs in the US inched down from a high of 13.4% in July to 12.6% in September, but still leads other distributors (Sam Gutelle/Tubefilter)",Mediagazer.com,-1,0.2050231,-0.07938339
Going to be a dog fight Andi Jackson shares inside look at Nebraska volleyball s Big Ten streak and winning mindset Going to be a dog fight Andi Jackson shares inside look at Nebraska volleyball s Big Ten streak and winning mindset,“Going to be a dog fight”: Andi Jackson shares inside look at Nebraska volleyball’s Big Ten streak and winning mindset,The Times of India,3,-0.29758704,-0.043827027
Ford is halting F 150 Lightning production to focus on more profitable gas and hybrid trucks Ford is halting F 150 Lightning production to focus on more profitable gas and hybrid trucks,Ford is halting F-150 Lightning production to focus on more profitable gas and hybrid trucks,Electrek,-1,0.051434655,-0.118674554
Imperial Reports Production for 2025 Third Quarter at Red Chris Mine Imperial Reports Production for 2025 Third Quarter at Red Chris Mine,Imperial Reports Production for 2025 Third Quarter at Red Chris Mine,GlobeNewswire,0,0.38915476,-0.27867615
Democrats grapple with concerns about Black voter turnout in New Jersey Democrats grapple with concerns about Black voter turnout in New Jersey,Democrats grapple with concerns about Black voter turnout in New Jersey,NBC News,-1,0.018002488,0.3007448
MercadoLibre Takes on Amazon Brazil With Casas Bahia Pact MercadoLibre Takes on Amazon Brazil With Casas Bahia Pact,MercadoLibre Takes on Amazon Brazil With Casas Bahia Pact,Biztoc.com,-1,0.07716923,-0.20166661
The Birmingham Barons are adding another Hall of Famer to their roster soon News The Birmingham Barons are adding another Hall of Famer to their roster soon News,The Birmingham Barons are adding another Hall of Famer to their roster soon [News],Fark.com,-1,-0.09576105,-0.00942667
Portland Trail Blazers coach Chauncey Billups and Miami Heat player Terry Rozier arrested BBC Portland Trail Blazers coach Chauncey Billups and Miami Heat player Terry Rozier arrested BBC,Portland Trail Blazers coach Chauncey Billups and Miami Heat player Terry Rozier arrested - BBC,Slashdot.org,-1,-0.07014495,0.13812874
"With championships in her bloodline, Columbine shortstop Liv Keiter leads Rebels into Class 5A state tournament With championships in her bloodline, Columbine shortstop Liv Keiter leads Rebels into Class 5A state tournament","With championships in her bloodline, Columbine shortstop Liv Keiter leads Rebels into Class 5A state tournament",The Denver Post,-1,-0.19353187,-0.019641863
"Fortnite Will Add Moe From The Simpsons In Next Major Update, It Seems Fortnite Will Add Moe From The Simpsons In Next Major Update, It Seems","Fortnite Will Add Moe From The Simpsons In Next Major Update, It Seems",GameSpot,-1,-0.027521126,-0.18917109
"Nearly 1 in 5 urinary tract infections linked to contaminated meat, study finds Nearly 1 in 5 urinary tract infections linked to contaminated meat, study finds","Nearly 1 in 5 urinary tract infections linked to contaminated meat, study finds",CBS News,-1,-0.049826156,-0.058334015
Trump calls off surge in San Francisco Jeremy B. White Politico Trump calls off surge in San Francisco Jeremy B. White Politico,Trump calls off 'surge' in San Francisco (Jeremy B. White/Politico),Memeorandum.com,4,0.3937597,0.45486093
Pelosi Says Police May Arrest Federal Agents Who Violate California Law New York Times Pelosi Says Police May Arrest Federal Agents Who Violate California Law New York Times,Pelosi Says Police May Arrest Federal Agents Who Violate California Law (New York Times),Memeorandum.com,4,0.3582561,0.4003355
Is the Recent Glass Innovation Surge Justifying Corning s 87 Share Price Gain in 2025? Is the Recent Glass Innovation Surge Justifying Corning s 87 Share Price Gain in 2025?,Is the Recent Glass Innovation Surge Justifying Corning’s 87% Share Price Gain in 2025?,Yahoo Entertainment,0,0.33717984,-0.1119482
"Jennifer Aniston Gives Gwyneth Paltrow Her Flowers, Says There s One Reason She Thrives So Well In Hollywood Jennifer Aniston Gives Gwyneth Paltrow Her Flowers, Says There s One Reason She Thrives So Well In Hollywood","Jennifer Aniston Gives Gwyneth Paltrow Her Flowers, Says There's One Reason She Thrives So Well In Hollywood",CinemaBlend,-1,-0.10174781,0.025370447
Is Hims Hers Health Still a Smart Opportunity After 124 Stock Surge in 2025? Is Hims Hers Health Still a Smart Opportunity After 124 Stock Surge in 2025?,Is Hims & Hers Health Still a Smart Opportunity After 124% Stock Surge in 2025?,Yahoo Entertainment,-1,0.103697725,-0.08700794
"Bad Irish Won t Vote for Establishment Candidate Slates They Spoil Votes , Should Be Thrown Off Relief Welfare Bad Irish Won t Vote for Establishment Candidate Slates They Spoil Votes , Should Be Thrown Off Relief Welfare","""Bad"" Irish Won't Vote for Establishment Candidate Slates (They ""Spoil Votes""), Should Be Thrown Off Relief (Welfare)",Freerepublic.com,-1,-0.21850942,0.078250036
Ohio judge could face further consequences over Charlie Kirk comments Ohio judge could face further consequences over Charlie Kirk comments,Ohio judge could face further consequences over Charlie Kirk comments,Wnd.com,-1,-0.24590242,0.13106595
"Disgraced Prince Andrew Offered an Arabian Palace to Live in Luxury in Abu Dhabi, Away from the Mounting Pressures in the UK Over His Endless Scandals Disgraced Prince Andrew Offered an Arabian Palace to Live in Luxury in Abu Dhabi, Away from the Mounting Pressures in the UK Over His Endless Scandals","Disgraced Prince Andrew Offered an Arabian Palace to Live in Luxury in Abu Dhabi, Away from the Mounting Pressures in the UK Over His Endless Scandals",Freerepublic.com,-1,-0.07171748,0.06573558
Te Kamo butcher Omak Meats wins silver at National Sausage Competition Te Kamo butcher Omak Meats wins silver at National Sausage Competition,Te Kamo butcher Omak Meats wins silver at National Sausage Competition,New Zealand Herald,-1,-0.13225886,-0.044538837
Inside Prince Andrew and Ex Wife Sarah Ferguson s Unusual Relationship Inside Prince Andrew and Ex Wife Sarah Ferguson s Unusual Relationship,Inside Prince Andrew and Ex-Wife Sarah Ferguson's Unusual Relationship,Eonline.com,-1,-0.17214526,0.07574207
Heavy is the teacher s burden Heavy is the teacher s burden,Heavy is the teacher’s burden,The Star Online,-1,-0.1983361,-0.07224795
Official sign language interpreter to make history Official sign language interpreter to make history,Official sign language interpreter to make history,The Star Online,-1,-0.104782775,-0.021628812
"OP Bancorp reports Q3 EPS 45c, two estimates 44c OP Bancorp reports Q3 EPS 45c, two estimates 44c","OP Bancorp reports Q3 EPS 45c, two estimates 44c",Thefly.com,0,0.36227384,-0.215666
"BayCom reports Q3 EPS 46c, consensus 52c BayCom reports Q3 EPS 46c, consensus 52c","BayCom reports Q3 EPS 46c, consensus 52c",Thefly.com,-1,0.2711663,-0.24744116
Vans Old Skool 36 Hot Streak Heads To ComplexCon With Two Pearlized Pairs Vans Old Skool 36 Hot Streak Heads To ComplexCon With Two Pearlized Pairs,Vans’ Old Skool 36 Hot Streak Heads To ComplexCon With Two “Pearlized” Pairs,Sneaker News,-1,0.017664833,-0.2691747
"Mohawk Industries reports Q3 adjusted EPS 2.67, consensus 2.64 Mohawk Industries reports Q3 adjusted EPS 2.67, consensus 2.64","Mohawk Industries reports Q3 adjusted EPS $2.67, consensus $2.64",Thefly.com,-1,0.20415239,-0.12132477
"Hunter Biden blasts irrelevant Jake Tapper, suggests CNN anchor used ChatGPT to write book Poor journalism Hunter Biden blasts irrelevant Jake Tapper, suggests CNN anchor used ChatGPT to write book Poor journalism","Hunter Biden blasts ‘irrelevant’ Jake Tapper, suggests CNN anchor used ChatGPT to write book: ‘Poor journalism’",New York Post,-1,0.040732898,0.2970421
Alberta teen faces new charges after terrorism peace bond for alleged online extremism ties Alberta teen faces new charges after terrorism peace bond for alleged online extremism ties,Alberta teen faces new charges after terrorism peace bond for alleged online extremism ties,CBC News,-1,-0.10240203,0.05453861
Newsom Roasts Trump Suck Ups With a New Line of MAGA Kneepads Leigh Kimmins The Daily Beast Newsom Roasts Trump Suck Ups With a New Line of MAGA Kneepads Leigh Kimmins The Daily Beast,Newsom Roasts Trump Suck-Ups With a New Line of MAGA Kneepads (Leigh Kimmins/The Daily Beast),Memeorandum.com,4,0.3421095,0.37774435
Dime Community Bancshares Declares Quarterly Cash Dividend for Series A Preferred Stock Dime Community Bancshares Declares Quarterly Cash Dividend for Series A Preferred Stock,Dime Community Bancshares Declares Quarterly Cash Dividend for Series A Preferred Stock,GlobeNewswire,0,0.44469184,-0.19275035
"HOME FEDERAL BANCORP, INC. OF LOUISIANA REPORTS RESULTS OF OPERATIONS FOR THE THREE MONTHS ENDED SEPTEMBER 30, 2025 HOME FEDERAL BANCORP, INC. OF LOUISIANA REPORTS RESULTS OF OPERATIONS FOR THE THREE MONTHS ENDED SEPTEMBER 30, 2025","HOME FEDERAL BANCORP, INC. OF LOUISIANA REPORTS RESULTS OF OPERATIONS FOR THE THREE MONTHS ENDED SEPTEMBER 30, 2025",GlobeNewswire,0,0.43566504,-0.15521735
Outer Banks Final Season Filming Moves to Croatia as Production Nears Completion Outer Banks Final Season Filming Moves to Croatia as Production Nears Completion,‘Outer Banks’ Final Season Filming Moves to Croatia as Production Nears Completion,What's on Netflix,-1,-0.12615205,-0.123002805
Avidia Bancorp reports Q3 EPS 5c Avidia Bancorp reports Q3 EPS 5c,Avidia Bancorp reports Q3 EPS (5c),Thefly.com,0,0.40540317,-0.30690053
Google is turning on the gas for its data centers Google is turning on the gas for its data centers,Google is turning on the gas for its data centers,The Verge,-1,0.32220575,-0.1551637
Toys R Us Canada affected by data breach hitting personal data Toys R Us Canada affected by data breach hitting personal data,Toys “R” Us Canada affected by data breach hitting personal data,MobileSyrup,-1,-0.14199552,-0.0986458
Sintx Technologies files to sell 1.74M shares of common stock for holders Sintx Technologies files to sell 1.74M shares of common stock for holders,Sintx Technologies files to sell 1.74M shares of common stock for holders,Thefly.com,-1,0.2904156,-0.3278129
House Democrats request details on White House ballroom from President Trump Arden Farhi CBS News House Democrats request details on White House ballroom from President Trump Arden Farhi CBS News,House Democrats request details on White House ballroom from President Trump (Arden Farhi/CBS News),Memeorandum.com,4,0.28589272,0.3584733
Zohran Mamdani Boasts Free NYC Bus Plan Would Cost 700 Million a Year Zohran Mamdani Boasts Free NYC Bus Plan Would Cost 700 Million a Year,Zohran Mamdani Boasts ‘Free’ NYC Bus Plan Would Cost $700 Million a Year,Breitbart News,-1,0.025826333,0.26043233
"Earnings live Intel stock surges, Ford rises after hours, Deckers drops Earnings live Intel stock surges, Ford rises after hours, Deckers drops","Earnings live: Intel stock surges, Ford rises after-hours, Deckers drops",Yahoo Entertainment,-1,0.13839665,-0.17281598
Infrared Sauna Research Advances UCSF Clinical Trial Publishes Data Showing Feasibility and Promising Symptom Reduction in Depression Treatment Infrared Sauna Research Advances UCSF Clinical Trial Publishes Data Showing Feasibility and Promising Symptom Reduction in Depression Treatment,Infrared Sauna Research Advances: UCSF Clinical Trial Publishes Data Showing Feasibility and Promising Symptom Reduction in Depression Treatment,GlobeNewswire,0,0.32918796,-0.20376286
Trump Pardons Ex Binance CEO as Crypto Use Grows Trump Pardons Ex Binance CEO as Crypto Use Grows,Trump Pardons Ex-Binance CEO as Crypto Use Grows,pymnts.com,-1,0.17629002,0.056551836
Trump Pardons Ex Binance CEO as Crypto Wealth Grows Trump Pardons Ex Binance CEO as Crypto Wealth Grows,Trump Pardons Ex-Binance CEO as Crypto Wealth Grows,pymnts.com,-1,0.2617436,0.09530345
Game on Jack Smith offers to testify in public hearing over his investigation into Donald Trump Game on Jack Smith offers to testify in public hearing over his investigation into Donald Trump,‘Game on’: Jack Smith offers to testify in public hearing over his investigation into Donald Trump,Biztoc.com,-1,0.04339287,-0.006821349
Coca Cola to Sell Cane Sugar Coke After Trump Said It s Just Better Coca Cola to Sell Cane Sugar Coke After Trump Said It s Just Better,Coca-Cola to Sell Cane Sugar Coke After Trump Said 'It's Just Better',Breitbart News,3,-0.021094348,0.2777219
Crunchyroll Launches on Delta Air Lines This Month Crunchyroll Launches on Delta Air Lines This Month,Crunchyroll Launches on Delta Air Lines This Month,Anime News Network,-1,0.18667257,-0.15772432
Wizards of the Coast Is Bringing the Original Creators of Dragonlance Back Wizards of the Coast Is Bringing the Original Creators of Dragonlance Back,Wizards of the Coast Is Bringing the Original Creators of ‘Dragonlance’ Back,Gizmodo.com,-1,0.064321086,-0.20393156
Reebok Celebrates Allen Iverson Documentary With The Engine A And Answer III Reebok Celebrates Allen Iverson Documentary With The Engine A And Answer III,Reebok Celebrates Allen Iverson Documentary With The Engine A And Answer III,Sneaker News,-1,0.10576762,-0.2084407
Trump Backs Off Invading San Francisco After Talk With Nvidia and Salesforce CEOs Trump Backs Off Invading San Francisco After Talk With Nvidia and Salesforce CEOs,Trump Backs Off Invading San Francisco After Talk With Nvidia and Salesforce CEOs,Gizmodo.com,1,0.14063884,-0.1462069
REVIEW NEW Menu Items Debut at Chef Art Smith s Homecomin in Disney Springs REVIEW NEW Menu Items Debut at Chef Art Smith s Homecomin in Disney Springs,REVIEW: NEW Menu Items Debut at Chef Art Smith’s Homecomin’ in Disney Springs,disneyfoodblog.com,-1,0.14977676,-0.06688896
"Denver CEO sues following ban from Colorado Golf Club, claims it cost business deal Denver CEO sues following ban from Colorado Golf Club, claims it cost business deal","Denver CEO sues following ban from Colorado Golf Club, claims it cost business deal",The Denver Post,-1,-0.053652264,0.032473486
Jay Cutler DUI arrest video surfaces former quarterback caught lying about drinking and tensions emerge Jay Cutler DUI arrest video surfaces former quarterback caught lying about drinking and tensions emerge,Jay Cutler DUI arrest video surfaces former quarterback caught lying about drinking and tensions emerge,The Times of India,-1,-0.3483081,-9.9176264e-05
Stephen Miller Literally Tells Trump This Country Was Going to Die Without You Stephen Miller Literally Tells Trump This Country Was Going to Die Without You,Stephen Miller Literally Tells Trump ‘This Country Was Going to Die Without You’,Mediaite,-1,-0.10362227,0.25791818
Who s paying for Trump s 300 million ballroom? Who s paying for Trump s 300 million ballroom?,Who’s paying for Trump’s $300 million ballroom?,PBS,-1,0.0017343899,0.18607709
Denver real estate firms launch joint venture with 8.5M loan for Vail residential site Denver real estate firms launch joint venture with 8.5M loan for Vail residential site,Denver real estate firms launch joint venture with $8.5M loan for Vail residential site,The Denver Post,-1,0.15787697,-0.06773573
Developer Shea Properties looks to bring Cherry Creek sizzle to Denver Tech Center Developer Shea Properties looks to bring Cherry Creek sizzle to Denver Tech Center,Developer Shea Properties looks to bring ‘Cherry Creek sizzle’ to Denver Tech Center,The Denver Post,-1,0.13730969,-0.08817723
Arsenal star is close to Premier League suspension ahead of weekend game Arsenal star is close to Premier League suspension ahead of weekend game,Arsenal star is close to Premier League suspension ahead of weekend game,Just Arsenal News,-1,-0.14423463,-0.12905668
"Securities Fraud Investigation Into Western Alliance Bancorporation WAL Continues Investors Who Lost Money Urged To Contact Glancy Prongay Murray LLP, a Leading Securities Fraud Law Firm Securities Fraud Investigation Into Western Alliance Bancorporation WAL Continues Investors Who Lost Money Urged To Contact Glancy Prongay Murray LLP, a Leading Securities Fraud Law Firm","Securities Fraud Investigation Into Western Alliance Bancorporation (WAL) Continues – Investors Who Lost Money Urged To Contact Glancy Prongay & Murray LLP, a Leading Securities Fraud Law Firm",GlobeNewswire,0,0.4892344,-0.06795813
A faint glow in the Milky Way could be a dark matter footprint A faint glow in the Milky Way could be a dark matter footprint,A faint glow in the Milky Way could be a dark matter footprint,Space.com,-1,0.057385158,-0.2176052
"Disney Warns That YouTube TV Could Drop ABC, ESPN and More Networks in Fee Dispute Disney Warns That YouTube TV Could Drop ABC, ESPN and More Networks in Fee Dispute","Disney Warns That YouTube TV Could Drop ABC, ESPN and More Networks in Fee Dispute",Variety,-1,0.024233202,-0.046106305
"Taylor Swift, LL Cool J, Kenny Loggins and David Byrne are among Songwriters Hall of Fame nominees Taylor Swift, LL Cool J, Kenny Loggins and David Byrne are among Songwriters Hall of Fame nominees","Taylor Swift, LL Cool J, Kenny Loggins and David Byrne are among Songwriters Hall of Fame nominees",Boston Herald,-1,-0.08585064,0.019277258
PM implores school trust to install field ramp PM implores school trust to install field ramp,PM 'implores' school trust to install field ramp,BBC News,2,-0.28877875,-0.12831162
"Ukraine says Russia returned 1,000 bodies Ukraine says Russia returned 1,000 bodies","Ukraine says Russia returned 1,000 bodies",The Times of India,-1,-0.18337683,-0.02631641
3 federal officers injured after man rams car to evade arrest in San Diego ICE 3 federal officers injured after man rams car to evade arrest in San Diego ICE,3 federal officers injured after man rams car to evade arrest in San Diego: ICE,ABC News,-1,-0.2116841,0.05696556
Dem Appointed Judges Rule Powerlifting Org s Ban On Men In Women s Events Discriminatory Dem Appointed Judges Rule Powerlifting Org s Ban On Men In Women s Events Discriminatory,Dem-Appointed Judges Rule Powerlifting Org’s Ban On Men In Women’s Events ‘Discriminatory’,The Daily Caller,-1,-0.079525374,0.28774562
"The East Wing could fully be demolished soon, as preservationists urge caution The East Wing could fully be demolished soon, as preservationists urge caution","The East Wing could fully be demolished soon, as preservationists urge caution",NPR,-1,-0.04174466,0.09996713
N.L. spent 755K on process that culminated in criticized Education Accord N.L. spent 755K on process that culminated in criticized Education Accord,N.L. spent $755K on process that culminated in criticized Education Accord,CBC News,-1,0.06822659,-0.032252554
Żarty się skończyły. Rosja zakupiła Kalibry z bronią jądrową Żarty się skończyły. Rosja zakupiła Kalibry z bronią jądrową,Żarty się skończyły. Rosja zakupiła Kalibry z bronią jądrową,Interia.pl,-1,-0.029839335,-0.055405106
Exclusive Trump Endorsed Ed Gallrein Thomas Massie a Roadblock to the Agenda Americans Voted For Exclusive Trump Endorsed Ed Gallrein Thomas Massie a Roadblock to the Agenda Americans Voted For,Exclusive — Trump-Endorsed Ed Gallrein: Thomas Massie a 'Roadblock' to the Agenda Americans Voted For,Breitbart News,3,0.13572872,0.34917784
FBI and Local Cops Team Up to Crush Philadelphia Open Air Drug Market FBI and Local Cops Team Up to Crush Philadelphia Open Air Drug Market,FBI and Local Cops Team Up to Crush Philadelphia 'Open-Air' Drug Market,Breitbart News,-1,-0.114295185,0.1357487
WATCH Zohran Mamdani Claims Aunt Was Victim of 9 11 Because She Feared Wearing Hijab on NYC Subway WATCH Zohran Mamdani Claims Aunt Was Victim of 9 11 Because She Feared Wearing Hijab on NYC Subway,WATCH: Zohran Mamdani Claims Aunt Was Victim of 9/11 Because She Feared Wearing Hijab on NYC Subway,Breitbart News,-1,-0.07991565,0.24965964
"Isn t Supposed To Be Hot Johnny Depp s New Movie Role Faces Backlash, Branded Shameful By Critics Isn t Supposed To Be Hot Johnny Depp s New Movie Role Faces Backlash, Branded Shameful By Critics","“Isn’t Supposed To Be Hot”: Johnny Depp’s New Movie Role Faces Backlash, Branded “Shameful” By Critics",Boredpanda.com,-1,-0.18725763,-0.05238148
Trump Says It s Fake News That He ll Name Ballroom After Himself Trump Says It s Fake News That He ll Name Ballroom After Himself,Trump Says It's 'Fake News' That He'll Name Ballroom After Himself,HuffPost,3,-0.122940265,0.2286593
"Philadelphia, the Birthplace of the USA, to celebrate nation s 250th anniversary Philadelphia, the Birthplace of the USA, to celebrate nation s 250th anniversary","Philadelphia, the Birthplace of the USA, to celebrate nation's 250th anniversary",The Times of India,-1,-0.074174136,-0.019324673
A House of Dynamite debuts on Netflix to mixed reactions as viewers fume over ending A House of Dynamite debuts on Netflix to mixed reactions as viewers fume over ending,A House of Dynamite debuts on Netflix to mixed reactions as viewers fume over ending,The-independent.com,-1,-0.016685745,-0.10326808
NBA gambling scandal update Former league referee s chilling warning hints at deeper storm brewing behind the latest controversy NBA gambling scandal update Former league referee s chilling warning hints at deeper storm brewing behind the latest controversy,NBA gambling scandal update: Former league referee’s chilling warning hints at deeper storm brewing behind the latest controversy,The Times of India,-1,-0.16813236,-0.021401312
"State of Local News report in the past four years, monthly pageviews at the 100 largest newspapers fell by 45 , and only 11 experienced any readership growth Sophie Culpepper Nieman Lab State of Local News report in the past four years, monthly pageviews at the 100 largest newspapers fell by 45 , and only 11 experienced any readership growth Sophie Culpepper Nieman Lab","State of Local News report: in the past four years, monthly pageviews at the 100 largest newspapers fell by 45%+, and only 11 experienced any readership growth (Sophie Culpepper/Nieman Lab)",Mediagazer.com,-1,0.32099557,0.056848995
Anti abortion pregnancy centers are looking to offer much more than ultrasounds and diapers Associated Press Anti abortion pregnancy centers are looking to offer much more than ultrasounds and diapers Associated Press,Anti-abortion pregnancy centers are looking to offer much more than ultrasounds and diapers (Associated Press),Memeorandum.com,4,0.3363084,0.27880472
Top Democrats demand details of spy agencies role in boat strikes Washington Post Top Democrats demand details of spy agencies role in boat strikes Washington Post,Top Democrats demand details of spy agencies' role in boat strikes (Washington Post),Memeorandum.com,4,0.33022916,0.42005727
US s Caribbean Buildup War on Drugs or Monroe Doctrine 2.0? US s Caribbean Buildup War on Drugs or Monroe Doctrine 2.0?,US’s Caribbean Buildup: War on Drugs or Monroe Doctrine 2.0?,Sputnikglobe.com,-1,0.08014745,0.037847564
Ole Miss Lane Kiffin reveals what he told his players about the Florida job Ole Miss Lane Kiffin reveals what he told his players about the Florida job,Ole Miss' Lane Kiffin reveals what he told his players about the Florida job,Sporting News,3,-0.23431945,0.0795122
"Microdrama platforms borrow aggressive, user hostile monetization and retention tactics from free to play mobile gaming to fuel in app purchases and ad revenue Janko Roettgers The Verge Microdrama platforms borrow aggressive, user hostile monetization and retention tactics from free to play mobile gaming to fuel in app purchases and ad revenue Janko Roettgers The Verge","Microdrama platforms borrow aggressive, user-hostile monetization and retention tactics from free-to-play mobile gaming to fuel in-app purchases and ad revenue (Janko Roettgers/The Verge)",Mediagazer.com,-1,0.29939148,-0.082929865
Trump backs off planned surge of federal agents into San Francisco after talking to the mayor Associated Press Trump backs off planned surge of federal agents into San Francisco after talking to the mayor Associated Press,Trump backs off planned surge of federal agents into San Francisco after talking to the mayor (Associated Press),Memeorandum.com,4,0.23807868,0.39136317
A lot of Dems are showing up in New Jersey and Virginia. But a few are missing. Politico A lot of Dems are showing up in New Jersey and Virginia. But a few are missing. Politico,A lot of Dems are showing up in New Jersey and Virginia. But a few are missing. (Politico),Memeorandum.com,4,0.2925983,0.43697733
"Jeffries Teases New York Mayoral Endorsement, Praises Mamdani on NYPD Bloomberg Jeffries Teases New York Mayoral Endorsement, Praises Mamdani on NYPD Bloomberg","Jeffries Teases New York Mayoral Endorsement, Praises Mamdani on NYPD (Bloomberg)",Memeorandum.com,4,0.21180394,0.40907094
NBA places Portland Trail Blazers head coach Chauncey Billups and Miami Heat s star Terry Rozier on immediate leave NBA places Portland Trail Blazers head coach Chauncey Billups and Miami Heat s star Terry Rozier on immediate leave,NBA places Portland Trail Blazers’ head coach Chauncey Billups and Miami Heat’s star Terry Rozier on immediate leave,The Times of India,-1,-0.15313858,0.029018413
Breaking Point Teachers Beg For Help As Post Pandemic Classroom Violence Spirals Breaking Point Teachers Beg For Help As Post Pandemic Classroom Violence Spirals,‘Breaking Point’: Teachers Beg For Help As Post-Pandemic Classroom Violence Spirals,The Daily Caller,-1,-0.10561032,0.11243939
Flower markets in full bloom ahead of polls Flower markets in full bloom ahead of polls,Flower markets in full bloom ahead of polls,The Times of India,2,-0.24290864,-0.047019605
PWD battles traffic blues to finish flyover work on time PWD battles traffic blues to finish flyover work on time,PWD battles traffic blues to finish flyover work on time,The Times of India,2,-0.29770985,-0.14308813
"National Conference gets Congress full backing, PDP s conditional support for Rajya Sabha vote today National Conference gets Congress full backing, PDP s conditional support for Rajya Sabha vote today","National Conference gets Congress' full backing, PDP's conditional support for Rajya Sabha vote today",The Times of India,2,-0.26248622,-0.05628212
No Bull? Bitcoiners Pay Tribute to Apex Predator of Money With Shark Satutue No Bull? Bitcoiners Pay Tribute to Apex Predator of Money With Shark Satutue,No Bull? Bitcoiners Pay Tribute to ‘Apex Predator of Money’ With Shark Satutue,Decrypt,2,-0.20097616,-0.12577266
"Michigan State, Michigan football release availability reports ahead of rivalry matchup Michigan State, Michigan football release availability reports ahead of rivalry matchup","Michigan State, Michigan football release availability reports ahead of rivalry matchup",USA Today,3,-0.18770905,-0.03593416
Gas powered cars would have crushed EVs in the 80s and 90s Gas powered cars would have crushed EVs in the 80s and 90s,Gas-powered cars would have crushed EVs in the ’80s and ’90s,Wnd.com,-1,-0.18580088,-0.12131701
Flight Readiness Achieved for CarbSAR Mission With SSTL and Oxford Space Systems Flight Readiness Achieved for CarbSAR Mission With SSTL and Oxford Space Systems,Flight Readiness Achieved for CarbSAR Mission With SSTL and Oxford Space Systems,Space Daily,-1,0.1778815,-0.35756382
China set to launch Shenzhou XXI crewed mission China set to launch Shenzhou XXI crewed mission,China set to launch Shenzhou XXI crewed mission,Space Daily,-1,0.04222143,-0.29673222
Long March 5 rocket achieves breakthrough as tallest launch vehicle in Chinese space history Long March 5 rocket achieves breakthrough as tallest launch vehicle in Chinese space history,Long March 5 rocket achieves breakthrough as tallest launch vehicle in Chinese space history,Space Daily,-1,0.040608853,-0.31780607
Trump Qatar is readying peacekeepers for Gaza Trump Qatar is readying peacekeepers for Gaza,Trump: Qatar is readying peacekeepers for Gaza,Spacewar.com,-1,-0.05275145,0.030210992
Dutch say takeover of chipmaker Nexperia not against China Dutch say takeover of chipmaker Nexperia not against China,Dutch say takeover of chipmaker Nexperia 'not against China',Space Daily,-1,0.111333504,-0.36216587
Israel army says targeted IJ militant in Gaza strike 2 killed in strikes in south Lebanon Israel army says targeted IJ militant in Gaza strike 2 killed in strikes in south Lebanon,Israel army says targeted IJ militant in Gaza strike; 2 killed in strikes in south Lebanon,Spacewar.com,-1,-0.06365539,-0.00935051
Hydrothermal vents may have triggered early molecular chemistry on ancient Earth Hydrothermal vents may have triggered early molecular chemistry on ancient Earth,Hydrothermal vents may have triggered early molecular chemistry on ancient Earth,Space Daily,-1,0.08356187,-0.26170906
China aims to lead international space science with new discoveries China aims to lead international space science with new discoveries,China aims to lead international space science with new discoveries,Space Daily,-1,0.07567179,-0.28397062
"Washington s hard line in South China Sea tests allies, raises risks Washington s hard line in South China Sea tests allies, raises risks","Washington's hard line in South China Sea tests allies, raises risks",Spacewar.com,-1,0.020008054,-0.07443514
Final assembly of Vinci engines for Ariane 6 transitions to Germany Final assembly of Vinci engines for Ariane 6 transitions to Germany,Final assembly of Vinci engines for Ariane 6 transitions to Germany,Space Daily,1,0.14990784,-0.34801367
Europe s new Sentinel 4 mission delivers first look at hourly air pollution maps Europe s new Sentinel 4 mission delivers first look at hourly air pollution maps,Europe's new Sentinel-4 mission delivers first look at hourly air pollution maps,Space Daily,-1,0.20447588,-0.3001068
Requtech commences Ka band SATCOM hub upgrade as part of European retrofit expansion Requtech commences Ka band SATCOM hub upgrade as part of European retrofit expansion,Requtech commences Ka-band SATCOM hub upgrade as part of European retrofit expansion,Space Daily,-1,0.18731534,-0.4277314
ABB wins Canadian climate satellite instrument contract ABB wins Canadian climate satellite instrument contract,ABB wins Canadian climate satellite instrument contract,Space Daily,-1,0.2412766,-0.3108769
U.S. deploys carrier strike group to the Caribbean U.S. deploys carrier strike group to the Caribbean,U.S. deploys carrier strike group to the Caribbean,Spacewar.com,-1,0.021121388,-0.05761448
Amazon cloud outage downed millions of sites and exposed the risks of overdependence Amazon cloud outage downed millions of sites and exposed the risks of overdependence,Amazon cloud outage downed millions of sites — and exposed the risks of overdependence,CBC News,-1,0.13370432,-0.05427963
Top states in India with cleanest air right now Top states in India with cleanest air right now,Top states in India with cleanest air right now,The Times of India,2,-0.2818105,-0.12867804
Alan Dershowitz breaks down what Trump really is looking for in his new legal fight Alan Dershowitz breaks down what Trump really is looking for in his new legal fight,Alan Dershowitz breaks down what Trump really is ‘looking for’ in his new legal fight,Wnd.com,-1,-0.038070526,0.24625139
Notable companies reporting before tomorrow s open Notable companies reporting before tomorrow s open,Notable companies reporting before tomorrow's open,Thefly.com,-1,0.25501037,-0.03716244
"Researchers link gum disease to increased risk of stroke, brain damage Researchers link gum disease to increased risk of stroke, brain damage","Researchers link gum disease to increased risk of stroke, brain damage",UPI.com,-1,-0.05815506,-0.081934914
Kratos Defense Stock Is Trending Up After Hypersonic Testing Contract Win Kratos Defense Stock Is Trending Up After Hypersonic Testing Contract Win,Kratos Defense Stock Is Trending Up After Hypersonic Testing Contract Win,Biztoc.com,1,0.08062246,-0.3032765
"Women s World Cup Pratika Rawal, Smriti Mandhana centuries fire India into semifinals defeat New Zealand in must win clash Women s World Cup Pratika Rawal, Smriti Mandhana centuries fire India into semifinals defeat New Zealand in must win clash","Women's World Cup: Pratika Rawal, Smriti Mandhana centuries fire India into semifinals; defeat New Zealand in must-win clash",The Times of India,2,-0.28467917,-0.16688061
Bigg Boss Malayalam 7 Nevin targets Anumol during the task Bigg Boss warns him for physical aggression Bigg Boss Malayalam 7 Nevin targets Anumol during the task Bigg Boss warns him for physical aggression,Bigg Boss Malayalam 7: Nevin targets Anumol during the task; Bigg Boss warns him for physical aggression,The Times of India,2,-0.33876765,-0.13242573
"Ranking college football s 12 best head coaching candidates for 2026, from Rhett Lashlee to Alex Golesh Ranking college football s 12 best head coaching candidates for 2026, from Rhett Lashlee to Alex Golesh","Ranking college football's 12 best head coaching candidates for 2026, from Rhett Lashlee to Alex Golesh",Sporting News,3,-0.1171466,0.04883667
"Daddy, you were ignoring me! Draymond Green s daughter calls him out for an adorable reason during Golden State Warriors game against Denver Nuggets Daddy, you were ignoring me! Draymond Green s daughter calls him out for an adorable reason during Golden State Warriors game against Denver Nuggets","“Daddy, you were ignoring me!”-Draymond Green’s daughter calls him out for an adorable reason during Golden State Warriors game against Denver Nuggets",The Times of India,-1,-0.25444,-0.012307921
Halo Campaign Evolved doesn t feature PvP multiplayer here s why the developers chose to focus on co op Halo Campaign Evolved doesn t feature PvP multiplayer here s why the developers chose to focus on co op,Halo: Campaign Evolved doesn't feature PvP multiplayer — here's why the developers chose to focus on co-op,Windows Central,1,-0.047910623,-0.29024136
Trump is itching for a war with Venezuela. It s oil and more Trump is itching for a war with Venezuela. It s oil and more,Trump is itching for a war with Venezuela. It's oil and more,The Times of India,-1,-0.039731205,0.233216
The latest DJI Osmo Action 6 image leak gives us our first look at the camera actually in action The latest DJI Osmo Action 6 image leak gives us our first look at the camera actually in action,The latest DJI Osmo Action 6 image leak gives us our first look at the camera actually in action,TechRadar,1,-0.002106802,-0.32948336
Pentagon Taps Trump Jr. Backed Firm for Big Drone Deal Pentagon Taps Trump Jr. Backed Firm for Big Drone Deal,Pentagon Taps Trump Jr.- Backed Firm for Big Drone Deal,Newser,-1,0.16508013,0.08598091
"Wait Wait for October 25, 2025 With Not My Job guest Ally the Piper Wait Wait for October 25, 2025 With Not My Job guest Ally the Piper","'Wait Wait' for October 25, 2025: With Not My Job guest Ally the Piper",NPR,-1,0.06835646,-0.02093112
Viral Video Shows DWTS Robert Irwin Adorably Geeking Out Over Jonathan Bailey Sending Him Flowers After His Wicked Routine Viral Video Shows DWTS Robert Irwin Adorably Geeking Out Over Jonathan Bailey Sending Him Flowers After His Wicked Routine,Viral Video Shows DWTS’ Robert Irwin Adorably Geeking Out Over Jonathan Bailey Sending Him Flowers After His Wicked Routine,CinemaBlend,-1,-0.14391194,-0.07839485
Deadly storm Melissa to turn into Monstrous Hurricane Ravaging flooding alert in Jamaica All about the extreme threat Deadly storm Melissa to turn into Monstrous Hurricane Ravaging flooding alert in Jamaica All about the extreme threat,Deadly storm Melissa to turn into Monstrous Hurricane: Ravaging flooding alert in Jamaica — All about the ‘extreme threat’,The Times of India,-1,-0.17681108,-0.028762098
"North Carolina shooting Two dead, many critically injured, 150 people fled North Carolina shooting Two dead, many critically injured, 150 people fled","North Carolina shooting: Two dead, many critically injured, 150 people fled",The Times of India,-1,-0.17612945,0.10695083
Minister calls for collaboration in world class universities push Minister calls for collaboration in world class universities push,Minister calls for collaboration in world-class universities push,Antaranews.com,2,-0.19847979,-0.069767706
Why Nelly Furtado Is Taking a Break from Performing Music Why Nelly Furtado Is Taking a Break from Performing Music,Why Nelly Furtado Is Taking a Break from Performing Music,TODAY,-1,-0.15548545,0.007683842
Who are AI browsers for? Who are AI browsers for?,Who are AI browsers for?,Biztoc.com,-1,-0.07032995,-0.18907209
"Empowered by Better Leadership, India Moves Toward Becoming a Vishwaguru Empowered by Better Leadership, India Moves Toward Becoming a Vishwaguru","Empowered by Better Leadership, India Moves Toward Becoming a ‘Vishwaguru’",The Times of India,2,-0.25095043,-0.13053897
The Prison Break Spinoff Already Sounds Like It ll Hook Me More Than The O.G. Series Ever Did The Prison Break Spinoff Already Sounds Like It ll Hook Me More Than The O.G. Series Ever Did,The Prison Break Spinoff Already Sounds Like It'll Hook Me More Than The O.G. Series Ever Did,CinemaBlend,-1,-0.086166255,-0.11926808
Impending altseason 3 high potential coins whales are buying ahead of the explosive bull run Impending altseason 3 high potential coins whales are buying ahead of the explosive bull run,Impending altseason: 3 high-potential coins whales are buying ahead of the explosive bull run,Ambcrypto.com,-1,-0.043632817,-0.067748114
Physician burnout as a relationship crisis Physician burnout as a relationship crisis,Physician burnout as a relationship crisis,Kevinmd.com,-1,0.0024553065,-0.019007912
Trump s CZ Pardon Sparks Fury Congresswoman Leads The Backlash Trump s CZ Pardon Sparks Fury Congresswoman Leads The Backlash,Trump’s CZ Pardon Sparks Fury — Congresswoman Leads The Backlash,Bitcoinist,3,0.0064150635,0.3907572
Celebrity Chef Ranveer Brar shares world best Omelette recipe and why we have to agree with him Celebrity Chef Ranveer Brar shares world best Omelette recipe and why we have to agree with him,Celebrity Chef Ranveer Brar shares world best Omelette recipe and why we have to agree with him,The Times of India,2,-0.26400143,-0.098328836
The Disney World Mistake You ll Make in November The Disney World Mistake You ll Make in November,The Disney World Mistake You’ll Make in November,disneyfoodblog.com,-1,-0.0771385,-0.12793905
"RCI HOSPITALITY CLASS ACTION REMINDER Bragar Eagel Squire, P.C. Reminds RCI Stockholders of the Filed Class Action Lawsuit and Urges Investors to Contact the Firm Before November 20th RCI HOSPITALITY CLASS ACTION REMINDER Bragar Eagel Squire, P.C. Reminds RCI Stockholders of the Filed Class Action Lawsuit and Urges Investors to Contact the Firm Before November 20th","RCI HOSPITALITY CLASS ACTION REMINDER: Bragar Eagel & Squire, P.C. Reminds RCI Stockholders of the Filed Class Action Lawsuit and Urges Investors to Contact the Firm Before November 20th",GlobeNewswire,0,0.40733653,-0.123956814
I thought everyone s parents did that 18 small things that made kids realize they grew up loved I thought everyone s parents did that 18 small things that made kids realize they grew up loved,“I thought everyone’s parents did that”: 18 small things that made kids realize they grew up loved,The Daily Dot,-1,-0.26256105,-0.04574729
Arsenal blow as Real Madrid joins race for Serie A target Arsenal blow as Real Madrid joins race for Serie A target,Arsenal blow as Real Madrid joins race for Serie A target,Just Arsenal News,-1,-0.12722032,-0.14067596
