text,source,title,combined_text
Bruce Springsteen lent helping hand to director s family after Los Angeles wildfires Bruce Springsteen lent helping hand to director s family after Los Angeles wildfires,The Times of India,Bruce Springsteen lent helping hand to director's family after Los Angeles wildfires,Bruce Springsteen lent helping hand to director s family after Los Angeles wildfires Bruce Springsteen lent helping hand to director s family after Los Angeles wildfires
Six protein packed Trader Joe s snacks dietitians recommend Six protein packed Trader Joe s snacks dietitians recommend,The-independent.com,Six protein-packed Trader Joe’s snacks dietitians recommend,Six protein packed Trader Joe s snacks dietitians recommend Six protein packed Trader Joe s snacks dietitians recommend
Classic Aero TV Portrait of the U.S. Transportation Safety Institute Classic Aero TV Portrait of the U.S. Transportation Safety Institute,Aero-news.net,Classic Aero-TV: Portrait of the U.S. Transportation Safety Institute,Classic Aero TV Portrait of the U.S. Transportation Safety Institute Classic Aero TV Portrait of the U.S. Transportation Safety Institute
Aero News Quote of the Day 10.21.25 Aero News Quote of the Day 10.21.25,Aero-news.net,Aero-News: Quote of the Day (10.21.25),Aero News Quote of the Day 10.21.25 Aero News Quote of the Day 10.21.25
How presidents have changed the White House and how Trump s ballroom is different How presidents have changed the White House and how Trump s ballroom is different,NPR,How presidents have changed the White House — and how Trump's ballroom is different,How presidents have changed the White House and how Trump s ballroom is different How presidents have changed the White House and how Trump s ballroom is different
Manipur marks Ningol Chakkouba amid hope heartbreak for IDPs Manipur marks Ningol Chakkouba amid hope heartbreak for IDPs,The Times of India,Manipur marks Ningol Chakkouba amid hope & heartbreak for IDPs,Manipur marks Ningol Chakkouba amid hope heartbreak for IDPs Manipur marks Ningol Chakkouba amid hope heartbreak for IDPs
U.S. Senate hopeful Graham Platner says he s covered up his tattoo after learning it was a Nazi symbol I wanted this thing off my body U.S. Senate hopeful Graham Platner says he s covered up his tattoo after learning it was a Nazi symbol I wanted this thing off my body,Fortune,U.S. Senate hopeful Graham Platner says he’s covered up his tattoo after learning it was a Nazi symbol: ‘I wanted this thing off my body’,U.S. Senate hopeful Graham Platner says he s covered up his tattoo after learning it was a Nazi symbol I wanted this thing off my body U.S. Senate hopeful Graham Platner says he s covered up his tattoo after learning it was a Nazi symbol I wanted this thing off my body
Person matching Chauncey Billups description allegedly shared Trail Blazers tanking information with bettors Person matching Chauncey Billups description allegedly shared Trail Blazers tanking information with bettors,CBS Sports,Person matching Chauncey Billups' description allegedly shared Trail Blazers tanking information with bettors,Person matching Chauncey Billups description allegedly shared Trail Blazers tanking information with bettors Person matching Chauncey Billups description allegedly shared Trail Blazers tanking information with bettors
AI grading error affects hundreds of MCAS essays in Massachusetts Here s what went wrong AI grading error affects hundreds of MCAS essays in Massachusetts Here s what went wrong,The Times of India,AI grading error affects hundreds of MCAS essays in Massachusetts: Here’s what went wrong,AI grading error affects hundreds of MCAS essays in Massachusetts Here s what went wrong AI grading error affects hundreds of MCAS essays in Massachusetts Here s what went wrong
"J K Speaker rejects Congress, NC s plea for discussion on AAP MLA s detention HC quashes aide s preventive custody J K Speaker rejects Congress, NC s plea for discussion on AAP MLA s detention HC quashes aide s preventive custody",The Times of India,"J&K Speaker rejects Congress, NC’s plea for discussion on AAP MLA’s detention; HC quashes aide’s preventive custody","J K Speaker rejects Congress, NC s plea for discussion on AAP MLA s detention HC quashes aide s preventive custody J K Speaker rejects Congress, NC s plea for discussion on AAP MLA s detention HC quashes aide s preventive custody"
The Woman Who Rewrote Her Ribcage Wisconsin Tiff s Radical Quest for the Impossible Waist! The Woman Who Rewrote Her Ribcage Wisconsin Tiff s Radical Quest for the Impossible Waist!,Egotastic.com,The Woman Who Rewrote Her Ribcage: Wisconsin Tiff’s Radical Quest for the Impossible Waist!,The Woman Who Rewrote Her Ribcage Wisconsin Tiff s Radical Quest for the Impossible Waist! The Woman Who Rewrote Her Ribcage Wisconsin Tiff s Radical Quest for the Impossible Waist!
Netflix s Daily Soap Experiment Ends Prematurely Tout Pour La Lumière Canceled After Single Season Netflix s Daily Soap Experiment Ends Prematurely Tout Pour La Lumière Canceled After Single Season,What's on Netflix,Netflix’s Daily Soap Experiment Ends Prematurely; ‘Tout Pour La Lumière’ Canceled After Single Season,Netflix s Daily Soap Experiment Ends Prematurely Tout Pour La Lumière Canceled After Single Season Netflix s Daily Soap Experiment Ends Prematurely Tout Pour La Lumière Canceled After Single Season
White House East Wing demolition nearly complete to make room for Trump ballroom White House East Wing demolition nearly complete to make room for Trump ballroom,Biztoc.com,White House East Wing demolition nearly complete to make room for Trump ballroom,White House East Wing demolition nearly complete to make room for Trump ballroom White House East Wing demolition nearly complete to make room for Trump ballroom
Who s to blame for government shutdown? A new poll shows what voters think. Who s to blame for government shutdown? A new poll shows what voters think.,CBS News,Who's to blame for government shutdown? A new poll shows what voters think.,Who s to blame for government shutdown? A new poll shows what voters think. Who s to blame for government shutdown? A new poll shows what voters think.
Protest of Bay Area immigration crackdown met with apparent stun grenades at Coast Guard base San Francisco Chronicle Protest of Bay Area immigration crackdown met with apparent stun grenades at Coast Guard base San Francisco Chronicle,Memeorandum.com,Protest of Bay Area immigration crackdown met with apparent stun grenades at Coast Guard base (San Francisco Chronicle),Protest of Bay Area immigration crackdown met with apparent stun grenades at Coast Guard base San Francisco Chronicle Protest of Bay Area immigration crackdown met with apparent stun grenades at Coast Guard base San Francisco Chronicle
Trump Administration Live Updates President Shelves Plan to Deploy Federal Agents to San Francisco New York Times Trump Administration Live Updates President Shelves Plan to Deploy Federal Agents to San Francisco New York Times,Memeorandum.com,Trump Administration Live Updates: President Shelves Plan to Deploy Federal Agents to San Francisco (New York Times),Trump Administration Live Updates President Shelves Plan to Deploy Federal Agents to San Francisco New York Times Trump Administration Live Updates President Shelves Plan to Deploy Federal Agents to San Francisco New York Times
The Bloody Sunday Murder Trial The Bloody Sunday Murder Trial,BBC News,The Bloody Sunday Murder Trial,The Bloody Sunday Murder Trial The Bloody Sunday Murder Trial
Jeremy Allen White Got Candid About Why He Asked Bruce Springsteen For A Little Bit Of Space While He Filmed Deliver Me From Nowhere Jeremy Allen White Got Candid About Why He Asked Bruce Springsteen For A Little Bit Of Space While He Filmed Deliver Me From Nowhere,CinemaBlend,Jeremy Allen White Got Candid About Why He Asked Bruce Springsteen For 'A Little Bit Of Space' While He Filmed Deliver Me From Nowhere,Jeremy Allen White Got Candid About Why He Asked Bruce Springsteen For A Little Bit Of Space While He Filmed Deliver Me From Nowhere Jeremy Allen White Got Candid About Why He Asked Bruce Springsteen For A Little Bit Of Space While He Filmed Deliver Me From Nowhere
"RFK Jr., The FDA, And Supplement Regulations RFK Jr., The FDA, And Supplement Regulations",NPR,"RFK Jr., The FDA, And Supplement Regulations","RFK Jr., The FDA, And Supplement Regulations RFK Jr., The FDA, And Supplement Regulations"
"While wary of Trump s motives, some D.C. residents uneasily back parts of the National Guard deployment While wary of Trump s motives, some D.C. residents uneasily back parts of the National Guard deployment",PBS,"While wary of Trump’s motives, some D.C. residents uneasily back parts of the National Guard deployment","While wary of Trump s motives, some D.C. residents uneasily back parts of the National Guard deployment While wary of Trump s motives, some D.C. residents uneasily back parts of the National Guard deployment"
"F5, Inc. Investigated by the Portnoy Law Firm F5, Inc. Investigated by the Portnoy Law Firm",GlobeNewswire,"F5, Inc. Investigated by the Portnoy Law Firm","F5, Inc. Investigated by the Portnoy Law Firm F5, Inc. Investigated by the Portnoy Law Firm"
Ν. Ανδρουλάκης Η κυβέρνηση της Νέας Δημοκρατίας έχει χάσει και τη λογική αλλά και την ντροπή Ν. Ανδρουλάκης Η κυβέρνηση της Νέας Δημοκρατίας έχει χάσει και τη λογική αλλά και την ντροπή,Skai.gr,Ν. Ανδρουλάκης: Η κυβέρνηση της Νέας Δημοκρατίας έχει χάσει και τη λογική αλλά και την ντροπή,Ν. Ανδρουλάκης Η κυβέρνηση της Νέας Δημοκρατίας έχει χάσει και τη λογική αλλά και την ντροπή Ν. Ανδρουλάκης Η κυβέρνηση της Νέας Δημοκρατίας έχει χάσει και τη λογική αλλά και την ντροπή
Arbaz Patel loses weight after reality show Rise and Fall says I wanted to reset physically and mentally Arbaz Patel loses weight after reality show Rise and Fall says I wanted to reset physically and mentally,The Times of India,Arbaz Patel loses weight after reality show Rise and Fall; says ‘I wanted to reset physically and mentally’,Arbaz Patel loses weight after reality show Rise and Fall says I wanted to reset physically and mentally Arbaz Patel loses weight after reality show Rise and Fall says I wanted to reset physically and mentally
"How much does Alabama football GM Courtney Morgan make? Total pay, SEC salary rank How much does Alabama football GM Courtney Morgan make? Total pay, SEC salary rank",USA Today,"How much does Alabama football GM Courtney Morgan make? Total pay, SEC salary rank","How much does Alabama football GM Courtney Morgan make? Total pay, SEC salary rank How much does Alabama football GM Courtney Morgan make? Total pay, SEC salary rank"
"TRONOX CLASS ACTION ALERT Bragar Eagel Squire, P.C. Urgently Reminds Tronox Investors of the November 3rd Deadline in the Filed Class Action TRONOX CLASS ACTION ALERT Bragar Eagel Squire, P.C. Urgently Reminds Tronox Investors of the November 3rd Deadline in the Filed Class Action",GlobeNewswire,"TRONOX CLASS ACTION ALERT: Bragar Eagel & Squire, P.C. Urgently Reminds Tronox Investors of the November 3rd Deadline in the Filed Class Action","TRONOX CLASS ACTION ALERT Bragar Eagel Squire, P.C. Urgently Reminds Tronox Investors of the November 3rd Deadline in the Filed Class Action TRONOX CLASS ACTION ALERT Bragar Eagel Squire, P.C. Urgently Reminds Tronox Investors of the November 3rd Deadline in the Filed Class Action"
The Fourth Edition of The MICHELIN Guide Abu Dhabi Has Been Launched The Fourth Edition of The MICHELIN Guide Abu Dhabi Has Been Launched,GlobeNewswire,The Fourth Edition of The MICHELIN Guide Abu Dhabi Has Been Launched,The Fourth Edition of The MICHELIN Guide Abu Dhabi Has Been Launched The Fourth Edition of The MICHELIN Guide Abu Dhabi Has Been Launched
Nike designed new gear to keep athletes cool in a warming world Nike designed new gear to keep athletes cool in a warming world,The Verge,Nike designed new gear to keep athletes cool in a warming world,Nike designed new gear to keep athletes cool in a warming world Nike designed new gear to keep athletes cool in a warming world
Required Reading Required Reading,Hyperallergic,Required Reading,Required Reading Required Reading
"DOW CLASS ACTION ALERT Bragar Eagel Squire, P.C. Urgently Reminds Dow Investors of the October 28th Deadline in the Filed Class Action DOW CLASS ACTION ALERT Bragar Eagel Squire, P.C. Urgently Reminds Dow Investors of the October 28th Deadline in the Filed Class Action",GlobeNewswire,"DOW CLASS ACTION ALERT: Bragar Eagel & Squire, P.C. Urgently Reminds Dow Investors of the October 28th Deadline in the Filed Class Action","DOW CLASS ACTION ALERT Bragar Eagel Squire, P.C. Urgently Reminds Dow Investors of the October 28th Deadline in the Filed Class Action DOW CLASS ACTION ALERT Bragar Eagel Squire, P.C. Urgently Reminds Dow Investors of the October 28th Deadline in the Filed Class Action"
We Will Not Surge Trump Pulls Back On Plan For Crime Ridden City We Will Not Surge Trump Pulls Back On Plan For Crime Ridden City,The Daily Caller,‘We Will Not Surge’: Trump Pulls Back On Plan For Crime-Ridden City,We Will Not Surge Trump Pulls Back On Plan For Crime Ridden City We Will Not Surge Trump Pulls Back On Plan For Crime Ridden City
"Bethesda Announces Fallout 4 Anniversary Edition, Confirms Nintendo Switch 2 Version for 2026 Bethesda Announces Fallout 4 Anniversary Edition, Confirms Nintendo Switch 2 Version for 2026",IGN,"Bethesda Announces Fallout 4 Anniversary Edition, Confirms Nintendo Switch 2 Version for 2026","Bethesda Announces Fallout 4 Anniversary Edition, Confirms Nintendo Switch 2 Version for 2026 Bethesda Announces Fallout 4 Anniversary Edition, Confirms Nintendo Switch 2 Version for 2026"
Trump says he s backing off threats to send federal troops to San Francisco Trump says he s backing off threats to send federal troops to San Francisco,NBC News,Trump says he's backing off threats to send federal troops to San Francisco,Trump says he s backing off threats to send federal troops to San Francisco Trump says he s backing off threats to send federal troops to San Francisco
"As Blue Jay ticket prices soar, Ontario NDP looks to table legislation banning resale markups As Blue Jay ticket prices soar, Ontario NDP looks to table legislation banning resale markups",CBC News,"As Blue Jay ticket prices soar, Ontario NDP looks to table legislation banning resale markups","As Blue Jay ticket prices soar, Ontario NDP looks to table legislation banning resale markups As Blue Jay ticket prices soar, Ontario NDP looks to table legislation banning resale markups"
Letitia James Launches Portal to Dox ICE Agents Letitia James Launches Portal to Dox ICE Agents,Freerepublic.com,Letitia James Launches Portal to Dox ICE Agents,Letitia James Launches Portal to Dox ICE Agents Letitia James Launches Portal to Dox ICE Agents
Λευκός Οίκος Ο Τραμπ θα συναντήσει την επόμενη εβδομάδα τον Σι Τζινπίνγκ Λευκός Οίκος Ο Τραμπ θα συναντήσει την επόμενη εβδομάδα τον Σι Τζινπίνγκ,Skai.gr,Λευκός Οίκος: Ο Τραμπ θα συναντήσει την επόμενη εβδομάδα τον Σι Τζινπίνγκ,Λευκός Οίκος Ο Τραμπ θα συναντήσει την επόμενη εβδομάδα τον Σι Τζινπίνγκ Λευκός Οίκος Ο Τραμπ θα συναντήσει την επόμενη εβδομάδα τον Σι Τζινπίνγκ
Lost Democrats find identity crisis in left vs center Amie Parnes The Hill Lost Democrats find identity crisis in left vs center Amie Parnes The Hill,Memeorandum.com,Lost Democrats find identity crisis in left vs center (Amie Parnes/The Hill),Lost Democrats find identity crisis in left vs center Amie Parnes The Hill Lost Democrats find identity crisis in left vs center Amie Parnes The Hill
"Straciłby poparcie . Trump straszył Netanjahu, Izrael zaczął procedurę Straciłby poparcie . Trump straszył Netanjahu, Izrael zaczął procedurę",Interia.pl,"""Straciłby poparcie"". Trump straszył Netanjahu, Izrael zaczął procedurę","Straciłby poparcie . Trump straszył Netanjahu, Izrael zaczął procedurę Straciłby poparcie . Trump straszył Netanjahu, Izrael zaczął procedurę"
Dress Like Your Miracle Is Not Spooky Nathaniel Bassey Addresses Hallelujah Challenge Followers Dress Like Your Miracle Is Not Spooky Nathaniel Bassey Addresses Hallelujah Challenge Followers,Latest News in Nigeria & Breaking Naija News 24/7 | LEGIT.NG,“Dress Like Your Miracle Is Not Spooky”: Nathaniel Bassey Addresses Hallelujah Challenge Followers,Dress Like Your Miracle Is Not Spooky Nathaniel Bassey Addresses Hallelujah Challenge Followers Dress Like Your Miracle Is Not Spooky Nathaniel Bassey Addresses Hallelujah Challenge Followers
Google Store is now selling replacement Pixel Buds and parts Google Store is now selling replacement Pixel Buds and parts,MobileSyrup,Google Store is now selling replacement Pixel Buds and parts,Google Store is now selling replacement Pixel Buds and parts Google Store is now selling replacement Pixel Buds and parts
"Trump indulta a Changpeng Zhao, fundador de la plataforma de criptomonedas Binance que fue condenado por blanqueo de dinero Trump indulta a Changpeng Zhao, fundador de la plataforma de criptomonedas Binance que fue condenado por blanqueo de dinero",BBC News,"Trump indulta a Changpeng Zhao, fundador de la plataforma de criptomonedas Binance que fue condenado por blanqueo de dinero","Trump indulta a Changpeng Zhao, fundador de la plataforma de criptomonedas Binance que fue condenado por blanqueo de dinero Trump indulta a Changpeng Zhao, fundador de la plataforma de criptomonedas Binance que fue condenado por blanqueo de dinero"
California Trucker accused of fatal multi car crash identified as illegal immigrant California Trucker accused of fatal multi car crash identified as illegal immigrant,Freerepublic.com,California: Trucker accused of fatal multi-car crash identified as illegal immigrant,California Trucker accused of fatal multi car crash identified as illegal immigrant California Trucker accused of fatal multi car crash identified as illegal immigrant
"Curator Carla Stellweg, Visionary of Latin American Art, Dies at 83 Curator Carla Stellweg, Visionary of Latin American Art, Dies at 83",Hyperallergic,"Curator Carla Stellweg, Visionary of Latin American Art, Dies at 83","Curator Carla Stellweg, Visionary of Latin American Art, Dies at 83 Curator Carla Stellweg, Visionary of Latin American Art, Dies at 83"
"People pardoned by Trump want banks to forgive their past, too People pardoned by Trump want banks to forgive their past, too",Biztoc.com,"People pardoned by Trump want banks to forgive their past, too","People pardoned by Trump want banks to forgive their past, too People pardoned by Trump want banks to forgive their past, too"
"BNB, World Liberty, Meme Coins Jump After Trump Pardons Binance Founder BNB, World Liberty, Meme Coins Jump After Trump Pardons Binance Founder",Decrypt,"BNB, World Liberty, Meme Coins Jump After Trump Pardons Binance Founder","BNB, World Liberty, Meme Coins Jump After Trump Pardons Binance Founder BNB, World Liberty, Meme Coins Jump After Trump Pardons Binance Founder"
"LIFEMD CLASS ACTION REMINDER Bragar Eagel Squire, P.C. Urgently Reminds Investors of the October 27th Deadline in the Filed Class Action LIFEMD CLASS ACTION REMINDER Bragar Eagel Squire, P.C. Urgently Reminds Investors of the October 27th Deadline in the Filed Class Action",GlobeNewswire,"LIFEMD CLASS ACTION REMINDER: Bragar Eagel & Squire, P.C. Urgently Reminds Investors of the October 27th Deadline in the Filed Class Action","LIFEMD CLASS ACTION REMINDER Bragar Eagel Squire, P.C. Urgently Reminds Investors of the October 27th Deadline in the Filed Class Action LIFEMD CLASS ACTION REMINDER Bragar Eagel Squire, P.C. Urgently Reminds Investors of the October 27th Deadline in the Filed Class Action"
Times Square New Year s Eve ball might look a bit different this year. Here s why. Times Square New Year s Eve ball might look a bit different this year. Here s why.,The-independent.com,Times Square New Year’s Eve ball might look a bit different this year. Here’s why.,Times Square New Year s Eve ball might look a bit different this year. Here s why. Times Square New Year s Eve ball might look a bit different this year. Here s why.
"A Pile of Rubble After 123 Years, the East Wing Is Gone Elisabeth Bumiller New York Times A Pile of Rubble After 123 Years, the East Wing Is Gone Elisabeth Bumiller New York Times",Memeorandum.com,"A Pile of Rubble: After 123 Years, the East Wing Is Gone (Elisabeth Bumiller/New York Times)","A Pile of Rubble After 123 Years, the East Wing Is Gone Elisabeth Bumiller New York Times A Pile of Rubble After 123 Years, the East Wing Is Gone Elisabeth Bumiller New York Times"
"Trump Demands 230 Million, Poops on Protestors, Razes White House Trump Demands 230 Million, Poops on Protestors, Razes White House",Slate Magazine,"Trump Demands $230 Million, Poops on Protestors, & Razes White House","Trump Demands 230 Million, Poops on Protestors, Razes White House Trump Demands 230 Million, Poops on Protestors, Razes White House"
Urban Meyer explains why Lincoln Riley is safe at Southern Cal Urban Meyer explains why Lincoln Riley is safe at Southern Cal,Sporting News,Urban Meyer explains why Lincoln Riley is 'safe' at Southern Cal,Urban Meyer explains why Lincoln Riley is safe at Southern Cal Urban Meyer explains why Lincoln Riley is safe at Southern Cal
Prolific Kovacevic key as Celje defeat Shamrock Rovers Prolific Kovacevic key as Celje defeat Shamrock Rovers,RTE,Prolific Kovacevic key as Celje defeat Shamrock Rovers,Prolific Kovacevic key as Celje defeat Shamrock Rovers Prolific Kovacevic key as Celje defeat Shamrock Rovers
Updated MDNA11 Clinical Data from the ABILITY 1 Study to be Presented at the European Society for Medical Oncology ESMO Immuno Oncology Congress 2025 Updated MDNA11 Clinical Data from the ABILITY 1 Study to be Presented at the European Society for Medical Oncology ESMO Immuno Oncology Congress 2025,GlobeNewswire,Updated MDNA11 Clinical Data from the ABILITY-1 Study to be Presented at the European Society for Medical Oncology (ESMO) Immuno-Oncology Congress 2025,Updated MDNA11 Clinical Data from the ABILITY 1 Study to be Presented at the European Society for Medical Oncology ESMO Immuno Oncology Congress 2025 Updated MDNA11 Clinical Data from the ABILITY 1 Study to be Presented at the European Society for Medical Oncology ESMO Immuno Oncology Congress 2025
Willing to Do What It Takes UAW Volkswagen Workers in Chattanooga Call Strike Vote Willing to Do What It Takes UAW Volkswagen Workers in Chattanooga Call Strike Vote,Common Dreams,'Willing to Do What It Takes': UAW Volkswagen Workers in Chattanooga Call Strike Vote,Willing to Do What It Takes UAW Volkswagen Workers in Chattanooga Call Strike Vote Willing to Do What It Takes UAW Volkswagen Workers in Chattanooga Call Strike Vote
"Trump pardons founder of crypto exchange Binance, who pleaded guilty to enabling money laundering Trump pardons founder of crypto exchange Binance, who pleaded guilty to enabling money laundering",CBS News,"Trump pardons founder of crypto exchange Binance, who pleaded guilty to enabling money laundering","Trump pardons founder of crypto exchange Binance, who pleaded guilty to enabling money laundering Trump pardons founder of crypto exchange Binance, who pleaded guilty to enabling money laundering"
The Only Piece of Advice People Who Want to Go to Grad School Need to Hear Right Now The Only Piece of Advice People Who Want to Go to Grad School Need to Hear Right Now,Slate Magazine,The Only Piece of Advice People Who Want to Go to Grad School Need to Hear Right Now,The Only Piece of Advice People Who Want to Go to Grad School Need to Hear Right Now The Only Piece of Advice People Who Want to Go to Grad School Need to Hear Right Now
"Darren Bailey s Son, Grandchildren Among Those Deceased In Tragic Helicopter Crash Darren Bailey s Son, Grandchildren Among Those Deceased In Tragic Helicopter Crash",The Daily Caller,"Darren Bailey’s Son, Grandchildren Among Those Deceased In Tragic Helicopter Crash","Darren Bailey s Son, Grandchildren Among Those Deceased In Tragic Helicopter Crash Darren Bailey s Son, Grandchildren Among Those Deceased In Tragic Helicopter Crash"
2026 Senate Overview 2026 Senate Overview,Politicalwire.com,2026 Senate Overview,2026 Senate Overview 2026 Senate Overview
Republicans Are Trying to Make Fascism Edgy and Hip Republicans Are Trying to Make Fascism Edgy and Hip,Common Dreams,Republicans Are Trying to Make Fascism Edgy and Hip,Republicans Are Trying to Make Fascism Edgy and Hip Republicans Are Trying to Make Fascism Edgy and Hip
WATCH Failed Democrat Candidate Is Accused of Stealing Georgia Power Trade Secrets WATCH Failed Democrat Candidate Is Accused of Stealing Georgia Power Trade Secrets,Breitbart News,WATCH: Failed Democrat Candidate Is Accused of Stealing Georgia Power Trade Secrets,WATCH Failed Democrat Candidate Is Accused of Stealing Georgia Power Trade Secrets WATCH Failed Democrat Candidate Is Accused of Stealing Georgia Power Trade Secrets
Takaichi said to arrange phone call with Trump on Saturday Takaichi said to arrange phone call with Trump on Saturday,Biztoc.com,Takaichi said to arrange phone call with Trump on Saturday,Takaichi said to arrange phone call with Trump on Saturday Takaichi said to arrange phone call with Trump on Saturday
The Rules of Investing Just Changed Are You Ready? The Rules of Investing Just Changed Are You Ready?,Biztoc.com,The Rules of Investing Just Changed — Are You Ready?,The Rules of Investing Just Changed Are You Ready? The Rules of Investing Just Changed Are You Ready?
Telix Pharmaceuticals Limited Investigated by the Portnoy Law Firm Telix Pharmaceuticals Limited Investigated by the Portnoy Law Firm,GlobeNewswire,Telix Pharmaceuticals Limited Investigated by the Portnoy Law Firm,Telix Pharmaceuticals Limited Investigated by the Portnoy Law Firm Telix Pharmaceuticals Limited Investigated by the Portnoy Law Firm
"Functionally extinct After 10,000 years on the Florida coast, two key corals are dead Functionally extinct After 10,000 years on the Florida coast, two key corals are dead",NBC News,"'Functionally extinct': After 10,000 years on the Florida coast, two key corals are dead","Functionally extinct After 10,000 years on the Florida coast, two key corals are dead Functionally extinct After 10,000 years on the Florida coast, two key corals are dead"
Λευκός Οίκος Το ενδεχόμενο συνάντησης Τραμπ Πούτιν δεν έχει αποκλειστεί πλήρως Λευκός Οίκος Το ενδεχόμενο συνάντησης Τραμπ Πούτιν δεν έχει αποκλειστεί πλήρως,Skai.gr,Λευκός Οίκος: Το ενδεχόμενο συνάντησης Τραμπ-Πούτιν δεν έχει αποκλειστεί πλήρως,Λευκός Οίκος Το ενδεχόμενο συνάντησης Τραμπ Πούτιν δεν έχει αποκλειστεί πλήρως Λευκός Οίκος Το ενδεχόμενο συνάντησης Τραμπ Πούτιν δεν έχει αποκλειστεί πλήρως
How Citywest scenes are drawing the attention of far right media and influencers How Citywest scenes are drawing the attention of far right media and influencers,TheJournal.ie,How Citywest scenes are drawing the attention of far-right media and influencers,How Citywest scenes are drawing the attention of far right media and influencers How Citywest scenes are drawing the attention of far right media and influencers
Pool crunch coming for Prince George as aquatic centre set to close for 2 years Pool crunch coming for Prince George as aquatic centre set to close for 2 years,CBC News,Pool crunch coming for Prince George as aquatic centre set to close for 2 years,Pool crunch coming for Prince George as aquatic centre set to close for 2 years Pool crunch coming for Prince George as aquatic centre set to close for 2 years
PUBG maker Krafton is turning into an AI first developer PUBG maker Krafton is turning into an AI first developer,The Verge,PUBG maker Krafton is turning into an ‘AI first’ developer,PUBG maker Krafton is turning into an AI first developer PUBG maker Krafton is turning into an AI first developer
Selena Gomez Hits the Lights in In The Dark Music Video! Selena Gomez Hits the Lights in In The Dark Music Video!,Egotastic.com,Selena Gomez Hits the Lights in “In The Dark” Music Video!,Selena Gomez Hits the Lights in In The Dark Music Video! Selena Gomez Hits the Lights in In The Dark Music Video!
We re not going anywhere Texas A M HC Mike Elko s wife shuts down Penn State connection We re not going anywhere Texas A M HC Mike Elko s wife shuts down Penn State connection,USA Today,'We're not going anywhere': Texas A&M HC Mike Elko's wife shuts down Penn State connection,We re not going anywhere Texas A M HC Mike Elko s wife shuts down Penn State connection We re not going anywhere Texas A M HC Mike Elko s wife shuts down Penn State connection
Amaze ball Time Square unveils fresh NYE celebration station Amaze ball Time Square unveils fresh NYE celebration station,New York Post,Amaze ball: Time Square unveils fresh NYE celebration station,Amaze ball Time Square unveils fresh NYE celebration station Amaze ball Time Square unveils fresh NYE celebration station
"How much does Clemson football GM Jordan Sorrells make? Total pay, buyout, ACC salary rank How much does Clemson football GM Jordan Sorrells make? Total pay, buyout, ACC salary rank",USA Today,"How much does Clemson football GM Jordan Sorrells make? Total pay, buyout, ACC salary rank","How much does Clemson football GM Jordan Sorrells make? Total pay, buyout, ACC salary rank How much does Clemson football GM Jordan Sorrells make? Total pay, buyout, ACC salary rank"
"Over 6,000 voters deleted for Rs 80 each in Aland Karnataka SIT Over 6,000 voters deleted for Rs 80 each in Aland Karnataka SIT",The Times of India,"Over 6,000 voters deleted for Rs 80 each in Aland: Karnataka SIT","Over 6,000 voters deleted for Rs 80 each in Aland Karnataka SIT Over 6,000 voters deleted for Rs 80 each in Aland Karnataka SIT"
Florida mayor predicts substantial exodus of NYC businesses if Mamdani wins Florida mayor predicts substantial exodus of NYC businesses if Mamdani wins,Freerepublic.com,Florida mayor predicts 'substantial exodus' of NYC businesses if Mamdani wins,Florida mayor predicts substantial exodus of NYC businesses if Mamdani wins Florida mayor predicts substantial exodus of NYC businesses if Mamdani wins
Hamas and rivals Fatah meet in Egypt to discuss future of Gaza Hamas and rivals Fatah meet in Egypt to discuss future of Gaza,TheJournal.ie,Hamas and rivals Fatah meet in Egypt to discuss future of Gaza,Hamas and rivals Fatah meet in Egypt to discuss future of Gaza Hamas and rivals Fatah meet in Egypt to discuss future of Gaza
"The Adam Schiff criminal probe has stalled, sources say NBC News The Adam Schiff criminal probe has stalled, sources say NBC News",Memeorandum.com,"The Adam Schiff criminal probe has stalled, sources say (NBC News)","The Adam Schiff criminal probe has stalled, sources say NBC News The Adam Schiff criminal probe has stalled, sources say NBC News"
Stephen A. Smith Claims Trump Plotting Revenge On Sports Leagues That Crossed Him Stephen A. Smith Claims Trump Plotting Revenge On Sports Leagues That Crossed Him,The Daily Caller,Stephen A. Smith Claims Trump Plotting Revenge On Sports Leagues That Crossed Him,Stephen A. Smith Claims Trump Plotting Revenge On Sports Leagues That Crossed Him Stephen A. Smith Claims Trump Plotting Revenge On Sports Leagues That Crossed Him
"Comedian Lasisi Elenu, Wife Welcome Baby Boy, Newborn s Name Leaves People Talking NSPPD Baby Comedian Lasisi Elenu, Wife Welcome Baby Boy, Newborn s Name Leaves People Talking NSPPD Baby",Latest News in Nigeria & Breaking Naija News 24/7 | LEGIT.NG,"Comedian Lasisi Elenu, Wife Welcome Baby Boy, Newborn's Name Leaves People Talking: ""NSPPD Baby""","Comedian Lasisi Elenu, Wife Welcome Baby Boy, Newborn s Name Leaves People Talking NSPPD Baby Comedian Lasisi Elenu, Wife Welcome Baby Boy, Newborn s Name Leaves People Talking NSPPD Baby"
The new face of British leather how regenerative farming is reshaping fashion The new face of British leather how regenerative farming is reshaping fashion,The-independent.com,The new face of British leather – how regenerative farming is reshaping fashion,The new face of British leather how regenerative farming is reshaping fashion The new face of British leather how regenerative farming is reshaping fashion
Ex CNN Analyst Warns Jasmine Crockett Could Hand Texas Senate Seat To GOP Ex CNN Analyst Warns Jasmine Crockett Could Hand Texas Senate Seat To GOP,The Daily Caller,Ex-CNN Analyst Warns Jasmine Crockett Could Hand Texas Senate Seat To GOP,Ex CNN Analyst Warns Jasmine Crockett Could Hand Texas Senate Seat To GOP Ex CNN Analyst Warns Jasmine Crockett Could Hand Texas Senate Seat To GOP
Johnny Depp Reportedly in Talks to Play Mean Old Man Johnny Depp Reportedly in Talks to Play Mean Old Man,Vulture,Johnny Depp Reportedly in Talks to Play Mean Old Man,Johnny Depp Reportedly in Talks to Play Mean Old Man Johnny Depp Reportedly in Talks to Play Mean Old Man
New York City Mayor Eric Adams backs Andrew Cuomo in the race to succeed him Katherine Koretski NBC News New York City Mayor Eric Adams backs Andrew Cuomo in the race to succeed him Katherine Koretski NBC News,Memeorandum.com,New York City Mayor Eric Adams backs Andrew Cuomo in the race to succeed him (Katherine Koretski/NBC News),New York City Mayor Eric Adams backs Andrew Cuomo in the race to succeed him Katherine Koretski NBC News New York City Mayor Eric Adams backs Andrew Cuomo in the race to succeed him Katherine Koretski NBC News
New book details infighting behind Trump s obviously unqualified cabinet picks David Smith The Guardian New book details infighting behind Trump s obviously unqualified cabinet picks David Smith The Guardian,Memeorandum.com,New book details infighting behind Trump's 'obviously unqualified' cabinet picks (David Smith/The Guardian),New book details infighting behind Trump s obviously unqualified cabinet picks David Smith The Guardian New book details infighting behind Trump s obviously unqualified cabinet picks David Smith The Guardian
Devastating Poll Reveals How Much Americans Hate Trump s White House Teardown Leigh Kimmins The Daily Beast Devastating Poll Reveals How Much Americans Hate Trump s White House Teardown Leigh Kimmins The Daily Beast,Memeorandum.com,Devastating Poll Reveals How Much Americans Hate Trump's White House Teardown (Leigh Kimmins/The Daily Beast),Devastating Poll Reveals How Much Americans Hate Trump s White House Teardown Leigh Kimmins The Daily Beast Devastating Poll Reveals How Much Americans Hate Trump s White House Teardown Leigh Kimmins The Daily Beast
Transgender powerlifting case ruled discrimination by MN Supreme Court Transgender powerlifting case ruled discrimination by MN Supreme Court,Freerepublic.com,Transgender powerlifting case ruled discrimination by MN Supreme Court,Transgender powerlifting case ruled discrimination by MN Supreme Court Transgender powerlifting case ruled discrimination by MN Supreme Court
"Eric Adams to endorse Andrew Cuomo in NYC mayor s race today, sources say CBS News Eric Adams to endorse Andrew Cuomo in NYC mayor s race today, sources say CBS News",Slashdot.org,"Eric Adams to endorse Andrew Cuomo in NYC mayor's race today, sources say - CBS News","Eric Adams to endorse Andrew Cuomo in NYC mayor s race today, sources say CBS News Eric Adams to endorse Andrew Cuomo in NYC mayor s race today, sources say CBS News"
Duffy warns of travel disruptions as air traffic controllers face missed paycheck Axios Duffy warns of travel disruptions as air traffic controllers face missed paycheck Axios,Slashdot.org,Duffy warns of travel disruptions as air traffic controllers face missed paycheck - Axios,Duffy warns of travel disruptions as air traffic controllers face missed paycheck Axios Duffy warns of travel disruptions as air traffic controllers face missed paycheck Axios
Dormakaba initiated with bullish view at Deutsche Bank Dormakaba initiated with bullish view at Deutsche Bank,Thefly.com,Dormakaba initiated with bullish view at Deutsche Bank,Dormakaba initiated with bullish view at Deutsche Bank Dormakaba initiated with bullish view at Deutsche Bank
"DC police detained man for protesting National Guard patrol with Darth Vader song, lawsuit says AP News DC police detained man for protesting National Guard patrol with Darth Vader song, lawsuit says AP News",Slashdot.org,"DC police detained man for protesting National Guard patrol with Darth Vader song, lawsuit says - AP News","DC police detained man for protesting National Guard patrol with Darth Vader song, lawsuit says AP News DC police detained man for protesting National Guard patrol with Darth Vader song, lawsuit says AP News"
Germany to pay US military base employees amid shutdown Germany to pay US military base employees amid shutdown,DW (English),Germany to pay US military base employees amid shutdown,Germany to pay US military base employees amid shutdown Germany to pay US military base employees amid shutdown
Planet Labs featured in Google Earth AI announcement Planet Labs featured in Google Earth AI announcement,Thefly.com,Planet Labs featured in Google Earth AI announcement,Planet Labs featured in Google Earth AI announcement Planet Labs featured in Google Earth AI announcement
"Intense manhunt for Louvre suspects continues after DNA found in helmet and glove ABC News Breaking News, Latest News and Videos Intense manhunt for Louvre suspects continues after DNA found in helmet and glove ABC News Breaking News, Latest News and Videos",Slashdot.org,"Intense manhunt for Louvre suspects continues after DNA found in helmet and glove - ABC News - Breaking News, Latest News and Videos","Intense manhunt for Louvre suspects continues after DNA found in helmet and glove ABC News Breaking News, Latest News and Videos Intense manhunt for Louvre suspects continues after DNA found in helmet and glove ABC News Breaking News, Latest News and Videos"
"Broadway musicians reach tentative labor deal, averting a strike AP News Broadway musicians reach tentative labor deal, averting a strike AP News",Slashdot.org,"Broadway musicians reach tentative labor deal, averting a strike - AP News","Broadway musicians reach tentative labor deal, averting a strike AP News Broadway musicians reach tentative labor deal, averting a strike AP News"
BREAKING Prosecutors recently told DOJ there is not enough evidence to prosecute Sen. Adam Schiff BREAKING Prosecutors recently told DOJ there is not enough evidence to prosecute Sen. Adam Schiff,Biztoc.com,BREAKING: Prosecutors recently told DOJ there is not enough evidence to prosecute Sen. Adam Schiff,BREAKING Prosecutors recently told DOJ there is not enough evidence to prosecute Sen. Adam Schiff BREAKING Prosecutors recently told DOJ there is not enough evidence to prosecute Sen. Adam Schiff
WATCH Ohio State head coach Ryan Day provides off week update WATCH Ohio State head coach Ryan Day provides off week update,USA Today,WATCH: Ohio State head coach Ryan Day provides off week update,WATCH Ohio State head coach Ryan Day provides off week update WATCH Ohio State head coach Ryan Day provides off week update
Section 8 Karim Buys a Bugatti Chiron at 23 with His Recession Proof Blueprint Section 8 Karim Buys a Bugatti Chiron at 23 with His Recession Proof Blueprint,The Daily Caller,Section 8 Karim Buys a Bugatti Chiron at 23 with His Recession-Proof Blueprint,Section 8 Karim Buys a Bugatti Chiron at 23 with His Recession Proof Blueprint Section 8 Karim Buys a Bugatti Chiron at 23 with His Recession Proof Blueprint
Everything Nobody Wants This Gives Us in Season 2 Everything Nobody Wants This Gives Us in Season 2,Vulture,Everything Nobody Wants This Gives Us in Season 2,Everything Nobody Wants This Gives Us in Season 2 Everything Nobody Wants This Gives Us in Season 2
LeBron James name surfaces in NBA mafia betting probe after private injury status allegedly leaked by former teammate LeBron James name surfaces in NBA mafia betting probe after private injury status allegedly leaked by former teammate,The Times of India,LeBron James’ name surfaces in NBA mafia betting probe after private injury status allegedly leaked by former teammate,LeBron James name surfaces in NBA mafia betting probe after private injury status allegedly leaked by former teammate LeBron James name surfaces in NBA mafia betting probe after private injury status allegedly leaked by former teammate
"Baker Hughes reports Q3 RPO of 35.3B, including record IET RPO of 32.1B Baker Hughes reports Q3 RPO of 35.3B, including record IET RPO of 32.1B",Thefly.com,"Baker Hughes reports Q3 RPO of $35.3B, including record IET RPO of $32.1B","Baker Hughes reports Q3 RPO of 35.3B, including record IET RPO of 32.1B Baker Hughes reports Q3 RPO of 35.3B, including record IET RPO of 32.1B"
The King of Fighters AFK Celebrates the Spooky Season with Halloween Themed Fighters and New Events The King of Fighters AFK Celebrates the Spooky Season with Halloween Themed Fighters and New Events,Anime News Network,The King of Fighters AFK Celebrates the Spooky Season with Halloween-Themed Fighters and New Events,The King of Fighters AFK Celebrates the Spooky Season with Halloween Themed Fighters and New Events The King of Fighters AFK Celebrates the Spooky Season with Halloween Themed Fighters and New Events
"Bigg Boss 19 Farrhana Bhatt opens up about her strained relationship with her father says he is not a good father, my relatives threatened me for making videos Bigg Boss 19 Farrhana Bhatt opens up about her strained relationship with her father says he is not a good father, my relatives threatened me for making videos",The Times of India,"Bigg Boss 19: Farrhana Bhatt opens up about her strained relationship with her father; says 'he is not a good father, my relatives threatened me for making videos'","Bigg Boss 19 Farrhana Bhatt opens up about her strained relationship with her father says he is not a good father, my relatives threatened me for making videos Bigg Boss 19 Farrhana Bhatt opens up about her strained relationship with her father says he is not a good father, my relatives threatened me for making videos"
"U.S. Sends B 1 Bombers Near Venezuela, Ramping Up Military Pressure Wall Street Journal U.S. Sends B 1 Bombers Near Venezuela, Ramping Up Military Pressure Wall Street Journal",Memeorandum.com,"U.S. Sends B-1 Bombers Near Venezuela, Ramping Up Military Pressure (Wall Street Journal)","U.S. Sends B 1 Bombers Near Venezuela, Ramping Up Military Pressure Wall Street Journal U.S. Sends B 1 Bombers Near Venezuela, Ramping Up Military Pressure Wall Street Journal"
Pheton Holdings receives noncompliance notification from Nasdaq Pheton Holdings receives noncompliance notification from Nasdaq,Thefly.com,Pheton Holdings receives noncompliance notification from Nasdaq,Pheton Holdings receives noncompliance notification from Nasdaq Pheton Holdings receives noncompliance notification from Nasdaq
Trump s White House ballroom sparks criticism amid shutdown Trump s White House ballroom sparks criticism amid shutdown,DW (English),Trump's White House ballroom sparks criticism amid shutdown,Trump s White House ballroom sparks criticism amid shutdown Trump s White House ballroom sparks criticism amid shutdown
ICE Agents Are Using Family Separation Tactics Central to US State Violence ICE Agents Are Using Family Separation Tactics Central to US State Violence,Truthout,ICE Agents Are Using Family Separation Tactics Central to US State Violence,ICE Agents Are Using Family Separation Tactics Central to US State Violence ICE Agents Are Using Family Separation Tactics Central to US State Violence
"Intel stock jumps as Q3 earnings beat expectations, AI drives chip demand Intel stock jumps as Q3 earnings beat expectations, AI drives chip demand",Yahoo Entertainment,"Intel stock jumps as Q3 earnings beat expectations, AI drives chip demand","Intel stock jumps as Q3 earnings beat expectations, AI drives chip demand Intel stock jumps as Q3 earnings beat expectations, AI drives chip demand"
"AWS reveals new cloud incident reporting tool, with almost zero sense of irony AWS reveals new cloud incident reporting tool, with almost zero sense of irony",TechRadar,"AWS reveals new cloud incident reporting tool, with almost zero sense of irony","AWS reveals new cloud incident reporting tool, with almost zero sense of irony AWS reveals new cloud incident reporting tool, with almost zero sense of irony"
"Aurora sergeant shared child sex abuse material, tried to solicit a minor, affidavit says Aurora sergeant shared child sex abuse material, tried to solicit a minor, affidavit says",The Denver Post,"Aurora sergeant shared child sex abuse material, tried to solicit a minor, affidavit says","Aurora sergeant shared child sex abuse material, tried to solicit a minor, affidavit says Aurora sergeant shared child sex abuse material, tried to solicit a minor, affidavit says"
Oregon Ducks WR Evan Stewart eyeing return following knee surgery Oregon Ducks WR Evan Stewart eyeing return following knee surgery,USA Today,Oregon Ducks WR Evan Stewart eyeing return following knee surgery,Oregon Ducks WR Evan Stewart eyeing return following knee surgery Oregon Ducks WR Evan Stewart eyeing return following knee surgery
Report NYC Mayor Eric Adams to Endorse Andrew Cuomo for Mayor Report NYC Mayor Eric Adams to Endorse Andrew Cuomo for Mayor,Breitbart News,Report: NYC Mayor Eric Adams to Endorse Andrew Cuomo for Mayor,Report NYC Mayor Eric Adams to Endorse Andrew Cuomo for Mayor Report NYC Mayor Eric Adams to Endorse Andrew Cuomo for Mayor
"Warmer Nordic springs double the incidence of avian malaria, long term study finds Warmer Nordic springs double the incidence of avian malaria, long term study finds",Phys.Org,"Warmer Nordic springs double the incidence of avian malaria, long-term study finds","Warmer Nordic springs double the incidence of avian malaria, long term study finds Warmer Nordic springs double the incidence of avian malaria, long term study finds"
Sahani From set designer to GA s deputy CM choice Sahani From set designer to GA s deputy CM choice,The Times of India,Sahani: From set designer to GA’s deputy CM choice,Sahani From set designer to GA s deputy CM choice Sahani From set designer to GA s deputy CM choice
Reba McEntire to host TV special that she s always wanted to do Reba McEntire to host TV special that she s always wanted to do,The-independent.com,Reba McEntire to host TV special that she’s ‘always wanted to do’,Reba McEntire to host TV special that she s always wanted to do Reba McEntire to host TV special that she s always wanted to do
Exclusive Yeh Rishta Kya Kehlata Hai actress Samridhii Shukla on celebrating Diwali on set says Happiness can be found even amidst work Exclusive Yeh Rishta Kya Kehlata Hai actress Samridhii Shukla on celebrating Diwali on set says Happiness can be found even amidst work,The Times of India,Exclusive - Yeh Rishta Kya Kehlata Hai actress Samridhii Shukla on celebrating Diwali on set; says 'Happiness can be found even amidst work',Exclusive Yeh Rishta Kya Kehlata Hai actress Samridhii Shukla on celebrating Diwali on set says Happiness can be found even amidst work Exclusive Yeh Rishta Kya Kehlata Hai actress Samridhii Shukla on celebrating Diwali on set says Happiness can be found even amidst work
Ed Orgeron makes his intentions clear before coaching carousel ramps up Ed Orgeron makes his intentions clear before coaching carousel ramps up,Sporting News,Ed Orgeron makes his intentions clear before coaching carousel ramps up,Ed Orgeron makes his intentions clear before coaching carousel ramps up Ed Orgeron makes his intentions clear before coaching carousel ramps up
"WPP rolls out WPP Open Pro, a self serve version of WPP Open, its AI powered marketing platform that helps marketers build campaigns and develop creative assets Kendra Barnett Adweek WPP rolls out WPP Open Pro, a self serve version of WPP Open, its AI powered marketing platform that helps marketers build campaigns and develop creative assets Kendra Barnett Adweek",Mediagazer.com,"WPP rolls out WPP Open Pro, a self-serve version of WPP Open, its AI-powered marketing platform that helps marketers build campaigns and develop creative assets (Kendra Barnett/Adweek)","WPP rolls out WPP Open Pro, a self serve version of WPP Open, its AI powered marketing platform that helps marketers build campaigns and develop creative assets Kendra Barnett Adweek WPP rolls out WPP Open Pro, a self serve version of WPP Open, its AI powered marketing platform that helps marketers build campaigns and develop creative assets Kendra Barnett Adweek"
"DeepSeek s new model sees text differently, opening new possibilities for enterprise AI DeepSeek s new model sees text differently, opening new possibilities for enterprise AI",Fortune,"DeepSeek’s new model sees text differently, opening new possibilities for enterprise AI","DeepSeek s new model sees text differently, opening new possibilities for enterprise AI DeepSeek s new model sees text differently, opening new possibilities for enterprise AI"
Johnny Depp s Big Comeback Is a Ti West Christmas Carol Movie Johnny Depp s Big Comeback Is a Ti West Christmas Carol Movie,Gizmodo.com,Johnny Depp’s Big Comeback Is a Ti West ‘Christmas Carol’ Movie,Johnny Depp s Big Comeback Is a Ti West Christmas Carol Movie Johnny Depp s Big Comeback Is a Ti West Christmas Carol Movie
"Peatlands huge reservoir of carbon at risk of release, researchers warn Peatlands huge reservoir of carbon at risk of release, researchers warn",Phys.Org,"Peatlands' 'huge reservoir' of carbon at risk of release, researchers warn","Peatlands huge reservoir of carbon at risk of release, researchers warn Peatlands huge reservoir of carbon at risk of release, researchers warn"
Nike Air Foamposite Pro College Football Pack Releasing Fall 2026 Nike Air Foamposite Pro College Football Pack Releasing Fall 2026,Sneaker News,Nike Air Foamposite Pro “College Football” Pack Releasing Fall 2026,Nike Air Foamposite Pro College Football Pack Releasing Fall 2026 Nike Air Foamposite Pro College Football Pack Releasing Fall 2026
Niagen Bioscience CFO says very conservative in how business run Niagen Bioscience CFO says very conservative in how business run,Thefly.com,Niagen Bioscience CFO says 'very conservative' in how business run,Niagen Bioscience CFO says very conservative in how business run Niagen Bioscience CFO says very conservative in how business run
BoxLunch Just Released 12 NEW Loungeflys BoxLunch Just Released 12 NEW Loungeflys,disneyfoodblog.com,BoxLunch Just Released 12 NEW Loungeflys,BoxLunch Just Released 12 NEW Loungeflys BoxLunch Just Released 12 NEW Loungeflys
Journalists Olena Hramova and Yevhen Karmazin of Ukraine s Freedom TV were killed in a Russian drone strike Thursday in Donetsk Oleksandr Kolychev was injured Tania Myronyshena The Kyiv Independent Journalists Olena Hramova and Yevhen Karmazin of Ukraine s Freedom TV were killed in a Russian drone strike Thursday in Donetsk Oleksandr Kolychev was injured Tania Myronyshena The Kyiv Independent,Mediagazer.com,Journalists Olena Hramova and Yevhen Karmazin of Ukraine's Freedom TV were killed in a Russian drone strike Thursday in Donetsk; Oleksandr Kolychev was injured (Tania Myronyshena/The Kyiv Independent),Journalists Olena Hramova and Yevhen Karmazin of Ukraine s Freedom TV were killed in a Russian drone strike Thursday in Donetsk Oleksandr Kolychev was injured Tania Myronyshena The Kyiv Independent Journalists Olena Hramova and Yevhen Karmazin of Ukraine s Freedom TV were killed in a Russian drone strike Thursday in Donetsk Oleksandr Kolychev was injured Tania Myronyshena The Kyiv Independent
"Bethesda s Fallout Day stream reveals Fallout 4 Anniversary Edition, confirms the 2015 RPG is coming to Switch 2, and no New Vegas remake, but here s a collectors bundle instead Bethesda s Fallout Day stream reveals Fallout 4 Anniversary Edition, confirms the 2015 RPG is coming to Switch 2, and no New Vegas remake, but here s a collectors bundle instead",GamesRadar+,"Bethesda's Fallout Day stream reveals Fallout 4 Anniversary Edition, confirms the 2015 RPG is coming to Switch 2, and no New Vegas remake, but here's a collectors bundle instead","Bethesda s Fallout Day stream reveals Fallout 4 Anniversary Edition, confirms the 2015 RPG is coming to Switch 2, and no New Vegas remake, but here s a collectors bundle instead Bethesda s Fallout Day stream reveals Fallout 4 Anniversary Edition, confirms the 2015 RPG is coming to Switch 2, and no New Vegas remake, but here s a collectors bundle instead"
David Seaman believes Arsenal man will be a better player once he adapts David Seaman believes Arsenal man will be a better player once he adapts,Just Arsenal News,David Seaman believes Arsenal man will be a better player once he adapts,David Seaman believes Arsenal man will be a better player once he adapts David Seaman believes Arsenal man will be a better player once he adapts
"Bethesda celebrates Fallout Day with a host of announcements, including a Fallout 4 Anniversary Edition and Nintendo Switch 2 Edition, a native Fallout 76 release for PS5 and Xbox Series X, and more Bethesda celebrates Fallout Day with a host of announcements, including a Fallout 4 Anniversary Edition and Nintendo Switch 2 Edition, a native Fallout 76 release for PS5 and Xbox Series X, and more",TechRadar,"Bethesda celebrates Fallout Day with a host of announcements, including a Fallout 4 Anniversary Edition and Nintendo Switch 2 Edition, a native Fallout 76 release for PS5 and Xbox Series X, and more","Bethesda celebrates Fallout Day with a host of announcements, including a Fallout 4 Anniversary Edition and Nintendo Switch 2 Edition, a native Fallout 76 release for PS5 and Xbox Series X, and more Bethesda celebrates Fallout Day with a host of announcements, including a Fallout 4 Anniversary Edition and Nintendo Switch 2 Edition, a native Fallout 76 release for PS5 and Xbox Series X, and more"
This is the largest ever galaxy cluster catalog. Could it reveal clues about the dark universe? This is the largest ever galaxy cluster catalog. Could it reveal clues about the dark universe?,Space.com,This is the largest-ever galaxy cluster catalog. Could it reveal clues about the dark universe?,This is the largest ever galaxy cluster catalog. Could it reveal clues about the dark universe? This is the largest ever galaxy cluster catalog. Could it reveal clues about the dark universe?
Powerful NVIDIA chip launching to orbit next month to pave way for space based data centers Powerful NVIDIA chip launching to orbit next month to pave way for space based data centers,Space.com,Powerful NVIDIA chip launching to orbit next month to pave way for space-based data centers,Powerful NVIDIA chip launching to orbit next month to pave way for space based data centers Powerful NVIDIA chip launching to orbit next month to pave way for space based data centers
Fallout New Vegas 15th Anniversary Bundle Announced on Fallout Day Here Are the Contents Fallout New Vegas 15th Anniversary Bundle Announced on Fallout Day Here Are the Contents,IGN,Fallout: New Vegas 15th Anniversary Bundle Announced on Fallout Day — Here Are the Contents,Fallout New Vegas 15th Anniversary Bundle Announced on Fallout Day Here Are the Contents Fallout New Vegas 15th Anniversary Bundle Announced on Fallout Day Here Are the Contents
The Restaurant for Power Brokers The Restaurant for Power Brokers,Politicalwire.com,The Restaurant for Power Brokers,The Restaurant for Power Brokers The Restaurant for Power Brokers
Astronomers share largest molecular survey to date GOTHAM legacy data goes public Astronomers share largest molecular survey to date GOTHAM legacy data goes public,Phys.Org,Astronomers share largest molecular survey to date: GOTHAM legacy data goes public,Astronomers share largest molecular survey to date GOTHAM legacy data goes public Astronomers share largest molecular survey to date GOTHAM legacy data goes public
"Assassin s Creed Shadows Coming To Switch 2, And Really Soon Assassin s Creed Shadows Coming To Switch 2, And Really Soon",GameSpot,"Assassin's Creed Shadows Coming To Switch 2, And Really Soon","Assassin s Creed Shadows Coming To Switch 2, And Really Soon Assassin s Creed Shadows Coming To Switch 2, And Really Soon"
911 Nashville actor Isabelle Tate dies aged 23 just months after filming show 911 Nashville actor Isabelle Tate dies aged 23 just months after filming show,The-independent.com,911 Nashville actor Isabelle Tate dies aged 23 just months after filming show,911 Nashville actor Isabelle Tate dies aged 23 just months after filming show 911 Nashville actor Isabelle Tate dies aged 23 just months after filming show
"Democrats Reject Bipartisan Bill To Pay Troops, Essential Federal Workers During Shutdown Democrats Reject Bipartisan Bill To Pay Troops, Essential Federal Workers During Shutdown",The Daily Caller,"Democrats Reject Bipartisan Bill To Pay Troops, ‘Essential’ Federal Workers During Shutdown","Democrats Reject Bipartisan Bill To Pay Troops, Essential Federal Workers During Shutdown Democrats Reject Bipartisan Bill To Pay Troops, Essential Federal Workers During Shutdown"
Billionaire Owner Woos Trump With Flattering TIME Cover After Meltdown Leigh Kimmins The Daily Beast Billionaire Owner Woos Trump With Flattering TIME Cover After Meltdown Leigh Kimmins The Daily Beast,Memeorandum.com,Billionaire Owner Woos Trump With Flattering TIME Cover After Meltdown (Leigh Kimmins/The Daily Beast),Billionaire Owner Woos Trump With Flattering TIME Cover After Meltdown Leigh Kimmins The Daily Beast Billionaire Owner Woos Trump With Flattering TIME Cover After Meltdown Leigh Kimmins The Daily Beast
Video Find out why Impinj is trading higher today Video Find out why Impinj is trading higher today,Thefly.com,Video: Find out why Impinj is trading higher today,Video Find out why Impinj is trading higher today Video Find out why Impinj is trading higher today
Award Winning Film An Inconvenient Study Sparks Global Debate on Vaccine Safety and Chronic Disease Award Winning Film An Inconvenient Study Sparks Global Debate on Vaccine Safety and Chronic Disease,GlobeNewswire,Award-Winning Film An Inconvenient Study Sparks Global Debate on Vaccine Safety and Chronic Disease,Award Winning Film An Inconvenient Study Sparks Global Debate on Vaccine Safety and Chronic Disease Award Winning Film An Inconvenient Study Sparks Global Debate on Vaccine Safety and Chronic Disease
First high resolution structure of key herpes virus protein opens path to new antivirals First high resolution structure of key herpes virus protein opens path to new antivirals,Phys.Org,First high-resolution structure of key herpes virus protein opens path to new antivirals,First high resolution structure of key herpes virus protein opens path to new antivirals First high resolution structure of key herpes virus protein opens path to new antivirals
Barbra Streisand Slams Latest Ridiculous Trump Move As Symbolic Of His Presidency Barbra Streisand Slams Latest Ridiculous Trump Move As Symbolic Of His Presidency,HuffPost,Barbra Streisand Slams Latest 'Ridiculous' Trump Move As Symbolic Of His Presidency,Barbra Streisand Slams Latest Ridiculous Trump Move As Symbolic Of His Presidency Barbra Streisand Slams Latest Ridiculous Trump Move As Symbolic Of His Presidency
Trump says the government owes him a lot of money over federal probes. Here s how he could be paid Trump says the government owes him a lot of money over federal probes. Here s how he could be paid,PBS,Trump says the government owes him a ‘lot of money’ over federal probes. Here’s how he could be paid,Trump says the government owes him a lot of money over federal probes. Here s how he could be paid Trump says the government owes him a lot of money over federal probes. Here s how he could be paid
Kaun Banega Crorepati 17 Contestant Shiva Chohan quits game at Rs 25 lakh question but correctly answers Kaun Banega Crorepati 17 Contestant Shiva Chohan quits game at Rs 25 lakh question but correctly answers,The Times of India,Kaun Banega Crorepati 17: Contestant Shiva Chohan quits game at Rs 25 lakh question but correctly answers,Kaun Banega Crorepati 17 Contestant Shiva Chohan quits game at Rs 25 lakh question but correctly answers Kaun Banega Crorepati 17 Contestant Shiva Chohan quits game at Rs 25 lakh question but correctly answers
"Boise State vs. Nevada live stream, where to watch online, CBS Sports Network channel finder, odds Boise State vs. Nevada live stream, where to watch online, CBS Sports Network channel finder, odds",CBS Sports,"Boise State vs. Nevada live stream, where to watch online, CBS Sports Network channel finder, odds","Boise State vs. Nevada live stream, where to watch online, CBS Sports Network channel finder, odds Boise State vs. Nevada live stream, where to watch online, CBS Sports Network channel finder, odds"
Trump Pardons Convicted Binance Founder CZ Zhao Trump Pardons Convicted Binance Founder CZ Zhao,HuffPost,Trump Pardons Convicted Binance Founder 'CZ' Zhao,Trump Pardons Convicted Binance Founder CZ Zhao Trump Pardons Convicted Binance Founder CZ Zhao
"Death of chess champ Daniel Naroditsky investigated as possible suicide or overdose, police say Death of chess champ Daniel Naroditsky investigated as possible suicide or overdose, police say",NBC News,"Death of chess champ Daniel Naroditsky investigated as possible suicide or overdose, police say","Death of chess champ Daniel Naroditsky investigated as possible suicide or overdose, police say Death of chess champ Daniel Naroditsky investigated as possible suicide or overdose, police say"
Sabio Announces LIFE Offering of Up to 4 Million Sabio Announces LIFE Offering of Up to 4 Million,GlobeNewswire,Sabio Announces LIFE Offering of Up to $4 Million,Sabio Announces LIFE Offering of Up to 4 Million Sabio Announces LIFE Offering of Up to 4 Million
"Phillips Edison reports Q3 core EPS 65c, consensus 64c Phillips Edison reports Q3 core EPS 65c, consensus 64c",Thefly.com,"Phillips Edison reports Q3 core EPS 65c, consensus 64c","Phillips Edison reports Q3 core EPS 65c, consensus 64c Phillips Edison reports Q3 core EPS 65c, consensus 64c"
"Trump Vows to End Aid If Israel Annexes West Bank, Ignoring Ongoing Annexation Trump Vows to End Aid If Israel Annexes West Bank, Ignoring Ongoing Annexation",Truthout,"Trump Vows to End Aid If Israel Annexes West Bank, Ignoring Ongoing Annexation","Trump Vows to End Aid If Israel Annexes West Bank, Ignoring Ongoing Annexation Trump Vows to End Aid If Israel Annexes West Bank, Ignoring Ongoing Annexation"
Alabama football Week 9 opponent preview South Carolina Gamecocks Alabama football Week 9 opponent preview South Carolina Gamecocks,USA Today,Alabama football Week 9 opponent preview: South Carolina Gamecocks,Alabama football Week 9 opponent preview South Carolina Gamecocks Alabama football Week 9 opponent preview South Carolina Gamecocks
"The alleged 200,000 tip to Mafia that led to arrest of Terry Rozier The alleged 200,000 tip to Mafia that led to arrest of Terry Rozier",New York Post,"The alleged $200,000 tip to Mafia that led to arrest of Terry Rozier","The alleged 200,000 tip to Mafia that led to arrest of Terry Rozier The alleged 200,000 tip to Mafia that led to arrest of Terry Rozier"
Thursday is set for highly anticipated summit between Trump and Xi Jinping Thursday is set for highly anticipated summit between Trump and Xi Jinping,Yahoo Entertainment,Thursday is set for highly anticipated summit between Trump and Xi Jinping,Thursday is set for highly anticipated summit between Trump and Xi Jinping Thursday is set for highly anticipated summit between Trump and Xi Jinping
"Thrift store doll dubbed Anne of Scream Gables actually sculpture by late artist, says son Thrift store doll dubbed Anne of Scream Gables actually sculpture by late artist, says son",CBC News,"Thrift store doll dubbed 'Anne of Scream Gables' actually sculpture by late artist, says son","Thrift store doll dubbed Anne of Scream Gables actually sculpture by late artist, says son Thrift store doll dubbed Anne of Scream Gables actually sculpture by late artist, says son"
Nextracker Inc options imply 7.8 move in share price post earnings Nextracker Inc options imply 7.8 move in share price post earnings,Thefly.com,Nextracker Inc options imply 7.8% move in share price post-earnings,Nextracker Inc options imply 7.8 move in share price post earnings Nextracker Inc options imply 7.8 move in share price post earnings
This Is the People s House! ABC s Mary Bruce Spars With Karoline Leavitt Over East Wing Demolition for Trump Ballroom This Is the People s House! ABC s Mary Bruce Spars With Karoline Leavitt Over East Wing Demolition for Trump Ballroom,Mediaite,‘This Is the People’s House!’ ABC’s Mary Bruce Spars With Karoline Leavitt Over East Wing Demolition for Trump Ballroom,This Is the People s House! ABC s Mary Bruce Spars With Karoline Leavitt Over East Wing Demolition for Trump Ballroom This Is the People s House! ABC s Mary Bruce Spars With Karoline Leavitt Over East Wing Demolition for Trump Ballroom
Stellan Skarsgard shares innovative technology he uses to help him act after stroke Stellan Skarsgard shares innovative technology he uses to help him act after stroke,The-independent.com,Stellan Skarsgard shares innovative technology he uses to help him act after stroke,Stellan Skarsgard shares innovative technology he uses to help him act after stroke Stellan Skarsgard shares innovative technology he uses to help him act after stroke
O Τραμπ συμφώνησε να μην στείλει ομοσπονδιακές δυνάμεις στο Σαν Φρανσίσκο O Τραμπ συμφώνησε να μην στείλει ομοσπονδιακές δυνάμεις στο Σαν Φρανσίσκο,Skai.gr,O Τραμπ συμφώνησε να μην στείλει ομοσπονδιακές δυνάμεις στο Σαν Φρανσίσκο,O Τραμπ συμφώνησε να μην στείλει ομοσπονδιακές δυνάμεις στο Σαν Φρανσίσκο O Τραμπ συμφώνησε να μην στείλει ομοσπονδιακές δυνάμεις στο Σαν Φρανσίσκο
Chess grandmaster mourned as game authorities investigate Russian rival for alleged cyberbullying Chess grandmaster mourned as game authorities investigate Russian rival for alleged cyberbullying,Boston Herald,Chess grandmaster mourned as game authorities investigate Russian rival for alleged cyberbullying,Chess grandmaster mourned as game authorities investigate Russian rival for alleged cyberbullying Chess grandmaster mourned as game authorities investigate Russian rival for alleged cyberbullying
"Cicadas and the science of synchrony How light, sound, and instinct guide their chorus Cicadas and the science of synchrony How light, sound, and instinct guide their chorus",The Times of India,"Cicadas and the science of synchrony: How light, sound, and instinct guide their chorus","Cicadas and the science of synchrony How light, sound, and instinct guide their chorus Cicadas and the science of synchrony How light, sound, and instinct guide their chorus"
"KISS co founders Gene Simmons, Paul Stanley and Peter Criss attend Ace Frehley s private funeral KISS co founders Gene Simmons, Paul Stanley and Peter Criss attend Ace Frehley s private funeral",New York Post,"KISS co-founders Gene Simmons, Paul Stanley and Peter Criss attend Ace Frehley’s private funeral","KISS co founders Gene Simmons, Paul Stanley and Peter Criss attend Ace Frehley s private funeral KISS co founders Gene Simmons, Paul Stanley and Peter Criss attend Ace Frehley s private funeral"
"Universal Orlando Is Making It A Lot Easier To Visit Epic Universe, And Now I Think I Need To Go Back Universal Orlando Is Making It A Lot Easier To Visit Epic Universe, And Now I Think I Need To Go Back",CinemaBlend,"Universal Orlando Is Making It A Lot Easier To Visit Epic Universe, And Now I Think I Need To Go Back","Universal Orlando Is Making It A Lot Easier To Visit Epic Universe, And Now I Think I Need To Go Back Universal Orlando Is Making It A Lot Easier To Visit Epic Universe, And Now I Think I Need To Go Back"
A View From the Easel A View From the Easel,Hyperallergic,A View From the Easel,A View From the Easel A View From the Easel
"SEMLER CLASS ACTION REMINDER Bragar Eagel Squire, P.C. Urges Semler Scientific Investors to Contact the Firm Before the October 28th Deadline SEMLER CLASS ACTION REMINDER Bragar Eagel Squire, P.C. Urges Semler Scientific Investors to Contact the Firm Before the October 28th Deadline",GlobeNewswire,"SEMLER CLASS ACTION REMINDER: Bragar Eagel & Squire, P.C. Urges Semler Scientific Investors to Contact the Firm Before the October 28th Deadline","SEMLER CLASS ACTION REMINDER Bragar Eagel Squire, P.C. Urges Semler Scientific Investors to Contact the Firm Before the October 28th Deadline SEMLER CLASS ACTION REMINDER Bragar Eagel Squire, P.C. Urges Semler Scientific Investors to Contact the Firm Before the October 28th Deadline"
Scales scores as Celtic storm back to beat Sturm Graz Scales scores as Celtic storm back to beat Sturm Graz,RTE,Scales scores as Celtic storm back to beat Sturm Graz,Scales scores as Celtic storm back to beat Sturm Graz Scales scores as Celtic storm back to beat Sturm Graz
Trump Opens Pristine Alaska Wilderness to Drilling Trump Opens Pristine Alaska Wilderness to Drilling,Politicalwire.com,Trump Opens Pristine Alaska Wilderness to Drilling,Trump Opens Pristine Alaska Wilderness to Drilling Trump Opens Pristine Alaska Wilderness to Drilling
Cuomo Under Fire for Islamophobic Comments As Campaign Deletes Racist AI Ad Cuomo Under Fire for Islamophobic Comments As Campaign Deletes Racist AI Ad,Truthout,Cuomo Under Fire for Islamophobic Comments As Campaign Deletes Racist AI Ad,Cuomo Under Fire for Islamophobic Comments As Campaign Deletes Racist AI Ad Cuomo Under Fire for Islamophobic Comments As Campaign Deletes Racist AI Ad
Male physiology Democrat judges claim powerlifting group s ban on men in women s events is discriminatory Male physiology Democrat judges claim powerlifting group s ban on men in women s events is discriminatory,Wnd.com,‘Male physiology’: Democrat judges claim powerlifting group’s ban on men in women’s events is ‘discriminatory’,Male physiology Democrat judges claim powerlifting group s ban on men in women s events is discriminatory Male physiology Democrat judges claim powerlifting group s ban on men in women s events is discriminatory
Poll Republican Paul LePage Leads Democrat Rep. Jared Golden in Maine House Race Poll Republican Paul LePage Leads Democrat Rep. Jared Golden in Maine House Race,Breitbart News,Poll: Republican Paul LePage Leads Democrat Rep. Jared Golden in Maine House Race,Poll Republican Paul LePage Leads Democrat Rep. Jared Golden in Maine House Race Poll Republican Paul LePage Leads Democrat Rep. Jared Golden in Maine House Race
"As 11 billion cash shortfall looms, we ask is Volkswagen cooked? As 11 billion cash shortfall looms, we ask is Volkswagen cooked?",Electrek,"As $11 billion cash shortfall looms, we ask: is Volkswagen cooked?","As 11 billion cash shortfall looms, we ask is Volkswagen cooked? As 11 billion cash shortfall looms, we ask is Volkswagen cooked?"
"The most mid Square Enix game in existence, Balan Wonderworld, shocks the nation and sells a single copy in the US this September Somebody made the conscious decision to pick up that game The most mid Square Enix game in existence, Balan Wonderworld, shocks the nation and sells a single copy in the US this September Somebody made the conscious decision to pick up that game",GamesRadar+,"The most mid Square Enix game in existence, Balan Wonderworld, shocks the nation and sells a single copy in the US this September: ""Somebody made the conscious decision to pick up that game""","The most mid Square Enix game in existence, Balan Wonderworld, shocks the nation and sells a single copy in the US this September Somebody made the conscious decision to pick up that game The most mid Square Enix game in existence, Balan Wonderworld, shocks the nation and sells a single copy in the US this September Somebody made the conscious decision to pick up that game"
Un American Public school teacher faces DOJ probe over unhinged threat to ICE Un American Public school teacher faces DOJ probe over unhinged threat to ICE,Wnd.com,‘Un-American’: Public school teacher faces DOJ probe over ‘unhinged’ threat to ICE,Un American Public school teacher faces DOJ probe over unhinged threat to ICE Un American Public school teacher faces DOJ probe over unhinged threat to ICE
"NBA reacts to arrests of Chauncey Billups, Terry Rozier on illegal gambling charges NBA reacts to arrests of Chauncey Billups, Terry Rozier on illegal gambling charges",CBS News,"NBA reacts to arrests of Chauncey Billups, Terry Rozier on illegal gambling charges","NBA reacts to arrests of Chauncey Billups, Terry Rozier on illegal gambling charges NBA reacts to arrests of Chauncey Billups, Terry Rozier on illegal gambling charges"
"GBank Financial Holdings Inc. Announces Third Quarter 2025 Quarterly Earnings Call Scheduled for Wednesday, October 29th, at 10 00 A.M., Pacific Time GBank Financial Holdings Inc. Announces Third Quarter 2025 Quarterly Earnings Call Scheduled for Wednesday, October 29th, at 10 00 A.M., Pacific Time",GlobeNewswire,"GBank Financial Holdings Inc. Announces Third Quarter 2025 Quarterly Earnings Call Scheduled for Wednesday, October 29th, at 10:00 A.M., Pacific Time","GBank Financial Holdings Inc. Announces Third Quarter 2025 Quarterly Earnings Call Scheduled for Wednesday, October 29th, at 10 00 A.M., Pacific Time GBank Financial Holdings Inc. Announces Third Quarter 2025 Quarterly Earnings Call Scheduled for Wednesday, October 29th, at 10 00 A.M., Pacific Time"
Heat wave caused key part of Florida coral reef to become functionally extinct Heat wave caused key part of Florida coral reef to become functionally extinct,CBS News,"Heat wave caused key part of Florida coral reef to become ""functionally extinct""",Heat wave caused key part of Florida coral reef to become functionally extinct Heat wave caused key part of Florida coral reef to become functionally extinct
"Bigg Boss Malayalam 7 Aryan wins fourth ticket to finale game, Noora continues to lead the race Bigg Boss Malayalam 7 Aryan wins fourth ticket to finale game, Noora continues to lead the race",The Times of India,"Bigg Boss Malayalam 7: Aryan wins fourth ticket to finale game, Noora continues to lead the race","Bigg Boss Malayalam 7 Aryan wins fourth ticket to finale game, Noora continues to lead the race Bigg Boss Malayalam 7 Aryan wins fourth ticket to finale game, Noora continues to lead the race"
Behind Enemy Lines Auburn vs. Arkansas preview with Curtis Wilkerson of Inside Arkansas Behind Enemy Lines Auburn vs. Arkansas preview with Curtis Wilkerson of Inside Arkansas,USA Today,Behind Enemy Lines: Auburn vs. Arkansas preview with Curtis Wilkerson of Inside Arkansas,Behind Enemy Lines Auburn vs. Arkansas preview with Curtis Wilkerson of Inside Arkansas Behind Enemy Lines Auburn vs. Arkansas preview with Curtis Wilkerson of Inside Arkansas
London And Tokyo Unite On The mita x Offspring x adidas ZX8000 London And Tokyo Unite On The mita x Offspring x adidas ZX8000,Sneaker News,London And Tokyo Unite On The mita x Offspring x adidas ZX8000,London And Tokyo Unite On The mita x Offspring x adidas ZX8000 London And Tokyo Unite On The mita x Offspring x adidas ZX8000
"Donors for Trump s 300m White House ballroom include Google, Apple and Palantir The Guardian Donors for Trump s 300m White House ballroom include Google, Apple and Palantir The Guardian",Memeorandum.com,"Donors for Trump's $300m White House ballroom include Google, Apple and Palantir (The Guardian)","Donors for Trump s 300m White House ballroom include Google, Apple and Palantir The Guardian Donors for Trump s 300m White House ballroom include Google, Apple and Palantir The Guardian"
"Nielsen viewership of YouTube on TVs in the US inched down from a high of 13.4 in July to 12.6 in September, but still leads other distributors Sam Gutelle Tubefilter Nielsen viewership of YouTube on TVs in the US inched down from a high of 13.4 in July to 12.6 in September, but still leads other distributors Sam Gutelle Tubefilter",Mediagazer.com,"Nielsen: viewership of YouTube on TVs in the US inched down from a high of 13.4% in July to 12.6% in September, but still leads other distributors (Sam Gutelle/Tubefilter)","Nielsen viewership of YouTube on TVs in the US inched down from a high of 13.4 in July to 12.6 in September, but still leads other distributors Sam Gutelle Tubefilter Nielsen viewership of YouTube on TVs in the US inched down from a high of 13.4 in July to 12.6 in September, but still leads other distributors Sam Gutelle Tubefilter"
Going to be a dog fight Andi Jackson shares inside look at Nebraska volleyball s Big Ten streak and winning mindset Going to be a dog fight Andi Jackson shares inside look at Nebraska volleyball s Big Ten streak and winning mindset,The Times of India,“Going to be a dog fight”: Andi Jackson shares inside look at Nebraska volleyball’s Big Ten streak and winning mindset,Going to be a dog fight Andi Jackson shares inside look at Nebraska volleyball s Big Ten streak and winning mindset Going to be a dog fight Andi Jackson shares inside look at Nebraska volleyball s Big Ten streak and winning mindset
Ford is halting F 150 Lightning production to focus on more profitable gas and hybrid trucks Ford is halting F 150 Lightning production to focus on more profitable gas and hybrid trucks,Electrek,Ford is halting F-150 Lightning production to focus on more profitable gas and hybrid trucks,Ford is halting F 150 Lightning production to focus on more profitable gas and hybrid trucks Ford is halting F 150 Lightning production to focus on more profitable gas and hybrid trucks
Imperial Reports Production for 2025 Third Quarter at Red Chris Mine Imperial Reports Production for 2025 Third Quarter at Red Chris Mine,GlobeNewswire,Imperial Reports Production for 2025 Third Quarter at Red Chris Mine,Imperial Reports Production for 2025 Third Quarter at Red Chris Mine Imperial Reports Production for 2025 Third Quarter at Red Chris Mine
Democrats grapple with concerns about Black voter turnout in New Jersey Democrats grapple with concerns about Black voter turnout in New Jersey,NBC News,Democrats grapple with concerns about Black voter turnout in New Jersey,Democrats grapple with concerns about Black voter turnout in New Jersey Democrats grapple with concerns about Black voter turnout in New Jersey
MercadoLibre Takes on Amazon Brazil With Casas Bahia Pact MercadoLibre Takes on Amazon Brazil With Casas Bahia Pact,Biztoc.com,MercadoLibre Takes on Amazon Brazil With Casas Bahia Pact,MercadoLibre Takes on Amazon Brazil With Casas Bahia Pact MercadoLibre Takes on Amazon Brazil With Casas Bahia Pact
Portland Trail Blazers coach Chauncey Billups and Miami Heat player Terry Rozier arrested BBC Portland Trail Blazers coach Chauncey Billups and Miami Heat player Terry Rozier arrested BBC,Slashdot.org,Portland Trail Blazers coach Chauncey Billups and Miami Heat player Terry Rozier arrested - BBC,Portland Trail Blazers coach Chauncey Billups and Miami Heat player Terry Rozier arrested BBC Portland Trail Blazers coach Chauncey Billups and Miami Heat player Terry Rozier arrested BBC
"With championships in her bloodline, Columbine shortstop Liv Keiter leads Rebels into Class 5A state tournament With championships in her bloodline, Columbine shortstop Liv Keiter leads Rebels into Class 5A state tournament",The Denver Post,"With championships in her bloodline, Columbine shortstop Liv Keiter leads Rebels into Class 5A state tournament","With championships in her bloodline, Columbine shortstop Liv Keiter leads Rebels into Class 5A state tournament With championships in her bloodline, Columbine shortstop Liv Keiter leads Rebels into Class 5A state tournament"
"Fortnite Will Add Moe From The Simpsons In Next Major Update, It Seems Fortnite Will Add Moe From The Simpsons In Next Major Update, It Seems",GameSpot,"Fortnite Will Add Moe From The Simpsons In Next Major Update, It Seems","Fortnite Will Add Moe From The Simpsons In Next Major Update, It Seems Fortnite Will Add Moe From The Simpsons In Next Major Update, It Seems"
"Στα άκρα η κόντρα ΗΠΑ Ισραήλ Αν ο Νετανιάχου γ... τη συμφωνία, ο Τραμπ θα γ... αυτόν Στα άκρα η κόντρα ΗΠΑ Ισραήλ Αν ο Νετανιάχου γ... τη συμφωνία, ο Τραμπ θα γ... αυτόν",Skai.gr,"Στα άκρα η κόντρα ΗΠΑ-Ισραήλ: «Αν ο Νετανιάχου γ... τη συμφωνία, ο Τραμπ θα γ... αυτόν»","Στα άκρα η κόντρα ΗΠΑ Ισραήλ Αν ο Νετανιάχου γ... τη συμφωνία, ο Τραμπ θα γ... αυτόν Στα άκρα η κόντρα ΗΠΑ Ισραήλ Αν ο Νετανιάχου γ... τη συμφωνία, ο Τραμπ θα γ... αυτόν"
"Nearly 1 in 5 urinary tract infections linked to contaminated meat, study finds Nearly 1 in 5 urinary tract infections linked to contaminated meat, study finds",CBS News,"Nearly 1 in 5 urinary tract infections linked to contaminated meat, study finds","Nearly 1 in 5 urinary tract infections linked to contaminated meat, study finds Nearly 1 in 5 urinary tract infections linked to contaminated meat, study finds"
Trump calls off surge in San Francisco Jeremy B. White Politico Trump calls off surge in San Francisco Jeremy B. White Politico,Memeorandum.com,Trump calls off 'surge' in San Francisco (Jeremy B. White/Politico),Trump calls off surge in San Francisco Jeremy B. White Politico Trump calls off surge in San Francisco Jeremy B. White Politico
Pelosi Says Police May Arrest Federal Agents Who Violate California Law New York Times Pelosi Says Police May Arrest Federal Agents Who Violate California Law New York Times,Memeorandum.com,Pelosi Says Police May Arrest Federal Agents Who Violate California Law (New York Times),Pelosi Says Police May Arrest Federal Agents Who Violate California Law New York Times Pelosi Says Police May Arrest Federal Agents Who Violate California Law New York Times
"OP Bancorp reports Q3 EPS 45c, two estimates 44c OP Bancorp reports Q3 EPS 45c, two estimates 44c",Thefly.com,"OP Bancorp reports Q3 EPS 45c, two estimates 44c","OP Bancorp reports Q3 EPS 45c, two estimates 44c OP Bancorp reports Q3 EPS 45c, two estimates 44c"
"BayCom reports Q3 EPS 46c, consensus 52c BayCom reports Q3 EPS 46c, consensus 52c",Thefly.com,"BayCom reports Q3 EPS 46c, consensus 52c","BayCom reports Q3 EPS 46c, consensus 52c BayCom reports Q3 EPS 46c, consensus 52c"
Vans Old Skool 36 Hot Streak Heads To ComplexCon With Two Pearlized Pairs Vans Old Skool 36 Hot Streak Heads To ComplexCon With Two Pearlized Pairs,Sneaker News,Vans’ Old Skool 36 Hot Streak Heads To ComplexCon With Two “Pearlized” Pairs,Vans Old Skool 36 Hot Streak Heads To ComplexCon With Two Pearlized Pairs Vans Old Skool 36 Hot Streak Heads To ComplexCon With Two Pearlized Pairs
"Mohawk Industries reports Q3 adjusted EPS 2.67, consensus 2.64 Mohawk Industries reports Q3 adjusted EPS 2.67, consensus 2.64",Thefly.com,"Mohawk Industries reports Q3 adjusted EPS $2.67, consensus $2.64","Mohawk Industries reports Q3 adjusted EPS 2.67, consensus 2.64 Mohawk Industries reports Q3 adjusted EPS 2.67, consensus 2.64"
"Hunter Biden blasts irrelevant Jake Tapper, suggests CNN anchor used ChatGPT to write book Poor journalism Hunter Biden blasts irrelevant Jake Tapper, suggests CNN anchor used ChatGPT to write book Poor journalism",New York Post,"Hunter Biden blasts ‘irrelevant’ Jake Tapper, suggests CNN anchor used ChatGPT to write book: ‘Poor journalism’","Hunter Biden blasts irrelevant Jake Tapper, suggests CNN anchor used ChatGPT to write book Poor journalism Hunter Biden blasts irrelevant Jake Tapper, suggests CNN anchor used ChatGPT to write book Poor journalism"
Alberta teen faces new charges after terrorism peace bond for alleged online extremism ties Alberta teen faces new charges after terrorism peace bond for alleged online extremism ties,CBC News,Alberta teen faces new charges after terrorism peace bond for alleged online extremism ties,Alberta teen faces new charges after terrorism peace bond for alleged online extremism ties Alberta teen faces new charges after terrorism peace bond for alleged online extremism ties
Newsom Roasts Trump Suck Ups With a New Line of MAGA Kneepads Leigh Kimmins The Daily Beast Newsom Roasts Trump Suck Ups With a New Line of MAGA Kneepads Leigh Kimmins The Daily Beast,Memeorandum.com,Newsom Roasts Trump Suck-Ups With a New Line of MAGA Kneepads (Leigh Kimmins/The Daily Beast),Newsom Roasts Trump Suck Ups With a New Line of MAGA Kneepads Leigh Kimmins The Daily Beast Newsom Roasts Trump Suck Ups With a New Line of MAGA Kneepads Leigh Kimmins The Daily Beast
Dime Community Bancshares Declares Quarterly Cash Dividend for Series A Preferred Stock Dime Community Bancshares Declares Quarterly Cash Dividend for Series A Preferred Stock,GlobeNewswire,Dime Community Bancshares Declares Quarterly Cash Dividend for Series A Preferred Stock,Dime Community Bancshares Declares Quarterly Cash Dividend for Series A Preferred Stock Dime Community Bancshares Declares Quarterly Cash Dividend for Series A Preferred Stock
"HOME FEDERAL BANCORP, INC. OF LOUISIANA REPORTS RESULTS OF OPERATIONS FOR THE THREE MONTHS ENDED SEPTEMBER 30, 2025 HOME FEDERAL BANCORP, INC. OF LOUISIANA REPORTS RESULTS OF OPERATIONS FOR THE THREE MONTHS ENDED SEPTEMBER 30, 2025",GlobeNewswire,"HOME FEDERAL BANCORP, INC. OF LOUISIANA REPORTS RESULTS OF OPERATIONS FOR THE THREE MONTHS ENDED SEPTEMBER 30, 2025","HOME FEDERAL BANCORP, INC. OF LOUISIANA REPORTS RESULTS OF OPERATIONS FOR THE THREE MONTHS ENDED SEPTEMBER 30, 2025 HOME FEDERAL BANCORP, INC. OF LOUISIANA REPORTS RESULTS OF OPERATIONS FOR THE THREE MONTHS ENDED SEPTEMBER 30, 2025"
Outer Banks Final Season Filming Moves to Croatia as Production Nears Completion Outer Banks Final Season Filming Moves to Croatia as Production Nears Completion,What's on Netflix,‘Outer Banks’ Final Season Filming Moves to Croatia as Production Nears Completion,Outer Banks Final Season Filming Moves to Croatia as Production Nears Completion Outer Banks Final Season Filming Moves to Croatia as Production Nears Completion
Avidia Bancorp reports Q3 EPS 5c Avidia Bancorp reports Q3 EPS 5c,Thefly.com,Avidia Bancorp reports Q3 EPS (5c),Avidia Bancorp reports Q3 EPS 5c Avidia Bancorp reports Q3 EPS 5c
Google is turning on the gas for its data centers Google is turning on the gas for its data centers,The Verge,Google is turning on the gas for its data centers,Google is turning on the gas for its data centers Google is turning on the gas for its data centers
Toys R Us Canada affected by data breach hitting personal data Toys R Us Canada affected by data breach hitting personal data,MobileSyrup,Toys “R” Us Canada affected by data breach hitting personal data,Toys R Us Canada affected by data breach hitting personal data Toys R Us Canada affected by data breach hitting personal data
Sintx Technologies files to sell 1.74M shares of common stock for holders Sintx Technologies files to sell 1.74M shares of common stock for holders,Thefly.com,Sintx Technologies files to sell 1.74M shares of common stock for holders,Sintx Technologies files to sell 1.74M shares of common stock for holders Sintx Technologies files to sell 1.74M shares of common stock for holders
House Democrats request details on White House ballroom from President Trump Arden Farhi CBS News House Democrats request details on White House ballroom from President Trump Arden Farhi CBS News,Memeorandum.com,House Democrats request details on White House ballroom from President Trump (Arden Farhi/CBS News),House Democrats request details on White House ballroom from President Trump Arden Farhi CBS News House Democrats request details on White House ballroom from President Trump Arden Farhi CBS News
Zohran Mamdani Boasts Free NYC Bus Plan Would Cost 700 Million a Year Zohran Mamdani Boasts Free NYC Bus Plan Would Cost 700 Million a Year,Breitbart News,Zohran Mamdani Boasts ‘Free’ NYC Bus Plan Would Cost $700 Million a Year,Zohran Mamdani Boasts Free NYC Bus Plan Would Cost 700 Million a Year Zohran Mamdani Boasts Free NYC Bus Plan Would Cost 700 Million a Year
"Earnings live Intel stock surges, Ford rises after hours, Deckers drops Earnings live Intel stock surges, Ford rises after hours, Deckers drops",Yahoo Entertainment,"Earnings live: Intel stock surges, Ford rises after-hours, Deckers drops","Earnings live Intel stock surges, Ford rises after hours, Deckers drops Earnings live Intel stock surges, Ford rises after hours, Deckers drops"
Infrared Sauna Research Advances UCSF Clinical Trial Publishes Data Showing Feasibility and Promising Symptom Reduction in Depression Treatment Infrared Sauna Research Advances UCSF Clinical Trial Publishes Data Showing Feasibility and Promising Symptom Reduction in Depression Treatment,GlobeNewswire,Infrared Sauna Research Advances: UCSF Clinical Trial Publishes Data Showing Feasibility and Promising Symptom Reduction in Depression Treatment,Infrared Sauna Research Advances UCSF Clinical Trial Publishes Data Showing Feasibility and Promising Symptom Reduction in Depression Treatment Infrared Sauna Research Advances UCSF Clinical Trial Publishes Data Showing Feasibility and Promising Symptom Reduction in Depression Treatment
Trump Pardons Ex Binance CEO as Crypto Use Grows Trump Pardons Ex Binance CEO as Crypto Use Grows,pymnts.com,Trump Pardons Ex-Binance CEO as Crypto Use Grows,Trump Pardons Ex Binance CEO as Crypto Use Grows Trump Pardons Ex Binance CEO as Crypto Use Grows
Trump Pardons Ex Binance CEO as Crypto Wealth Grows Trump Pardons Ex Binance CEO as Crypto Wealth Grows,pymnts.com,Trump Pardons Ex-Binance CEO as Crypto Wealth Grows,Trump Pardons Ex Binance CEO as Crypto Wealth Grows Trump Pardons Ex Binance CEO as Crypto Wealth Grows
Game on Jack Smith offers to testify in public hearing over his investigation into Donald Trump Game on Jack Smith offers to testify in public hearing over his investigation into Donald Trump,Biztoc.com,‘Game on’: Jack Smith offers to testify in public hearing over his investigation into Donald Trump,Game on Jack Smith offers to testify in public hearing over his investigation into Donald Trump Game on Jack Smith offers to testify in public hearing over his investigation into Donald Trump
Coca Cola to Sell Cane Sugar Coke After Trump Said It s Just Better Coca Cola to Sell Cane Sugar Coke After Trump Said It s Just Better,Breitbart News,Coca-Cola to Sell Cane Sugar Coke After Trump Said 'It's Just Better',Coca Cola to Sell Cane Sugar Coke After Trump Said It s Just Better Coca Cola to Sell Cane Sugar Coke After Trump Said It s Just Better
Crunchyroll Launches on Delta Air Lines This Month Crunchyroll Launches on Delta Air Lines This Month,Anime News Network,Crunchyroll Launches on Delta Air Lines This Month,Crunchyroll Launches on Delta Air Lines This Month Crunchyroll Launches on Delta Air Lines This Month
Wizards of the Coast Is Bringing the Original Creators of Dragonlance Back Wizards of the Coast Is Bringing the Original Creators of Dragonlance Back,Gizmodo.com,Wizards of the Coast Is Bringing the Original Creators of ‘Dragonlance’ Back,Wizards of the Coast Is Bringing the Original Creators of Dragonlance Back Wizards of the Coast Is Bringing the Original Creators of Dragonlance Back
Reebok Celebrates Allen Iverson Documentary With The Engine A And Answer III Reebok Celebrates Allen Iverson Documentary With The Engine A And Answer III,Sneaker News,Reebok Celebrates Allen Iverson Documentary With The Engine A And Answer III,Reebok Celebrates Allen Iverson Documentary With The Engine A And Answer III Reebok Celebrates Allen Iverson Documentary With The Engine A And Answer III
Trump Backs Off Invading San Francisco After Talk With Nvidia and Salesforce CEOs Trump Backs Off Invading San Francisco After Talk With Nvidia and Salesforce CEOs,Gizmodo.com,Trump Backs Off Invading San Francisco After Talk With Nvidia and Salesforce CEOs,Trump Backs Off Invading San Francisco After Talk With Nvidia and Salesforce CEOs Trump Backs Off Invading San Francisco After Talk With Nvidia and Salesforce CEOs
REVIEW NEW Menu Items Debut at Chef Art Smith s Homecomin in Disney Springs REVIEW NEW Menu Items Debut at Chef Art Smith s Homecomin in Disney Springs,disneyfoodblog.com,REVIEW: NEW Menu Items Debut at Chef Art Smith’s Homecomin’ in Disney Springs,REVIEW NEW Menu Items Debut at Chef Art Smith s Homecomin in Disney Springs REVIEW NEW Menu Items Debut at Chef Art Smith s Homecomin in Disney Springs
"Denver CEO sues following ban from Colorado Golf Club, claims it cost business deal Denver CEO sues following ban from Colorado Golf Club, claims it cost business deal",The Denver Post,"Denver CEO sues following ban from Colorado Golf Club, claims it cost business deal","Denver CEO sues following ban from Colorado Golf Club, claims it cost business deal Denver CEO sues following ban from Colorado Golf Club, claims it cost business deal"
Jay Cutler DUI arrest video surfaces former quarterback caught lying about drinking and tensions emerge Jay Cutler DUI arrest video surfaces former quarterback caught lying about drinking and tensions emerge,The Times of India,Jay Cutler DUI arrest video surfaces former quarterback caught lying about drinking and tensions emerge,Jay Cutler DUI arrest video surfaces former quarterback caught lying about drinking and tensions emerge Jay Cutler DUI arrest video surfaces former quarterback caught lying about drinking and tensions emerge
Stephen Miller Literally Tells Trump This Country Was Going to Die Without You Stephen Miller Literally Tells Trump This Country Was Going to Die Without You,Mediaite,Stephen Miller Literally Tells Trump ‘This Country Was Going to Die Without You’,Stephen Miller Literally Tells Trump This Country Was Going to Die Without You Stephen Miller Literally Tells Trump This Country Was Going to Die Without You
Who s paying for Trump s 300 million ballroom? Who s paying for Trump s 300 million ballroom?,PBS,Who’s paying for Trump’s $300 million ballroom?,Who s paying for Trump s 300 million ballroom? Who s paying for Trump s 300 million ballroom?
Denver real estate firms launch joint venture with 8.5M loan for Vail residential site Denver real estate firms launch joint venture with 8.5M loan for Vail residential site,The Denver Post,Denver real estate firms launch joint venture with $8.5M loan for Vail residential site,Denver real estate firms launch joint venture with 8.5M loan for Vail residential site Denver real estate firms launch joint venture with 8.5M loan for Vail residential site
Developer Shea Properties looks to bring Cherry Creek sizzle to Denver Tech Center Developer Shea Properties looks to bring Cherry Creek sizzle to Denver Tech Center,The Denver Post,Developer Shea Properties looks to bring ‘Cherry Creek sizzle’ to Denver Tech Center,Developer Shea Properties looks to bring Cherry Creek sizzle to Denver Tech Center Developer Shea Properties looks to bring Cherry Creek sizzle to Denver Tech Center
Arsenal star is close to Premier League suspension ahead of weekend game Arsenal star is close to Premier League suspension ahead of weekend game,Just Arsenal News,Arsenal star is close to Premier League suspension ahead of weekend game,Arsenal star is close to Premier League suspension ahead of weekend game Arsenal star is close to Premier League suspension ahead of weekend game
"Securities Fraud Investigation Into Western Alliance Bancorporation WAL Continues Investors Who Lost Money Urged To Contact Glancy Prongay Murray LLP, a Leading Securities Fraud Law Firm Securities Fraud Investigation Into Western Alliance Bancorporation WAL Continues Investors Who Lost Money Urged To Contact Glancy Prongay Murray LLP, a Leading Securities Fraud Law Firm",GlobeNewswire,"Securities Fraud Investigation Into Western Alliance Bancorporation (WAL) Continues – Investors Who Lost Money Urged To Contact Glancy Prongay & Murray LLP, a Leading Securities Fraud Law Firm","Securities Fraud Investigation Into Western Alliance Bancorporation WAL Continues Investors Who Lost Money Urged To Contact Glancy Prongay Murray LLP, a Leading Securities Fraud Law Firm Securities Fraud Investigation Into Western Alliance Bancorporation WAL Continues Investors Who Lost Money Urged To Contact Glancy Prongay Murray LLP, a Leading Securities Fraud Law Firm"
A faint glow in the Milky Way could be a dark matter footprint A faint glow in the Milky Way could be a dark matter footprint,Space.com,A faint glow in the Milky Way could be a dark matter footprint,A faint glow in the Milky Way could be a dark matter footprint A faint glow in the Milky Way could be a dark matter footprint
"Taylor Swift, LL Cool J, Kenny Loggins and David Byrne are among Songwriters Hall of Fame nominees Taylor Swift, LL Cool J, Kenny Loggins and David Byrne are among Songwriters Hall of Fame nominees",Boston Herald,"Taylor Swift, LL Cool J, Kenny Loggins and David Byrne are among Songwriters Hall of Fame nominees","Taylor Swift, LL Cool J, Kenny Loggins and David Byrne are among Songwriters Hall of Fame nominees Taylor Swift, LL Cool J, Kenny Loggins and David Byrne are among Songwriters Hall of Fame nominees"
PM implores school trust to install field ramp PM implores school trust to install field ramp,BBC News,PM 'implores' school trust to install field ramp,PM implores school trust to install field ramp PM implores school trust to install field ramp
"Ukraine says Russia returned 1,000 bodies Ukraine says Russia returned 1,000 bodies",The Times of India,"Ukraine says Russia returned 1,000 bodies","Ukraine says Russia returned 1,000 bodies Ukraine says Russia returned 1,000 bodies"
Dem Appointed Judges Rule Powerlifting Org s Ban On Men In Women s Events Discriminatory Dem Appointed Judges Rule Powerlifting Org s Ban On Men In Women s Events Discriminatory,The Daily Caller,Dem-Appointed Judges Rule Powerlifting Org’s Ban On Men In Women’s Events ‘Discriminatory’,Dem Appointed Judges Rule Powerlifting Org s Ban On Men In Women s Events Discriminatory Dem Appointed Judges Rule Powerlifting Org s Ban On Men In Women s Events Discriminatory
"The East Wing could fully be demolished soon, as preservationists urge caution The East Wing could fully be demolished soon, as preservationists urge caution",NPR,"The East Wing could fully be demolished soon, as preservationists urge caution","The East Wing could fully be demolished soon, as preservationists urge caution The East Wing could fully be demolished soon, as preservationists urge caution"
N.L. spent 755K on process that culminated in criticized Education Accord N.L. spent 755K on process that culminated in criticized Education Accord,CBC News,N.L. spent $755K on process that culminated in criticized Education Accord,N.L. spent 755K on process that culminated in criticized Education Accord N.L. spent 755K on process that culminated in criticized Education Accord
Żarty się skończyły. Rosja zakupiła Kalibry z bronią jądrową Żarty się skończyły. Rosja zakupiła Kalibry z bronią jądrową,Interia.pl,Żarty się skończyły. Rosja zakupiła Kalibry z bronią jądrową,Żarty się skończyły. Rosja zakupiła Kalibry z bronią jądrową Żarty się skończyły. Rosja zakupiła Kalibry z bronią jądrową
"Microdrama platforms borrow aggressive, user hostile monetization and retention tactics from free to play mobile gaming to fuel in app purchases and ad revenue Janko Roettgers The Verge Microdrama platforms borrow aggressive, user hostile monetization and retention tactics from free to play mobile gaming to fuel in app purchases and ad revenue Janko Roettgers The Verge",Mediagazer.com,"Microdrama platforms borrow aggressive, user-hostile monetization and retention tactics from free-to-play mobile gaming to fuel in-app purchases and ad revenue (Janko Roettgers/The Verge)","Microdrama platforms borrow aggressive, user hostile monetization and retention tactics from free to play mobile gaming to fuel in app purchases and ad revenue Janko Roettgers The Verge Microdrama platforms borrow aggressive, user hostile monetization and retention tactics from free to play mobile gaming to fuel in app purchases and ad revenue Janko Roettgers The Verge"
Trump backs off planned surge of federal agents into San Francisco after talking to the mayor Associated Press Trump backs off planned surge of federal agents into San Francisco after talking to the mayor Associated Press,Memeorandum.com,Trump backs off planned surge of federal agents into San Francisco after talking to the mayor (Associated Press),Trump backs off planned surge of federal agents into San Francisco after talking to the mayor Associated Press Trump backs off planned surge of federal agents into San Francisco after talking to the mayor Associated Press
A lot of Dems are showing up in New Jersey and Virginia. But a few are missing. Politico A lot of Dems are showing up in New Jersey and Virginia. But a few are missing. Politico,Memeorandum.com,A lot of Dems are showing up in New Jersey and Virginia. But a few are missing. (Politico),A lot of Dems are showing up in New Jersey and Virginia. But a few are missing. Politico A lot of Dems are showing up in New Jersey and Virginia. But a few are missing. Politico
"Jeffries Teases New York Mayoral Endorsement, Praises Mamdani on NYPD Bloomberg Jeffries Teases New York Mayoral Endorsement, Praises Mamdani on NYPD Bloomberg",Memeorandum.com,"Jeffries Teases New York Mayoral Endorsement, Praises Mamdani on NYPD (Bloomberg)","Jeffries Teases New York Mayoral Endorsement, Praises Mamdani on NYPD Bloomberg Jeffries Teases New York Mayoral Endorsement, Praises Mamdani on NYPD Bloomberg"
NBA places Portland Trail Blazers head coach Chauncey Billups and Miami Heat s star Terry Rozier on immediate leave NBA places Portland Trail Blazers head coach Chauncey Billups and Miami Heat s star Terry Rozier on immediate leave,The Times of India,NBA places Portland Trail Blazers’ head coach Chauncey Billups and Miami Heat’s star Terry Rozier on immediate leave,NBA places Portland Trail Blazers head coach Chauncey Billups and Miami Heat s star Terry Rozier on immediate leave NBA places Portland Trail Blazers head coach Chauncey Billups and Miami Heat s star Terry Rozier on immediate leave
Breaking Point Teachers Beg For Help As Post Pandemic Classroom Violence Spirals Breaking Point Teachers Beg For Help As Post Pandemic Classroom Violence Spirals,The Daily Caller,‘Breaking Point’: Teachers Beg For Help As Post-Pandemic Classroom Violence Spirals,Breaking Point Teachers Beg For Help As Post Pandemic Classroom Violence Spirals Breaking Point Teachers Beg For Help As Post Pandemic Classroom Violence Spirals
Flower markets in full bloom ahead of polls Flower markets in full bloom ahead of polls,The Times of India,Flower markets in full bloom ahead of polls,Flower markets in full bloom ahead of polls Flower markets in full bloom ahead of polls
PWD battles traffic blues to finish flyover work on time PWD battles traffic blues to finish flyover work on time,The Times of India,PWD battles traffic blues to finish flyover work on time,PWD battles traffic blues to finish flyover work on time PWD battles traffic blues to finish flyover work on time
Μεσολόγγι Κλειστά την Παρασκευή όλα τα σχολεία λόγω των προβλημάτων από την έντονη βροχόπτωση Μεσολόγγι Κλειστά την Παρασκευή όλα τα σχολεία λόγω των προβλημάτων από την έντονη βροχόπτωση,Skai.gr,Μεσολόγγι: Κλειστά την Παρασκευή όλα τα σχολεία λόγω των προβλημάτων από την έντονη βροχόπτωση,Μεσολόγγι Κλειστά την Παρασκευή όλα τα σχολεία λόγω των προβλημάτων από την έντονη βροχόπτωση Μεσολόγγι Κλειστά την Παρασκευή όλα τα σχολεία λόγω των προβλημάτων από την έντονη βροχόπτωση
Θάνατος 16χρονης στο Γκάζι Συγκλονίζουν οι μαρτυρίες των φίλων της Θάνατος 16χρονης στο Γκάζι Συγκλονίζουν οι μαρτυρίες των φίλων της,Skai.gr,Θάνατος 16χρονης στο Γκάζι: Συγκλονίζουν οι μαρτυρίες των φίλων της,Θάνατος 16χρονης στο Γκάζι Συγκλονίζουν οι μαρτυρίες των φίλων της Θάνατος 16χρονης στο Γκάζι Συγκλονίζουν οι μαρτυρίες των φίλων της
"National Conference gets Congress full backing, PDP s conditional support for Rajya Sabha vote today National Conference gets Congress full backing, PDP s conditional support for Rajya Sabha vote today",The Times of India,"National Conference gets Congress' full backing, PDP's conditional support for Rajya Sabha vote today","National Conference gets Congress full backing, PDP s conditional support for Rajya Sabha vote today National Conference gets Congress full backing, PDP s conditional support for Rajya Sabha vote today"
No Bull? Bitcoiners Pay Tribute to Apex Predator of Money With Shark Satutue No Bull? Bitcoiners Pay Tribute to Apex Predator of Money With Shark Satutue,Decrypt,No Bull? Bitcoiners Pay Tribute to ‘Apex Predator of Money’ With Shark Satutue,No Bull? Bitcoiners Pay Tribute to Apex Predator of Money With Shark Satutue No Bull? Bitcoiners Pay Tribute to Apex Predator of Money With Shark Satutue
Amazon cloud outage downed millions of sites and exposed the risks of overdependence Amazon cloud outage downed millions of sites and exposed the risks of overdependence,CBC News,Amazon cloud outage downed millions of sites — and exposed the risks of overdependence,Amazon cloud outage downed millions of sites and exposed the risks of overdependence Amazon cloud outage downed millions of sites and exposed the risks of overdependence
Top states in India with cleanest air right now Top states in India with cleanest air right now,The Times of India,Top states in India with cleanest air right now,Top states in India with cleanest air right now Top states in India with cleanest air right now
Alan Dershowitz breaks down what Trump really is looking for in his new legal fight Alan Dershowitz breaks down what Trump really is looking for in his new legal fight,Wnd.com,Alan Dershowitz breaks down what Trump really is ‘looking for’ in his new legal fight,Alan Dershowitz breaks down what Trump really is looking for in his new legal fight Alan Dershowitz breaks down what Trump really is looking for in his new legal fight
Notable companies reporting before tomorrow s open Notable companies reporting before tomorrow s open,Thefly.com,Notable companies reporting before tomorrow's open,Notable companies reporting before tomorrow s open Notable companies reporting before tomorrow s open
Kratos Defense Stock Is Trending Up After Hypersonic Testing Contract Win Kratos Defense Stock Is Trending Up After Hypersonic Testing Contract Win,Biztoc.com,Kratos Defense Stock Is Trending Up After Hypersonic Testing Contract Win,Kratos Defense Stock Is Trending Up After Hypersonic Testing Contract Win Kratos Defense Stock Is Trending Up After Hypersonic Testing Contract Win
"Women s World Cup Pratika Rawal, Smriti Mandhana centuries fire India into semifinals defeat New Zealand in must win clash Women s World Cup Pratika Rawal, Smriti Mandhana centuries fire India into semifinals defeat New Zealand in must win clash",The Times of India,"Women's World Cup: Pratika Rawal, Smriti Mandhana centuries fire India into semifinals; defeat New Zealand in must-win clash","Women s World Cup Pratika Rawal, Smriti Mandhana centuries fire India into semifinals defeat New Zealand in must win clash Women s World Cup Pratika Rawal, Smriti Mandhana centuries fire India into semifinals defeat New Zealand in must win clash"
Bigg Boss Malayalam 7 Nevin targets Anumol during the task Bigg Boss warns him for physical aggression Bigg Boss Malayalam 7 Nevin targets Anumol during the task Bigg Boss warns him for physical aggression,The Times of India,Bigg Boss Malayalam 7: Nevin targets Anumol during the task; Bigg Boss warns him for physical aggression,Bigg Boss Malayalam 7 Nevin targets Anumol during the task Bigg Boss warns him for physical aggression Bigg Boss Malayalam 7 Nevin targets Anumol during the task Bigg Boss warns him for physical aggression
