text,source,title
"Brockton mayoral race heats up as Derenoncourt slams Rodrigues over not attending debate Did a finalist to be Brockton's next mayor duck a debate? It depends on who you ask. BROCKTON Did a finalist to be Brockton's next mayor duck a debate? It depends on who you ask. City Councilor Moises Rodrigues didn't attend an Oct. 21 mayoral debate with fellow City Councilor Jean Bradley Derenoncourt. Greater Brockton Young Professionals, a networking group, sponsored the one-on-one debate and its president says Rodrigues confirmed he'd come. Rodrigues says he never confirmed the Oct. 21 date. Instead, the top vote-getter in September's preliminary election said he honored",Enterprise News,Brockton mayoral race heats up as Derenoncourt slams Rodrigues over not attending debate
"Bruce Springsteen lent helping hand to director's family after Los Angeles wildfires Bruce Springsteen, the legendary musician, demonstrated remarkable humanity by offering his home to director Scott Cooper and his family after their house was destroyed in Los Angeles wildfires. Springsteen also gifted a guitar to Cooper's daughter. This act Bruce Springsteen, the legendary musician, demonstrated remarkable humanity by offering his home to director Scott Cooper and his family after their house was destroyed in Los Angeles wildfires. Springsteen also gifted a guitar to Cooper's daughter. This act of kindness deeply impacted Cooper, especially as he was working on a biopic about the rock icon.",The Times of India,Bruce Springsteen lent helping hand to director's family after Los Angeles wildfires
"Gemeinsam russische U-Boote jagen : Deutsche Aufklärungsflugzeuge starten künftig von schottischer Militärbasis Russische Atom-U-Boote stoßen laut Verteidigungsminister Pistorius regelmäßig in den Nordatlantik vor. Deutschland und Großbritannien wollen ihre Aktivitäten genauer in den Blick nehmen. Deutschland und Großbritannien wollen den Schutz strategisch wichtiger Seegebiete im Nordatlantik und in der Nordsee gemeinsam verstärken. Dazu sollen neue deutsche Seefernaufklärer vom Typ P-8 Poseidon militärische Spezialflugzeuge zum Einsatz gegen U-Boote künftig auch von der schottischen Militärbasis Lossiemouth aus starten. Abendlage Newsletter Die wichtigsten Nachrichten des Tages abends direkt in Ihr E-Mail-Postfach. E-Mail-Adresse kostenlos anmelden Ich bin damit einverstanden, da",Der Tagesspiegel,„Gemeinsam russische U-Boote jagen“: Deutsche Aufklärungsflugzeuge starten künftig von schottischer Militärbasis
"Binance Founder Changpeng Zhao Receives Pardon From President Trump U.S. President Donald Trump has granted Binance founder Changpeng Zhao a pardon, marking the latest clemency for the crypto industry from the pro-crypto administration. Advertisement U.S. President Donald Trump has granted Binance founder Changpeng Zhao a pardon, marking the latest clemency for the crypto industry from the pro-crypto administration. The Wall Street Journal first reported news of the pardon on Thursday, citing people familiar with the matter. CZ pleaded guilty in November 2023 to one count of failing to implement an adequate Anti-Money Laundering AML program at the world s largest crypto exchange, violating the Bank Secrecy Act. As part of",ZyCrypto,Binance Founder Changpeng Zhao Receives Pardon From President Trump
"A Mandatory Paper Bag Fee May Be Coming to Philly Stores Check phillymag.com each morning Monday through Thursday for the latest edition of Philly Today. And if you have a news tip for our hardworking Philly A Mandatory Paper Bag Fee May Be Coming to Philly Stores Plus, Philly mob documentary makes a big splash on Netflix. Get a compelling long read and must-have lifestyle tips in your inbox every Sunday morning great with coffee! Check phillymag.com each morning Monday through Thursday for the latest edition of Philly Today. And if you have a news tip for our hardworking Philly Mag reporters, please direct it here. You can also use that form to send us reader mail. We love reader mail! A Mand",phillymag.com,A Mandatory Paper Bag Fee May Be Coming to Philly Stores
"Wilco and Billy Bragg to Perform Mermaid Avenue Live for First Time at Solid Sound Festival 2026 Mermaid Avenue Live is set to take place at MASS MoCA in North Adams, Massachusetts on June 26th. Wilco and Billy Bragg to Perform Mermaid Avenue Live for First Time at Solid Sound Festival 2026 Eddie Fu Wilco and Billy Bragg have announced they will perform their collaborative 1998 and 2000 Mermaid Avenue albums in full for the first time at Wilco s own Solid Sound festival on Friday, June 26th. The Mermaid Avenue Live performance featuring Wilco and Bragg s recordings set to the unpublished lyrics of Woody Guthrie will open the festival, which is set to take place at MASS MoCA in North Adams, Massachusetts, from June 26th to June 28th, 2026. Three-day passes are available here. Get Jef",Consequence.net,Wilco and Billy Bragg to Perform Mermaid Avenue Live for First Time at Solid Sound Festival 2026
"Six protein-packed Trader Joe s snacks dietitians recommend One of these snacks offers 17 grams of protein per serving Sign up to our free Living Well email for advice on living a happier, healthier and longer life Live your life healthier and happier with our free weekly Living Well newsletter Live your life healthier and happier with our free weekly Living Well newsletter Email SIGN UP I would like to be emailed about offers, events and updates from The Independent. Read our Privacy notice Protein is the latest health craze right now and Trader Joe s has you covered. Eating food that has protein is essen",The-independent.com,Six protein-packed Trader Joe’s snacks dietitians recommend
"Acapulco lucha por ponerse en pie tras embate de huracanes y ola de inseguridad Forbes México. Acapulco lucha por ponerse en pie tras embate de huracanes y ola de inseguridad Según los empresarios, la recuperación general alcanza un 60 , ya que aún faltan muchas empresas por reabrir, algunas han desaparecido, varios hoteles permanecen Al cumplirse dos años del devastador impacto del huracán Otis en Acapulco, el popular balneario en Guerrero, lucha por recuperarse lentamente, en medio de las labores de reconstrucción y una reciente ola de violencia, según informaron este jueves a EFE empresarios locales. Según los empresarios, la recuperación general alcanza un 60 , ya que aún faltan muchas empresas por reabrir, algunas han desaparecido, varios hoteles permanecen cerrados o con habitaciones insuficientes, y aunque los restaur",Forbes.com.mx,Acapulco lucha por ponerse en pie tras embate de huracanes y ola de inseguridad
"Pulse: ND leads PASOK by 15.5 points Where Tsipras and Samaras are fishing for voters 84 consider inflation an important issue 57 of centrists agree with the government s amendment regarding the Unknown Soldier, 46 of the general public say yes 60 agree with the prime minister s interventions on Turkey and SAFE, but most demand furth Newsroom October 23 09:02 Slight fluctuations compared to the September survey were recorded in party dynamics, according to the Pulse poll presented on SKAI s main news bulletin. In voting intention, New Democracy ND once again stands at 29 , slightly above its European election result, while PASOK loses half a point, dropping to 13.5 , confirming the trend seen in other recent polls. The survey points to an eight-party Parliament, as Niki and Kasselakis s party remain below the threshold.",Protothema.gr,Pulse: ND leads PASOK by 15.5 points – Where Tsipras and Samaras are “fishing” for voters
"Pope Leo XIV encourages Order of the Holy Sepulchre in its mission in the Holy Land Pope Leo XIV addresses the Knights of the Holy Sepulchre at the Vatican on Oct. 23, 2025. Credit: Vatican Media ACI Prensa Staff, Oct 23, 2025 17:34 pm CNA . In an audience with the Order of the Holy Sepulchre of Jerusalem, Pope Leo XIV thanked them for ACI Prensa Staff, Oct 23, 2025 17:34 pm In an audience with the Order of the Holy Sepulchre of Jerusalem, Pope Leo XIV thanked them for their humble service to the communities of the Holy Land, where they are called to bear witness that life conquers death. At the beginning of his address , the pope recalled the mission with which the order was established in 1098: to protect the Holy Sepulchre, care for pilgrims, and sustain the Church of Jerusalem. The Holy Father thanked the members of",Catholicnewsagency.com,Pope Leo XIV encourages Order of the Holy Sepulchre in its mission in the Holy Land
"Ember Smart Mug deal: Say goodbye to lukewarm coffee with an all-time low price Nothing's worse than lukewarm coffee or tea. The Ember Smart Mug can help keep your cup at the perfect temperature, and it's on sale now at Amazon. With winter on the way, many of us are about to be freezing. Sometimes, the promise of a hot cup of coffee or tea is the best motivation for getting out of bed and braving the cold. But that can just as easily be ruined when your once steaming mug turns lukewarm in a matter of minutes. Luckily, the Ember Smart Mug 2 does what your average ceramic mug can't: keep beverages at their desired temperature for as long as you need. Ember Temperature Control Smart Mug 2 14 oz. 89.99 149.95 Save 40",Business Insider,Ember Smart Mug deal: Say goodbye to lukewarm coffee with an all-time low price
"Classic Aero-TV: Portrait of the U.S. Transportation Safety Institute From 2023 YouTube Edition : Beauty Amongst Ghastly Federal Agencies Founded in 1971 and based in Oklahoma City, the Transportation Safety Institute TSI is a subsidiary of the U.S. Department of Transportation s Research and Innovative Technology Administra Founded in 1971 and based in Oklahoma City, the Transportation Safety Institute TSI is a subsidiary of the U.S. Department of Transportation s Research and Innovative Technology Administration RITA . The Transportation Safety Institute is tasked with providing high-quality safety, security, and environmental training to federal, state, and local governmental, private sector, and foreign transportation professionals in the aviation, highway traffic, transit, motor carrier, and hazardous mater",Aero-news.net,Classic Aero-TV: Portrait of the U.S. Transportation Safety Institute
"Aero-News: Quote of the Day 10.21.25 We ve stopped hiring air traffic controllers when we need them more than ever. In 12 days from now, the Oklahoma City Academy shuts down. The funding runs out for that. And it s going to put in a whole other level of strain, and it s not like we get to recov Aero-News: Quote of the Day ANN's Quote of the Day usually derives from current news, though we reserve the right to pick quotes out of history that have a bearing on the day's events and issues. Sometimes, you'll find them timely and in keeping with the content of the day's news... and sometimes, they'll just be thought-provoking. Reader suggestions and comments are welcome... and if particularly intriguing, timely, or poignant, may themselves become future Quotes of the Day. Let us hear fr",Aero-news.net,Aero-News: Quote of the Day (10.21.25)
"Are Air Traffic Controllers the Key to Ending the Shutdown? The ongoing government shutdown s toll on air travel could accelerate political pressure on lawmakers to reach a deal. Since the start of the government shutdown, thousands of flight delays have bottlenecked travel at major U.S. airports due, in no small part, to staffing shortages. Air traffic controllers and other TSA workers are considered essential, which means they ve been required to work since Oct. 1, when the shutdown began. Like other essential federal government workers, controllers are expected to clock in without pay until the shutdown ends. It s no secret that workers prefer to get paid for th",NerdWallet,Are Air Traffic Controllers the Key to Ending the Shutdown?
"Child found after shooting suspect speeds away from Atlanta scene, police say A child is safe after a shooting suspect fled the scene with the child still in the car. We re Sorry! This website is unavailable in your location. Error 451 It appears you are attempting to access this website from a country outside of the United States, therefore access cannot be granted at this time.",WSB Atlanta,"Child found after shooting suspect speeds away from Atlanta scene, police say"
"Trump backs off planned surge of federal agents into San Francisco after talking to the mayor President Donald Trump said Thursday that he s backing off a planned surge of federal agents into San Francisco after speaking to the mayor, as protesters gathered outside a U.S. Coast Guard base where they were located. Trump had been threatening to send the A person pushes a protester blocking a caravan of U.S. Customs and Border Protection personnel trying to enter Coast Guard Base Alameda on Thursday, Oct. 23, 2025, in Oakland, Calif. AP Photo Noah Berger By TERRY CHEA and CHRISTOPHER WEBER President Donald Trump said Thursday that he s backing off a planned surge of federal agents into San Francisco after speaking to the mayor, as protesters gathered outside a U.S. Coast Guard base where they were located. Trump had been threatening to send",Japan Today,Trump backs off planned surge of federal agents into San Francisco after talking to the mayor
"Xbox Game Pass October Wave 2 is wild: The Outer Worlds 2, PowerWash 2, Football Manager 26, and a mech farming sim. Yes, really Microsoft has revealed the next wave of video games heading to Xbox Game Pass, and it includes titles like The Outer Worlds 2 and Football Manager 26. The news has come in a little later than usual, but we now have our second wave of Xbox Game Pass arrivals for Oct. 2025... and the first few days of November. It's another diverse list, but the flagship Xbox Game Pass Ultimate subscription is definitely getting most of the love this time around. At least one of these games is going to take up a lot of my time, though, so I'm feeling pretty good about this list. You can check out the original post at News.Xbox.com if you'd like, but you'll fin",Windows Central,"Xbox Game Pass October Wave 2 is wild: The Outer Worlds 2, PowerWash 2, Football Manager 26, and a mech farming sim. Yes, really"
"I found my people : People are sharing how they use Costco Tiramisu cups A Costco shopper points out that the warehouse's popular Tiramisu comes in reusable cups. Viewers share creative ways they reuse the glassware. Do Costco shoppers reuse the tiramisu cups? In a video with over 3.4 million views, TikToker Anhisoff anh.iso A Costco shopper points out that the warehouse s popular Tiramisu comes in reusable cups. Viewers share creative ways they reuse the glassware. Featured Video Do Costco shoppers reuse the tiramisu cups? In a video with over 3.4 million views, TikToker Anhisoff anh.isoff posts several pictures of the tiramisu in a rotating carousel. The dessert is held by a small glass cup. On-screen text reads, POV: Your family bought tiramisu from Costco but didn t know that it also came with cups, so n",The Daily Dot,“I found my people”: People are sharing how they use Costco Tiramisu cups
"How presidents have changed the White House and how Trump's ballroom is different President Trump is demolishing the East Wing to make room for a ballroom. His administration says he's continuing a presidential legacy of White House renovations, but this is the biggest in decades. How presidents have changed the White House and how Trump's ballroom is different toggle caption File AP Crews are demolishing the East Wing of the White House to make way for the construction of President Trump's 300 million, 90,000 square-foot ballroom, despite outcry from historical preservation groups and a lack of federal approval. The Trump administration dismissed widespread criticism as manufactured outrage in a fact sheet released Tuesday, which outlines the various renovations",NPR,How presidents have changed the White House — and how Trump's ballroom is different
"Manipur marks Ningol Chakkouba amid hope heartbreak for IDPs Manipur's cherished Ningol Chakkouba festival brought mixed emotions this year. While many celebrated family bonds, thousands of displaced persons in relief camps faced heartbreak, unable to visit their homes. Despite the adversity, civil society and leaders People take part in the Ningol Chakkouba festival Imphal: The aroma of feasts and the sounds of children s laughter in most families marked Ningol Chakkouba, one of Manipur s most cherished festivals, especially for the Meitei community, on Thursday.However, for thousands of internally displaced persons IDPs living in relief camps and other victims of violence, the festival brings as much heartbreak as hope. Still, the festival s spirit endures. Civil society groups and political leaders",The Times of India,Manipur marks Ningol Chakkouba amid hope & heartbreak for IDPs
"U.S. Senate hopeful Graham Platner says he s covered up his tattoo after learning it was a Nazi symbol: I wanted this thing off my body Platner s now-deleted online statements include dismissing military sexual assaults, questioning Black patrons gratuity habits and criticizing police officers and rural Americans. His U.S. Senate campaign under fire, Maine Democrat Graham Platner said Wednesday that a tattoo on his chest has been covered to no longer reflect an image widely recognized as a Nazi symbol. The first-time political candidate said he got the skull and crossbones tattoo in 2007, when he was in his 20s and in the Marine Corps. It happened during a night of drinking while he was on leave in Croatia, he said, adding he was unaware until recently that the image has been associated with Nazi police.",Fortune,U.S. Senate hopeful Graham Platner says he’s covered up his tattoo after learning it was a Nazi symbol: ‘I wanted this thing off my body’
"Person matching Chauncey Billups' description allegedly shared Trail Blazers tanking information with bettors Billups, arrested as part of a poker rigging scheme, matches the description of a co-conspirator listed but not yet charged in illegal sports betting activities The NBA world was rocked by a string of arrests Thursday morning that saw Chauncey Billups and Terry Rozier rounded up as part of a federal probe into illegal sports betting and gambling. Billups was arrested for his alleged participation in a poker game-rigging scheme tied to organized crime. Rozier was arrested as part of an illegal sports betting ring -- tied to the Jontay Porter case -- for his role in allegedly relaying information to bettors about his health status that allowed them to wag",CBS Sports,Person matching Chauncey Billups' description allegedly shared Trail Blazers tanking information with bettors
"AI grading error affects hundreds of MCAS essays in Massachusetts: Here s what went wrong An AI grading error affected about 1,400 Massachusetts MCAS essays after a technical glitch in the AI scoring system used by DESE and Cognia. The issue was uncovered by a Lowell teacher who noticed unusual scores. DESE rescored affected essays and notified 14 NBC Boston Teacher scrutiny uncovers the problem How the AI scoring system works NBC Boston Human review and corrective action NBC Boston The value and limits of AI in education NBC Boston A cautionary note for districts NBC Boston. Massachusetts adoption of artificial intelligence to score statewide standardized tests has revealed technical vulnerabilities, affecting approximately 1,400 student essays,reports. The error, discovered over the summer, prompted the Massachusetts Depart",The Times of India,AI grading error affects hundreds of MCAS essays in Massachusetts: Here’s what went wrong
"J K Speaker rejects Congress, NC s plea for discussion on AAP MLA s detention; HC quashes aide s preventive custody Opposition MLAs sought a discussion on AAP MLA Mehraj Malik's detention under PSA, but the Speaker disallowed it, stating the session was for paying homage. Meanwhile, the High Court quashed the detention of Malik's close aide, deeming the allegations vague a Opposition MLAs sought a discussion on AAP MLA Mehraj Malik's detention under PSA, but the Speaker disallowed it, stating the session was for paying homage. Meanwhile, the High Court quashed the detention of Malik's close aide, deeming the allegations vague and baseless.",The Times of India,"J&K Speaker rejects Congress, NC’s plea for discussion on AAP MLA’s detention; HC quashes aide’s preventive custody"
"The Woman Who Rewrote Her Ribcage: Wisconsin Tiff s Radical Quest for the Impossible Waist! It started with a TikTok video grainy, intimate, life-altering. A trans woman, corset cinched to the width of a champagne flute, spun slowly for the camera and declared, This isn t padding. These are my ribs. The clip ended, but the idea lodged in Wiscons INSTAGRAM MODEL It started with a TikTok video grainy, intimate, life-altering. A trans woman, corset cinched to the width of a champagne flute, spun slowly for the camera and declared, This isn t padding. These are my ribs. The clip ended, but the idea lodged in Wisconsin Tiff s mind like a splinter she couldn t tweeze out. Two years later, on October 23, 2025, she became the latest pilgrim to cross the country for the only surgeon in America willing to break and rebuild a human hourglass",Egotastic.com,The Woman Who Rewrote Her Ribcage: Wisconsin Tiff’s Radical Quest for the Impossible Waist!
"Historic Preservation Groups Request Pause on Trump s Ballroom Construction at the White House A letter was sent by the National Trust for Historic Preservation on Tuesday, among others, with concerns about the size of the ballroom. As demolition began on the East Wing of the historic White House earlier this week to make way for President Donald Trump s new ballroom, the National Trust for Historic Preservation have asked the Trump administration to pause construction until the building plans can be reviewed. A letter was sent on Tuesday by the National Trust for Historic Preservation to the National Capital Planning Commission, National Park Service, and Commission of Fine Arts, with concerns about the size of the ballro",ARTnews,Historic Preservation Groups Request Pause on Trump’s Ballroom Construction at the White House
"Netflix s Daily Soap Experiment Ends Prematurely; Tout Pour La Lumière Canceled After Single Season Does this rule out daily soaps from ever working on Netflix? According to local reports, the crew of TF1 Netflix coproduction was informed that Tout Pour La Lumière, a first-run daily soap set in the performing arts community, would not be coming back for season 2. Are there any reasons why the bold experiment failed? Below is a bit of context. After a decade of presence, Netflix has been making bold, big moves to further establish its leading position in France. From increased investments to produce and acquire French-language movies, year-round partner",What's on Netflix,Netflix’s Daily Soap Experiment Ends Prematurely; ‘Tout Pour La Lumière’ Canceled After Single Season
"White House East Wing demolition nearly complete to make room for Trump ballroom The demolition of the White House East Wing is nearly complete as President Donald Trump pushes ahead with plans to build a massive ballroom, an administration official told NBC News Thursday. Construction crews are now turning their attention to debris remov The demolition of the White House East Wing is nearly complete as President Donald Trump pushes ahead with plans to build a massive ballroom, an administration official told NBC News Thursday. Construction crews are now turning their attention to debris removal, the official said. Photos This story appeared on cnbc.com , 2025-10-23 18:00:20.",Biztoc.com,White House East Wing demolition nearly complete to make room for Trump ballroom
"Man of Tomorrow Isn t As Connected to Peacemaker Season 2 s Ending as Fans Think Man of Tomorrow and Peacemaker Season 2 may not be as connected as some fans think. The second chapter of DC Studios and Warner Bros. Television s Peacemaker recently concluded, as the season finale was released on HBO Max earlier this month. The show sees Jo Man of Tomorrow and Peacemaker Season 2 may not be as connected as some fans think. The second chapter of DC Studios and Warner Bros. Television s Peacemaker recently concluded, as the season finale was released on HBO Max earlier this month. The show sees John Cena reprise his role as Christopher Smith, while the cast also includes Danielle Brooks as Leota Adebayo, Freddie Stroma as Adrian Chase Vigilante, Jennifer Holland as Emilia Harcourt, and Steve Agee as John Economos. James Gunn is now",Superherohype.com,Man of Tomorrow Isn’t As Connected to Peacemaker Season 2’s Ending as Fans Think
"Who's to blame for government shutdown? A new poll shows what voters think. Which party stands to take more of the blame from voters for the government shutdown? Here's what a new poll says. In Washington D.C., the showdown war of words continues, and so does the government shutdown. Republicans have shown zero interest or capacity to reopen the government, enact a spending agreement that meets the needs of the American people, or address the health care crisis that Republicans have created, said House Democratic Leader Hakeem Jeffries. This is now the second longest government shutdown of any kind ever in the history of our country, and it's just shameful, said Republican Hou",CBS News,Who's to blame for government shutdown? A new poll shows what voters think.
"Protest of Bay Area immigration crackdown met with apparent stun grenades at Coast Guard base San Francisco Chronicle San Francisco Chronicle: Protest of Bay Area immigration crackdown met with apparent stun grenades at Coast Guard base Tensions flared early Thursday morning as protesters attempted to block U.S. Border Patrol agents from entering a U.S. Coast Guard base Sister Sites: Techmeme Top news and commentary for technology's leaders, from all around the web Top news and commentary for technology's leaders, from all around the web Mediagazer Top news and commentary for media professionals from all around the web Top news and commentary for media professionals from all around the web WeSmirch The top celebrity news from all around the web on a single page The top celebrity news from all around the web on a single page",Memeorandum.com,Protest of Bay Area immigration crackdown met with apparent stun grenades at Coast Guard base (San Francisco Chronicle)
"Trump Administration Live Updates: President Shelves Plan to Deploy Federal Agents to San Francisco New York Times New York Times: Trump Administration Live Updates: President Shelves Plan to Deploy Federal Agents to San Francisco Where Things Stand Federal deployment: President Trump is calling off, at least for now, plans that would have surged federal agents int Sister Sites: Techmeme Top news and commentary for technology's leaders, from all around the web Top news and commentary for technology's leaders, from all around the web Mediagazer Top news and commentary for media professionals from all around the web Top news and commentary for media professionals from all around the web WeSmirch The top celebrity news from all around the web on a single page The top celebrity news from all around the web on a single page",Memeorandum.com,Trump Administration Live Updates: President Shelves Plan to Deploy Federal Agents to San Francisco (New York Times)
"The Bloody Sunday Murder Trial Soldier F is found not guilty of murdering two people on Bloody Sunday. Available for over a year Today, Soldier F a former member of the Parachute Regiment has been found not guilty of murdering two people on Bloody Sunday in Northern Ireland in 1972. The judge, Patrick Lynch, found that the evidence presented fell well short of what was needed for a conviction. However, he said that members of the Parachute Regiment had shot dead unarmed civilians and that those involved should hang their heads in shame . Adam is joined by Ireland correspondent Sara Girvin,",BBC News,The Bloody Sunday Murder Trial
"Jeremy Allen White Got Candid About Why He Asked Bruce Springsteen For 'A Little Bit Of Space' While He Filmed Deliver Me From Nowhere It s not easy playing The Boss. Each role of Jeremy Allen White s has required him to embrace character-building challenges head-on. From the gross struggles of bulking up for The Iron Claw to delving into Carmy s challenging mentality for Season 3 of The Bear , White has shown a fearless dedication to his characters. When it came to depicting Bruce Springsteen for his upcoming music biopic , Deliver Me From Nowhere, the Emmy winner got real about diving into the role and actually asking The Boss for a little bit of space",CinemaBlend,Jeremy Allen White Got Candid About Why He Asked Bruce Springsteen For 'A Little Bit Of Space' While He Filmed Deliver Me From Nowhere
"RFK Jr., The FDA, And Supplement Regulations A stroll down the supplement aisle is a walk filled with hope. One pill offers stronger hair and nails. Another promises better memory which will help when you have to remember to take all these pills . And if you added just one more, you might A stroll down the supplement aisle is a walk filled with hope. One pill offers stronger hair and nails. Another promises better memory which will help when you have to remember to take all these pills . And if you added just one more, you might be able to finally recapture the energy of your teenage years. But how true are these claims? Currently, the Food and Drug Administration does not approve the contents or the labeling dietary supplements before they hit the shelves. Around 75 percent o",NPR,"RFK Jr., The FDA, And Supplement Regulations"
"Armed police swarm student after AI mistakes bag of Doritos for a weapon Article URL: Comments URL: Points: 14 Comments: 3 Concerns over AI surveillance in schools are intensifying after armed officers swarmed a 16-year-old student outside Kenwood High School in Baltimore when an AI gun detection system falsely flagged a Doritos bag as a firearm. Taki Allen was hanging out with friends after football practice on October 20 when multiple police cars suddenly pulled up. It was like eight cop cars that came pulling up for us, Allen told WBAL-TV 11 News. They started walking toward me with guns, talking about Get",Dexerto,Armed police swarm student after AI mistakes bag of Doritos for a weapon
"While wary of Trump s motives, some D.C. residents uneasily back parts of the National Guard deployment The hundreds of National Guard troops still deployed to Washington, D.C., have unnerved some residents. But aspects of the Washington deployment have elicited a measure of approval among some in the city. WASHINGTON AP The soldiers and airmen stood at the back of the black minivan, arming themselves with black garbage bags and red-handled trash pickers and headed for the park around the recreation center. For the Washington, D.C., contingent of the National Guard deployed to the nation s capital, it marked their 119th beautification project since the unit was called up in August as part of President Donald Trump s federal law enforcement intervention. Their work has included cleaning gra",PBS,"While wary of Trump’s motives, some D.C. residents uneasily back parts of the National Guard deployment"
"F5, Inc. Investigated by the Portnoy Law Firm LOS ANGELES, Oct. 23, 2025 GLOBE NEWSWIRE -- The Portnoy Law Firm advises F5, Inc., F5 or the Company NASDAQ: FFIV investors that the firm has initiated an investigation into possible securities fraud, and may file a class action on behalf of invest LOS ANGELES, Oct. 23, 2025 GLOBE NEWSWIRE -- The Portnoy Law Firm advises F5, Inc., F5 or the Company NASDAQ: FFIV investors that the firm has initiated an investigation into possible securities fraud, and may file a class action on behalf of investors. Investors are encouraged to contact attorney Lesley F. Portnoy, by phone 844-767-8529 or email: lesley portnoylaw.com, to discuss their legal rights, or join the case via The Portnoy Law Firm can provide",GlobeNewswire,"F5, Inc. Investigated by the Portnoy Law Firm"
"Ν. Ανδρουλάκης: Η κυβέρνηση της Νέας Δημοκρατίας έχει χάσει και τη λογική αλλά και την ντροπή Ο Πρόεδρος του ΠΑΣΟΚ υπογράμμισε ότι ο κ. Μητσοτάκης επιχειρεί να αποπροσανατολίσει τη δημόσια συζήτηση από τις πραγματικές προτεραιότητες της κοινωνίας Στη διάρκεια της συνέντευξής του στο κεντρικό δελτίο ειδήσεων του ALPHA, ο Πρόεδρος του ΠΑΣΟΚ-Κινήματος Αλλαγής, Νίκος Ανδρουλάκης, σχολίασε την κυβερνητική τροπολογία για το Μνημείο του Άγνωστου Στρατιώτη. Μου προκαλεί αλγεινή εντύπωση ότι ο Πρωθυπουργός χρησιμοποιεί αυτό το σύμβολο για να διχάσει τον ελληνικό λαό. Ο τρόπος που το έχει χειριστεί, αποδεικνύει ότι η κυβέρνηση έχει χάσει και τη λογική αλλά και την ντροπή. Υπάρχει νομοθετικό πλαίσιο προστασίας του Μνημείου του Άγνωστου Στρατιώτη.",Skai.gr,Ν. Ανδρουλάκης: Η κυβέρνηση της Νέας Δημοκρατίας έχει χάσει και τη λογική αλλά και την ντροπή
"Arbaz Patel loses weight after reality show Rise and Fall; says I wanted to reset physically and mentally Actor Arbaz Patel has undergone a significant physical transformation post his stint on 'Rise and Fall,' shedding kilos and embracing a leaner physique. He is now channeling this renewed dedication into intense preparation for an upcoming project that promise Actor Arbaz Patel, who made headlines with his dynamic stint on the hit reality show Rise and Fall, is once again in the spotlight this time for his transformation. The young actor and fitness enthusiast has shed several kilos post the show and is channeling his focus into preparing for his next big project.After weeks of intense shooting schedules, emotional moments, and on-camera challenges during Rise and Fall, Arbaz decided to take a short breather to work on himself both inside and",The Times of India,Arbaz Patel loses weight after reality show Rise and Fall; says ‘I wanted to reset physically and mentally’
"How much does Alabama football GM Courtney Morgan make? Total pay, SEC salary rank How much does Alabama football general manager Courtney Morgan make, and where does his salary rank among the SEC and college football? Here's a look. The trend of general managers in college football has been on the rise for some time, and the Alabama Crimson Tide are no exception. After succeeding Nick Saban as head coach in January 2024, Kalen DeBoer's first official hire at Alabama was Courtney Morgan, who joined the staff as Crimson Tide general manager. Morgan occupied the same role for the Washington Huskies during DeBoer's time in Seattle. Alabama athletics describes Morgan's responsibilities as general manager this way: Tasked with",USA Today,"How much does Alabama football GM Courtney Morgan make? Total pay, SEC salary rank"
"TRONOX CLASS ACTION ALERT: Bragar Eagel Squire, P.C. Urgently Reminds Tronox Investors of the November 3rd Deadline in the Filed Class Action Tronox allegedly overstated demand forecasting and commercial strength; weak Q2 sales led to cut guidance, dividend, and a 38 stock drop....... Bragar Eagel Squire, P.C. Litigation Partner Brandon Walker Encourages Investors Who Suffered Losses In Tronox TROX To Contact Him Directly To Discuss Their Options If you purchased or acquired common stock in Tronox between February 12, 2025, to July 30, 2025 and would like to discuss your legal rights, call Bragar Eagel Squire partner Brandon Walker or Marion Passmore directly at 212 355-4648. Click here to participate in the action. NEW YORK, Oct. 23, 2025 GLOBE NEWSWIRE -- What",GlobeNewswire,"TRONOX CLASS ACTION ALERT: Bragar Eagel & Squire, P.C. Urgently Reminds Tronox Investors of the November 3rd Deadline in the Filed Class Action"
"The Fourth Edition of The MICHELIN Guide Abu Dhabi Has Been Launched The Fourth Edition of The MICHELIN Guide Abu Dhabi Has Been Launched! A total of 56 restaurants are in the 2026 selection for MICHELIN Guide Abu Dhabi...... A total of 56 restaurants are in the 2026 selection for MICHELIN Guide Abu Dhabi 11 new additions to the total selection, including three new Bib Gourmand establishments and eight newly Selected restaurants ABU DHABI, United Arab Emirates, Oct. 24, 2025 GLOBE NEWSWIRE -- The MICHELIN Guide Abu Dhabi 2026 proudly unveils its fourth edition, spotlighting newest additions to the city s culinary landscape. This year s selection reflects the city s growing sophistication and diversity, with e",GlobeNewswire,The Fourth Edition of The MICHELIN Guide Abu Dhabi Has Been Launched
"Nike designed new gear to keep athletes cool in a warming world Nike is showing off new performance apparel today that it says it designed with climate change in mind. It introduced its new Aero-FIT performance cooling technology today, which it says will make its debut in football kits Nike federations wear in 2026. The Posts from this author will be added to your daily email digest and your homepage feed. Nike is showing off new performance apparel today that it says it designed with climate change in mind. It introduced its new Aero-FIT performance cooling technology, which it says will make its debut in football kits Nike federations wear in 2026. The company claims the technology boosts sweating efficiency by allowing for more air movement between skin and fabric. In contrast, stuffy uniforms can impede t",The Verge,Nike designed new gear to keep athletes cool in a warming world
"David Marr interviews Chris Hedges for Club Media Mainstream A former Media Watch presenter recently attempted to lecture Pulitzer Prize winner Chris Hedges on what his role as a journalist should be, and it was embarrassing. A former Media Watch presenter recently attempted to lecture Pulitzer Prize winner Chris Hedges on what his role as a journalist should be, and it was embarrassing, writes managing editor Michelle Pini. IN MOST CLUBS, a level of exclusivity is implied and understood, even when not overtly enforced. You may be a guest at the Melbourne Cricket Club Members Dining Room, for instance, but show up without a jacket and tie and expulsion will be swift and unceremonious. You can also travel to a Club",Independent Australia,David Marr interviews Chris Hedges for Club Media Mainstream
"Required Reading This week: an homage to the Young Lords, wool in Armenia, AI is not your friend, remembering Miss Major Griffin-Gracy, whale personhood, cuffing season at Frieze, and more. The DePaul Art Museum is showing a timely exhibition honoring the Young Lords, a pathbreaking Puerto Rican political organization, and refuses to self-censor in the face of attacks on cultural institutions. Courtney Kueppers writes for WEBZ Chicago: Originally a street gang, the Young Lords grew into an advocacy group focused on the rights of Puerto Ricans who had settled in Lincoln Park in the 1950s and 60s. These communities were facing displacement under Mayor Richard J. Daley s plan for",Hyperallergic,Required Reading
"4 Signs It's Time For New Spark Plugs Worn spark plugs can really hurt performance and fuel economy. Here's how to tell if it's time to replace them to keep your engine running smooth. Spark plugs play a key role in keeping your engine running, since it's that little jolt of electricity that ignites the fuel air mixture in a motor's cylinders. And that little spark has to be delivered in large numbers as the plugs have to fire once for every two revolutions of the crankshaft. That means when an engine is spinning at 3,000 rpm, the spark plugs are firing 1,500 times every minute. They also have to stand up to extreme temperatures, and operate their best when their center electr",Jalopnik,4 Signs It's Time For New Spark Plugs
"Cloudflare CEO Pushes for Google AI Regulation Cloudflare CEO Pushes for Regulation of Google s AI Practices The CEO of Cloudflare, Matthew Prince, is urging UK regulators to separate Google s search and AI crawlers. This call for stricter AI regulation comes after Cloudflare launched a marketplace earlie Cloudflare CEO Pushes for Regulation of Google s AI Practices The CEO of Cloudflare, Matthew Prince, is urging UK regulators to separate Google s search and AI crawlers. This call for stricter AI regulation comes after Cloudflare launched a marketplace earlier this year, allowing websites to charge AI bots for scraping their content. According to TechCrunch, Prince met with the UK s Competition and Markets Authority CMA in London, advocating for tighter regulation of Google in the AI competi",Nep123.com,Cloudflare CEO Pushes for Google AI Regulation
"More Disappointing Harry Potter Castings, Audio Book Edition BREAKING: Saoirse-Monica Jackson has been cast as Sybill Trelawney in Harry Potter: The Full-Cast Audio Editions. pic.twitter.com 7PFYhslTmg Harry Potter News HPMoviesNews October 21, 2025 sourceBesides the HBO show there also is a new Audible audi BREAKING: Saoirse-Monica Jackson has been cast as Sybill Trelawney in Harry Potter: The Full-Cast Audio Editions. pic.twitter.com 7PFYhslTmg",Livejournal.com,"More Disappointing Harry Potter Castings, Audio Book Edition"
"DOW CLASS ACTION ALERT: Bragar Eagel Squire, P.C. Urgently Reminds Dow Investors of the October 28th Deadline in the Filed Class Action The complaint allegedly claims Dow overstated its strength against headwinds and understated impacts on sales, pricing, and demand....... Bragar Eagel Squire, P.C. Litigation Partner Brandon Walker Encourages Investors Who Suffered Losses In Dow To Contact Him Directly To Discuss Their Options If you purchased or acquired Dow securities between January 30, 2025 and July 23, 2025 and would like to discuss your legal rights, call Bragar Eagel Squire partner Brandon Walker or Marion Passmore directly at 212 355-4648. Click here to participate in the action. NEW YORK, Oct. 23, 2025 GLOBE NEWSWIRE -- What s Happening: Brag",GlobeNewswire,"DOW CLASS ACTION ALERT: Bragar Eagel & Squire, P.C. Urgently Reminds Dow Investors of the October 28th Deadline in the Filed Class Action"
"We Will Not Surge : Trump Pulls Back On Plan For Crime-Ridden City President Donald Trump on Thursday morning announced that he is calling off plans to surge into San Francisco, California, after a call with the city's mayor. President Donald Trump on Thursday morning announced that he is calling off plans to surge into San Francisco, California, after a call with the city s mayor. The president said his administration had planned to surge the city Saturday but backed off after calls with friends in the area and San Francisco Mayor Daniel Lurie, according to a post on Truth Social. The president has floated the idea of sending a federal presence into San Francisco to address crime in recent days. He said he was",The Daily Caller,‘We Will Not Surge’: Trump Pulls Back On Plan For Crime-Ridden City
"McFarlane Toys Peacemaker DC Multiverse: Peacemaker The Series 7 Action Figure Deluxe Theatrical Edition In-Stock At BBTS The new McFarlane Toys Peacemaker DC Multiverse: Peacemaker The Series 7 Action Figure Deluxe Theatrical Edition is available in-stock now at our sponsor B The newis available in-stock now at our sponsor Arkana99 - 2025-10-02 5:59 am With that pose it looks he's doing the dance from the intro? Superdude98 - 2025-10-01 9:44 pm Maaaan.... I kinda really want that Rainbow Batman.... toynewman - 2025-10-01 8:17 pm Shown below via spawntoys209 is an in-hand look at the new DC Deluxe Theatrical Edition Peacemaker, Red Platinum Pink Rainbow Suit Batman and Gold Label Mister Miracle Figures from McFarlane Toys. These figures have been found i",Toynewsi.com,"McFarlane Toys Peacemaker (DC Multiverse: Peacemaker The Series) 7"" Action Figure Deluxe Theatrical Edition In-Stock At BBTS"
"Bethesda Announces Fallout 4 Anniversary Edition, Confirms Nintendo Switch 2 Version for 2026 As part of its Fallout Day broadcast, Bethesda announced Fallout 4 Anniversary Edition, due out across PC, PlayStation, and Xbox on November 10, 2025, and on Nintendo Switch 2 in 2026. It s the first time Fallout 4 will be available on a Nintendo console. As part of its Fallout Day broadcast, Bethesda announced Fallout 4 Anniversary Edition, due out across PC, PlayStation, and Xbox on November 10, 2025, and on Nintendo Switch 2 in 2026. It s the first time Fallout 4 will be available on a Nintendo console. Fallout 4 Anniversary Edition designed to coincide with the post-apocalyptic role-playing game s 10th anniversary contains the six official add-ons and over 150 pieces of Creation Club content. Creations user created content arrive in Fa",IGN,"Bethesda Announces Fallout 4 Anniversary Edition, Confirms Nintendo Switch 2 Version for 2026"
"Trump says he's backing off threats to send federal troops to San Francisco President Donald Trump said Thursday that he is calling off plans to deploy federal troops to San Francisco after speaking to the city s mayor. The Federal Government was preparing to surge San Francisco, California, on Saturday, but friends of mine who liv President Donald Trump said Thursday that he is calling off plans to deploy federal troops to San Francisco after having spoken to the mayor and following backlash from the tech industry. The Federal Government was preparing to surge San Francisco, California, on Saturday, but friends of mine who live in the area called last night to ask me not to go forward with the surge in that the Mayor, Daniel Lurie, was making substantial progress, Trump said on Truth Social. He added the friends i",NBC News,Trump says he's backing off threats to send federal troops to San Francisco
"The nonviolence resulted from the organizers message Opinion, comment and editorials of the day No Kings protests were peaceful and even patriotic William A. Galston at The Wall Street Journal The administration s supporters seem to believe that if you criticize Trump, you must hate America, says William A. Galston. But the No Kings rallies were almost completely violence-free, and Democrats are basking in the success of a peaceful and disciplined national protest against Trump. But rallies are no substitute for the patient, continuing effort needed to translate these sent",The Week Magazine,‘The nonviolence resulted from the organizers’ message’
"As Blue Jay ticket prices soar, Ontario NDP looks to table legislation banning resale markups With tickets to the Blue Jays World Series games selling for thousands of dollars over original cost, the Ontario NDP is calling on the government to pass legislation that would ban marking up the price of resale tickets. The Ontario NDP says it will put forward a motion to ban the resale of tickets above their initial value. As CBC's Lorenda Reddekopp explains, this comes as tickets for the Toronto Blue Jays soar for the World Series games. With tickets to the Blue Jays World Series games selling for thousands of dollars over original cost, the Ontario NDP is calling on the government to pass legislation that would ban marking up the price of resale tickets. The motion put forward by the NDP looks to update th",CBC News,"As Blue Jay ticket prices soar, Ontario NDP looks to table legislation banning resale markups"
"Letitia James Launches Portal to Dox ICE Agents New York Attorney General Letitia James, even as she already faces fraud charges and an ever-expanding scandal of criminal allegations, has launched a portal for Democrats to report and therefore dox ICE agents. After an ICE raid where federal officers arrest Skip to comments. Letitia James Launches Portal to Dox ICE Agents PJ Media 23 October 2025 Catherine Salgado Posted on by Rummyfan New York Attorney General Letitia James, even as she already faces fraud charges and an ever-expanding scandal of criminal allegations, has launched a portal for Democrats to report and therefore dox ICE agents. After an ICE raid where federal officers arrested nine illegal aliens with criminal records in New York City, James and other Democrats flipped th",Freerepublic.com,Letitia James Launches Portal to Dox ICE Agents
"PR Fallout 76's Burning Springs update launches December 2 Don your dusters, sharpen your spurs and check your canteen's filled: Fallout 76 heads to arid country in Burning Springs, a major free update for all players arriving December 2! Featuring one of Fallout 76's largest map expansions yet, Burning Springs opens Vayra86 Yeah great so after one week you are invested and stuck in a subscription clusterfuck. Def stay far away lol, this business model is pure malice. You can play Fo76 without subscribing to anything. You can even earn atoms in game currenty for purchases in in-game store without it.Subscription fee can be reduced to 10 month if you buy the whole year worth subscription in advance that's 120 I guess .I've only had Fo76 subscription active for one month, to unlock unlimited scrapbox and",Techpowerup.com,(PR) Fallout 76's Burning Springs update launches December 2
"Λευκός Οίκος: Ο Τραμπ θα συναντήσει την επόμενη εβδομάδα τον Σι Τζινπίνγκ Η εκπρόσωπος Τύπου δήλωσε ότι ο Τραμπ θα αναχωρήσει για τη Μαλαισία αργά το βράδυ της Παρασκευής και θα επισκεφθεί επίσης τη Νότια Κορέα Ο πρόεδρος των ΗΠΑ Ντόναλντ Τραμπ θα συναντήσει τον Κινέζο ομόλογό του Σι Τζινπίνγκ την επόμενη εβδομάδα στο πλαίσιο της περιοδείας του στην Ασία, ανακοίνωσε ο Λευκός Οίκος την Πέμπτη, σύμφωνα με το πρακτορείο Reuters. Η εκπρόσωπος Τύπου Καρολάιν Λέβιτ δήλωσε στους δημοσιογράφους ότι ο Τραμπ θα αναχωρήσει για τη Μαλαισία αργά το βράδυ της Παρασκευής και θα επισκεφθεί επίσης τη Νότια Κορέα, όπου θα συναντήσει τον Σι την επόμενη Πέμπτη. Πηγή: skai.gr Διαβάστε τις Ειδήσεις σήμερα και ενημερωθείτ",Skai.gr,Λευκός Οίκος: Ο Τραμπ θα συναντήσει την επόμενη εβδομάδα τον Σι Τζινπίνγκ
"Lost Democrats find identity crisis in left vs center Amie Parnes The Hill Amie Parnes The Hill: Lost Democrats find identity crisis in left vs center Democrats are lost and are the first to acknowledge they're having an identity crisis. Do they lean to the left like Zohran Mamdani, the New York City mayoral candidate and Sister Sites: Techmeme Top news and commentary for technology's leaders, from all around the web Top news and commentary for technology's leaders, from all around the web Mediagazer Top news and commentary for media professionals from all around the web Top news and commentary for media professionals from all around the web WeSmirch The top celebrity news from all around the web on a single page The top celebrity news from all around the web on a single page",Memeorandum.com,Lost Democrats find identity crisis in left vs center (Amie Parnes/The Hill)
"Straciłby poparcie . Trump straszył Netanjahu, Izrael zaczął procedurę Dwa dni po uwolnieniu izraelskich zakładników w Strefie Gazy Donald Trump zapewnił, że Izrael nie anektuje Zachodniego Brzegu. - To się nie stanie, ponieważ dałem słowo państwom arabskim. Gdyby tak było, Izrael straciłby całe poparcie - mówił Trump. W środę j W skrócie Donald Trump zapewnił, że Izrael nie przeprowadzi aneksji Zachodniego Brzegu ze względu na obietnicę wobec państw arabskich. Izraelski parlament mimo to rozpoczął procedowanie ustawy dotyczącej aneksji, co wywołało krytykę zarówno w kraju, jak i ze strony amerykańskiej administracji. Projekt budzi obawy Palestyńczyków oraz sprzeciw społeczności międzynarodowej, postrzegających go jako zagrożenie dla pokoju. Więcej ważnych informacji znajdziesz na stronie głównej Interii - To się ni",Interia.pl,"""Straciłby poparcie"". Trump straszył Netanjahu, Izrael zaczął procedurę"
"Dress Like Your Miracle Is Not Spooky : Nathaniel Bassey Addresses Hallelujah Challenge Followers Gospel singer Nathaniel Bassey defended the 'Dress Like Your Miracle' trend from criticism, urging followers to embrace faith and ignore online backlash. The Hallelujah Challenge 'Dress Like Your Miracle' special edition has continued to make waves Amid the criticism that trailed the spiritual exercise, a video of Nathaniel Bassey addressing his followers has emerged This comes after social media users shared pictures and videos of themselves dressing like what they expected to receive The popular midnight prayer, Hallelujah Challenge's special edition, dubbed 'Dress Like Your Miracle,' has continued to make waves as social media users jumped",Latest News in Nigeria & Breaking Naija News 24/7 | LEGIT.NG,“Dress Like Your Miracle Is Not Spooky”: Nathaniel Bassey Addresses Hallelujah Challenge Followers
"Google Store is now selling replacement Pixel Buds and parts Lost one of your Pixel Buds? Good news Google is now selling replacement earbuds for the Pixel Buds Pro 2 and the Pixel Buds 2a. Alongside the actual earbuds themselves, Google is also offering replacement ear tips, a flex two-port charging brick, and some Lost one of your Pixel Buds? Good news Google is now selling replacement earbuds for the Pixel Buds Pro 2 and the Pixel Buds 2a. Alongside the actual earbuds themselves, Google is also offering replacement ear tips, a flex two-port charging brick, and some protective cases and charging stands for the buds. The Google Store also offers universal trackers. As PC Magazine pointed out, although Google did offer replacement parts for Google s earbuds, the process was quite cumbersome and required",MobileSyrup,Google Store is now selling replacement Pixel Buds and parts
"Trump indulta a Changpeng Zhao, fundador de la plataforma de criptomonedas Binance que fue condenado por blanqueo de dinero Tras alcanzar un acuerdo con las autoridades, Zhao fue condenado en mayo del pasado año a cuatro meses de cárcel por acusaciones de blanqueo de dinero en la empresa. Quién es Changpeng Zhao, el fundador de la plataforma de criptomonedas Binance indultado por Trump Fuente de la imagen, Getty Images Pie de foto, Changpeng Zhao fue condenado a cuatro meses de cárcel. Autor, Cecilia Barría Título del autor, BBC News 23 octubre 2025 El presidente de Estados Unidos, Donald Trump, indultó este jueves a Changpeng Zhao, el cofundador de Binance, la mayor plataforma de criptomonedas del mundo. Zhao fue sentenciado a cuatro meses de prisión en mayo de 2024 tras",BBC News,"Trump indulta a Changpeng Zhao, fundador de la plataforma de criptomonedas Binance que fue condenado por blanqueo de dinero"
"California: Trucker accused of fatal multi-car crash identified as illegal immigrant A truck driver has been charged in connection with a fatal eight-vehicle crash on Interstate 10 in Ontario, California. The trucker was identified as Jashanpreet Singh, a 21-year-old illegal immigrant from India who crossed into the United States through the Skip to comments. California: Trucker accused of fatal multi-car crash identified as illegal immigrant One America News October 23, 2025 Katherine Mosack Posted on by Navy Patriot A truck driver has been charged in connection with a fatal eight-vehicle crash on Interstate 10 in Ontario, California. The trucker was identified as Jashanpreet Singh, a 21-year-old illegal immigrant from India who crossed into the United States through the southern border. Border Patrol first encountered h",Freerepublic.com,California: Trucker accused of fatal multi-car crash identified as illegal immigrant
"Curator Carla Stellweg, Visionary of Latin American Art, Dies at 83 Through endeavors like the pivotal journal Arts Visuales, Stellweg forged a wider path for Mexican, Latine, and Caribbean artists on a global stage. Carla Stellweg, the fearless curator and writer who shifted the very ground of Mexican contemporary art at a critical juncture for the country s history and identity, died on Monday, October 20. Her passing in her home in Cuernavaca, Mexico, at the age of 83 was confirmed by her son, the writer George Stellweg. Alongside her contributions to Mexican art scholarship, Stellweg forged a wider path for Latin American and Caribbean artists on a global stage, constellating the women s rights activism",Hyperallergic,"Curator Carla Stellweg, Visionary of Latin American Art, Dies at 83"
"People pardoned by Trump want banks to forgive their past, too By Tom Schoenberg, Bloomberg News WASHINGTON It s one thing to be cleared by the president. It s another to be cleared by the bank. Related Articles New sanctions on Russia drive up oil Hot Property: Winthrop home emanates seaside vibes By Tom Schoenberg, Bloomberg News WASHINGTON It s one thing to be cleared by the president. It s another to be cleared by the bank. Related Articles New sanctions on Russia drive up oil Hot Property: Winthrop home emanates seaside vibes Tesla recalls This story appeared on bostonherald.com , 2025-10-23 21:21:45.",Biztoc.com,"People pardoned by Trump want banks to forgive their past, too"
"BNB, World Liberty, Meme Coins Jump After Trump Pardons Binance Founder Coins and tokens linked to crypto mogul Changpeng Zhao and President Trump jumped in price following news of the latest pardon. In brief President Trump pardoned Binance founder Changpeng Zhao on Thursday. Digital coins linked with both the president and Zhao rose as a result. Zhao backed the crypto project linked to President Trump, World Liberty Financial, ahead of the pardon. Decrypt s Art, Fashion, and Entertainment Hub. Discover SCENE Digital assets related to Binance and President Donald Trump surged on Thursday following news that the U.S. leader had pardoned the crypto exchange's ex-CEO and founder, Changpeng",Decrypt,"BNB, World Liberty, Meme Coins Jump After Trump Pardons Binance Founder"
"Tech Companies Distance Themselves From Far-Left Smear Factory Under Pressure After Charlie Kirk Assassination Major tech companies are distancing themselves from the Southern Poverty Law Center, a leftist group that demonizes conservatives and Christians, after facing pressure over previous... Read More The post Tech Companies Distance Themselves From Far-Left Smear Major tech companies are distancing themselves from the Southern Poverty Law Center, a leftist group that demonizes conservatives and Christians, after facing pressure over previous relationships with the SPLC in the wake of Charlie Kirk s assassination. Kirk s alleged murderer said he killed the Turning Point USA founder because he spreads too much hate. The assassination took place two months after the SPLC put Turning Point USA on a hate map with chapters of the Ku Klux Klan a hate map",Daily Signal,Tech Companies Distance Themselves From Far-Left Smear Factory Under Pressure After Charlie Kirk Assassination
"LIFEMD CLASS ACTION REMINDER: Bragar Eagel Squire, P.C. Urgently Reminds Investors of the October 27th Deadline in the Filed Class Action The complaint allegedly claims LifeMD overstated its competitiveness and raised 2025 guidance despite rising acquisition costs, misleading investors....... Bragar Eagel Squire, P.C. Litigation Partner Brandon Walker Encourages Investors Who Suffered Losses In LifeMD LFMD To Contact Him Directly To Discuss Their Options If you purchased or acquired securities in LifeMD between May 7, 2025 and August 5, 2025 and would like to discuss your legal rights, call Bragar Eagel Squire partner Brandon Walker or Marion Passmore directly at 212 355-4648. Click here to participate in the action. NEW YORK, Oct. 23, 2025 GLOBE NEWSWIRE -- What s Happ",GlobeNewswire,"LIFEMD CLASS ACTION REMINDER: Bragar Eagel & Squire, P.C. Urgently Reminds Investors of the October 27th Deadline in the Filed Class Action"
"Reddit Dubs Perplexity AI and Data Scraping Companies Would-Be Bank Robbers Reddit filed a lawsuit yesterday against artificial intelligence AI company Perplexity AI and three other defendants for their alleged illegal circumvention of Reddit security measures meant to protect misuse of its content and data. Reddit, which describes According to the complaint, Perplexity has admitted that Reddit is one of its top tier sources for data, citing an August 2025 Perplexity blog post that said Reddit has emerged as the most cited domain across AI models globally. Reddit filed a lawsuit yesterday against artificial intelligence AI company Perplexity AI and three other defendants for their alleged illegal circumvention of Reddit security measures meant to protect misuse of its content and data. Reddit, which describes its",IPWatchdog.com,Reddit Dubs Perplexity AI and Data Scraping Companies ‘Would-Be Bank Robbers’
"Times Square New Year s Eve ball might look a bit different this year. Here s why. The annual New Year s Ball will be getting a makeover for the ninth time in its existence Stay ahead of the curve with our weekly guide to the latest trends, fashion, relationships and more Stay ahead of the curve with our weekly guide to the latest trends, fashion, relationships and more Stay ahead of the curve with our weekly guide to the latest trends, fashion, relationships and more Email SIGN UP I would like to be emailed about offers, events and updates from The Independent. Read our Privacy notice As the last few months of 2025 wrap up, New York City is preparing for its an",The-independent.com,Times Square New Year’s Eve ball might look a bit different this year. Here’s why.
"A Pile of Rubble: After 123 Years, the East Wing Is Gone Elisabeth Bumiller New York Times Elisabeth Bumiller New York Times: A Pile of Rubble: After 123 Years, the East Wing Is Gone Mourners are outraged over President Trump's demolition of the East Wing to make way for his 300 million ballroom. Others say it was time for change. The E Sister Sites: Techmeme Top news and commentary for technology's leaders, from all around the web Top news and commentary for technology's leaders, from all around the web Mediagazer Top news and commentary for media professionals from all around the web Top news and commentary for media professionals from all around the web WeSmirch The top celebrity news from all around the web on a single page The top celebrity news from all around the web on a single page",Memeorandum.com,"A Pile of Rubble: After 123 Years, the East Wing Is Gone (Elisabeth Bumiller/New York Times)"
"Trump Demands 230 Million, Poops on Protestors, Razes White House It was the excrement heard round the world. This week, Emily Bazelon, John Dickerson, and David Plotz discuss how President Trump reacted to the No Kings protests by embracing his own cult of the ruler in particularly dramatic fashion, whether the shutdown will eventually break enough government functions to force more urgency in negotiations, and why Young Republicans are fawning over Hitler in group chats. Here are some notes and references from this week s show: Devlin Barrett and Tyler Pager for The New York Times: Trump Said to D",Slate Magazine,"Trump Demands $230 Million, Poops on Protestors, & Razes White House"
"Urban Meyer explains why Lincoln Riley is 'safe' at Southern Cal The Trojans dropped two straight before the bye. Urban Meyer doesn t believe Lincoln Riley is going anywhere at least not this season. As speculation swirls around Riley s future following USC s uneven start in its second Big Ten campaign, the FOX Sports analyst made it clear he thinks the Trojans head coach is secure. During the latest episode of The Triple Option podcast, Meyer said emphatically, No chance. No chance. No chance, when asked whether Riley could be fired in 2025. The Trojans are 5-2 overall and 3-1 in the Big Ten, but re",Sporting News,Urban Meyer explains why Lincoln Riley is 'safe' at Southern Cal
"Prolific Kovacevic key as Celje defeat Shamrock Rovers Shamrock Rovers face a major battle to progress from the league phase of the UEFA Conference League after they were outclassed 2-0 by Slovenian side NK Celje at Tallaght Stadium. Shamrock Rovers face a major battle to progress from the league phase of the UEFA Conference League after they were outclassed 2-0 by Slovenian side NK Celje at Tallaght Stadium. A sublime first-half brace from the unstoppable Franko Kovacevic condemned Rovers to their second successive league phase loss and they barely laid a glove on their Slovenian opponents. Stephen Bradley's side are bang out of form at the business end of the season, having lost four of their last five matches in all com",RTE,Prolific Kovacevic key as Celje defeat Shamrock Rovers
"Updated MDNA11 Clinical Data from the ABILITY-1 Study to be Presented at the European Society for Medical Oncology ESMO Immuno-Oncology Congress 2025 TORONTO and HOUSTON, Oct. 23, 2025 GLOBE NEWSWIRE -- Medicenna Therapeutics Corp. Medicenna or the Company TSX: MDNA, OTCQX: MDNAF , a clinical-stage immunotherapy company focused on the development of Superkines targeting cancer and autoimmune disea TORONTO and HOUSTON, Oct. 23, 2025 GLOBE NEWSWIRE -- Medicenna Therapeutics Corp. Medicenna or the Company TSX: MDNA, OTCQX: MDNAF , a clinical-stage immunotherapy company focused on the development of Superkines targeting cancer and autoimmune diseases, announced today that updated MDNA11 clinical data will be presented at the European Society for Medical Oncology ESMO Immuno-Oncology Congress 2025 taking place December 10-12, 2025, in London, United Kingdom. Updated clinical data f",GlobeNewswire,Updated MDNA11 Clinical Data from the ABILITY-1 Study to be Presented at the European Society for Medical Oncology (ESMO) Immuno-Oncology Congress 2025
"Gemini kind of sucks at news, according to major international study Can you really trust what you're reading in Gemini AI news summaries? A new study explains everything Google's doing wrong. Edgar Cervantes Android Authority TL;DR Among major AI news-summary systems, Google Gemini performed the worst, showing significant issues in many results. Gemini struggled with identifying reliable sources, providing quotes, and linking to its source material. While everyone s tools are showing signs of improvement, Gemini still lags behind. You cannot conduct a conversation about AI without someone quickly bringing up the inconvenient topic of mistakes. For as useful as these systems can",Android Authority,"Gemini kind of sucks at news, according to major international study"
"'Willing to Do What It Takes': UAW Volkswagen Workers in Chattanooga Call Strike Vote Volkswagen workers in Chattanooga, Tennessee, who unionized with the United Auto Workers last year, announced Thursday that they will vote next week to authorize a strike after over 13 months of fruitless contract negotiations with the auto giant.The strike a Volkswagen workers in Chattanooga, Tennessee, who unionized with the United Auto Workers last year, announced Thursday that they will vote next week to authorize a strike after over 13 months of fruitless contract negotiations with the auto giant. The strike authorization vote planned for October 28-29 comes after months of unfair labor practices committed by the company, including bad faith negotiations, unlawful intimidation, and the unilateral cutting of jobs at Volkswagen s only US assembl",Common Dreams,'Willing to Do What It Takes': UAW Volkswagen Workers in Chattanooga Call Strike Vote
"Trump pardons founder of crypto exchange Binance, who pleaded guilty to enabling money laundering President Trump on Thursday pardoned Changpeng Zhao, the founder of the world's largest cryptocurrency exchange, Binance. CBS News correspondent Shanelle Kaul has more. Trump pardons founder of crypto exchange Binance, who pleaded guilty to enabling money laundering President Trump on Thursday pardoned Changpeng Zhao, the founder of the world's largest cryptocurrency exchange, Binance. CBS News correspondent Shanelle Kaul has more.",CBS News,"Trump pardons founder of crypto exchange Binance, who pleaded guilty to enabling money laundering"
"Terry Rozier Net Worth: How Much Money He Has Amid NBA Scandal Terry Rozier is facing legal trouble amid a gambling investigation. Here's everything to know about how much the Miami Heat guard is worth today. Image Credit: Getty Images NBA star Terry Rozier is making headlines following his arrest as part of a sweeping federal gambling investigation. The FBI has described this probe as a historic arrest operation that involves current and former NBA personnel including Rozier and veteran coach Chauncey Billups and alleged connections to sports betting, rigged poker games and organized-crime families. We are here in New York to announce a historic arrest across a wide, sweeping criminal enterpris",Hollywood Life,Terry Rozier Net Worth: How Much Money He Has Amid NBA Scandal
"The Only Piece of Advice People Who Want to Go to Grad School Need to Hear Right Now Grad school's been grim for years. But it's always possible for things to get worse. Sign up for the Slatest to get the most insightful analysis, criticism, and advice out there, delivered to your inbox daily. A few weeks ago, I spoke to students at my university, here in Qatar, about what they needed to know before pursuing a doctoral degree in the United States. Not only do I have a Ph.D., but until recently I was a tenured professor at a major U.S.-based research university, so it s natural for me to be on these types of panels. A couple of years ago, I would have repeated",Slate Magazine,The Only Piece of Advice People Who Want to Go to Grad School Need to Hear Right Now
"Darren Bailey s Son, Grandchildren Among Those Deceased In Tragic Helicopter Crash Illinois gubernatorial candidate Darren Bailey s son, daughter-in-law and two young grandchildren perished Wednesday in a helicopter crash in Montana. Illinois gubernatorial candidate Darren Bailey s son, daughter-in-law and two young grandchildren perished Wednesday in a helicopter crash in Montana. The tragic news was shared Thursday on X by in a statement from the Darren Bailey Aaron Del Mar Campaign. On Wednesday evening, Darren and his wife, Cindy, received the heartbreaking news no parent ever wants to hear. Their son, Zachary, his wife, Kelsey, and their two young children, Vada Rose, age 12, and Samuel, age 7, tragically lost thei",The Daily Caller,"Darren Bailey’s Son, Grandchildren Among Those Deceased In Tragic Helicopter Crash"
"2026 Senate Overview Just for members: The latest edition of . This issue is the quarterly Senate overview included updated analysis on all 35 races around the country. Republicans maintain the advantage to hold their majority as Democrats The BBC caught scam call center workers on hidden cameras as they laughed at the people they were tricking. The BBC caught scam call center workers on hidden cameras as they laughed at the people they were tricking. One worker bragged about making 250k from victims. The disturbing truth? Scammers don t pick phone numbers at random. They buy your data from brokers. Once your data is out there, it s not just calls. It s phishing, impersonation, and identity theft. That s why I recommend Incogni",Politicalwire.com,2026 Senate Overview
"Republicans Are Trying to Make Fascism Edgy and Hip For the last few weeks, Republican Party leadership has been carrying out a campaign to, essentially, classify the word fascist as hate speech against right-wingers. But while some Republicans shy away from the term, plenty of others, particularly among the For the last few weeks, Republican Party leadership has been carrying out a campaign to, essentially, classify the word fascist as hate speech against right-wingers. But while some Republicans shy away from the term, plenty of others, particularly among their base and their influencers, find it edgy and hip. Some have even begun to wear it as a badge of honor. Most notably, last week, members of the Republican Youth er, Young Republicans were caught in a group chat declaring their love of Ado",Common Dreams,Republicans Are Trying to Make Fascism Edgy and Hip
"WATCH: Failed Democrat Candidate Is Accused of Stealing Georgia Power Trade Secrets A Democrat former Public Service Commission PSC candidate was accused Tuesday of stealing trade secrets from Georgia Power. The post WATCH: Failed Democrat Candidate Is Accused of Stealing Georgia Power Trade Secrets appeared first on Breitbart. A Democrat former Public Service Commission PSC candidate was accused Tuesday of stealing trade secrets from Georgia Power. Patty Durand was arrested and charged with felony theft, Georgia Public Broadcasting GPB reported Wednesday. A hearing was held regarding Georgia Power s request to add two Plant Vogtles worth of new power, mostly for data centers, the outlet said, adding that Durand opposes such centers and rate hikes and operates the watchdog group known as Georgia Utility Watch.",Breitbart News,WATCH: Failed Democrat Candidate Is Accused of Stealing Georgia Power Trade Secrets
"Terry Rozier appears to have used the same method as Jontay Porter to rig NBA games; lifetime ban possible if guilty Miami Heat guard Terry Rozier was arrested at a hotel in Orlando, Florida, on Thursday as part of an FBI investigation into an illegal sports gambling ring. Rozier is being connec Miami Heat guard Terry Rozier was arrested at a hotel in Orlando, Florida, on Thursday as part of an FBI investigation into an illegal sports gambling ring. Rozier is being connected to 'Operation Nothing But Bet', a probe related to the Jontay Porter case. Porter received a lifetime ban in April 2024. Uncertainty surrounds the Lakers at the start of the season Trail Blazers coach Chauncey Billups was also arrested, but both Rozier and Billups were taken into custody in separate cases related",Marca,Terry Rozier appears to have used the same method as Jontay Porter to rig NBA games; lifetime ban possible if guilty
"Show HN: I built a tech news aggregator that works the way my brain does An honest to god, non-algorithmic reverse chrono list of tech news that passes my signal-to-noise tests, updated hourly.A lightweight a page design as I've been able to keep; simple, clean, fast. No commercial features or aspirations - this is a passion proje Recent Stories Summary Recent Stories in Detail Reverse chrono from now to midnight Thursday, October 23, 2025, Timezone: America Chicago Friday, October 24, 2025, 12:21 pm permalink Automattic has initiated sweeping counterclaims against WP Engine, accusing the hosting company of trademark misuse and deceptive branding. This legal salvo intensifies the ongoing dispute over WordPress trademark issues and signals a determined effort by Automattic to defend its brand integrity. Bluesky: te",Deadstack.net,Show HN: I built a tech news aggregator that works the way my brain does
"Takaichi said to arrange phone call with Trump on Saturday Japan's recently elected prime minister, Sanae Takaichi, is arranging for her first official phone call with United States President Donald Trump to be held on October 25, Kyodo News reported on Thurs... Japan's recently elected prime minister, Sanae Takaichi, is arranging for her first official phone call with United States President Donald Trump to be held on October 25, Kyodo News reported on Thurs... This story appeared on breakingthenews.net , 2025-10-23 17:41:00.",Biztoc.com,Takaichi said to arrange phone call with Trump on Saturday
"How Kristen Bell, Dax Shepard Navigate the Ebb Flow of Marriage Kristen Bell learned to let some things go when it comes to love. The Nobody Wants This actress shared insight into her marriage to Dax Shepard, with whom she shares daughters Lincoln, 12,... Kristen Bell and Dax Shepard want this marriage to go the distance. Which is why the Nobody Wants This actress and the Armchair Expert host parents to daughters Lincoln, 12, and Delta, 10 have learned to how to navigate each other's highs and lows. I don't like the idea that you're looking for your perfect puzzle piece because you also have to become a puzzle piece that fits with someone else, Kristen said on SiriusXM's Andy Cohen Live Oct. 23. So if you find two people that are like, 'Yeah",Eonline.com,"How Kristen Bell, Dax Shepard Navigate the ""Ebb"" & ""Flow"" of Marriage"
"The Rules of Investing Just Changed Are You Ready? InvestorPlace - Stock Market News, Stock Advice Trading Tips The way information moves, how investors react, and where the biggest opportunities appear have all changed. That s why InvestorPlace Senior Analyst Louis Navellier is partnering up with two brill InvestorPlace - Stock Market News, Stock Advice Trading Tips The way information moves, how investors react, and where the biggest opportunities appear have all changed. That s why InvestorPlace Senior Analyst Louis Navellier is partnering up with two brilliant young investors to This story appeared on investorplace.com , 2025-10-23 17:00:00.",Biztoc.com,The Rules of Investing Just Changed — Are You Ready?
"Five Fun Things Last month, I got hooked on RÕZ s Milk Hair Serum. Applied to damp hair, the lightweight serum keeps hair silky and defined, even on rainy days. Read more The post Five Fun Things appeared first on Cup of Jo. Last month, I got hooked on RÕZ s Milk Hair Serum. Applied to damp hair, the lightweight serum keeps hair silky and defined, even on rainy days. And it smells so clean! Sometimes I think products aren t worth it, but this one makes a huge difference. If you d like to see for yourself, good news: RÕZ just launched a try-before-you-buy program, where you can try up to four full-size products and only pay for what you keep shipping s free, too . What would you go for? I m also into this root-lif",Cupofjo.com,Five Fun Things
"Senate Democrats Kill Bill to Pay Essential Workers During Shutdown Only three Democrats voted for the bill. The post Senate Democrats Kill Bill to Pay Essential Workers During Shutdown first appeared on Le gal In sur rec tion. Senate Democrats killed a bill proposed by GOP Sens. Ron Johnson WI and Todd Young IN that would have paid government essential workers during the extended shutdown. It failed 54-45. It needed 60 votes to advance. Only Democrat Sens. John Fetterman PA , Raphael Warnock GA , and Jon Ossoff GA voted with the Republicans. From Fox News: In addition to compensating federal employees and military personnel during the current shutdown, the bill would also extend relief to future instances",Legalinsurrection.com,Senate Democrats Kill Bill to Pay Essential Workers During Shutdown
"Trump: 'La Cisgiordania non sarà annessa'. Ma Netanyahu frena 'Il presidente Usa: 'Andrò a Gaza'. Intanto Hamas e Fatah si incontrano al Cairo ANSA L'altolà arriva un'altra volta da Donald Trump: Israele non annetterà la Cisgiordania, se lo facesse perderebbe tutto il sostegno degli Stati Uniti, perché - ha spiegato lo stesso presidente americano - ho dato la mia parola ai Paesi arabi , in occasione delle trattative per raggiungere il cessate al fuoco a Gaza. Anche se poi il tema dell'annessione di quella parte di territori palestinesi non era più stato evocato nei 20 punti del piano Usa, per la Casa Bianca è una linea rossa che Benyamin",ANSA.it,Trump: 'La Cisgiordania non sarà annessa'. Ma Netanyahu frena
"Telix Pharmaceuticals Limited Investigated by the Portnoy Law Firm LOS ANGELES, Oct. 23, 2025 GLOBE NEWSWIRE -- The Portnoy Law Firm advises Telix Pharmaceuticals Limited, Telex or the Company NASDAQ: TLX investors that the firm has initiated an investigation into possible securities fraud, and may file a class act LOS ANGELES, Oct. 23, 2025 GLOBE NEWSWIRE -- The Portnoy Law Firm advises Telix Pharmaceuticals Limited, Telex or the Company NASDAQ: TLX investors that the firm has initiated an investigation into possible securities fraud, and may file a class action on behalf of investors. Investors are encouraged to contact attorney Lesley F. Portnoy, by phone 844-767-8529 or email: lesley portnoylaw.com, to discuss their legal rights, or join the case via",GlobeNewswire,Telix Pharmaceuticals Limited Investigated by the Portnoy Law Firm
"'Functionally extinct': After 10,000 years on the Florida coast, two key corals are dead In Florida, two key coral species responsible for building coral reefs have been killed off because of extreme ocean heat, a new study found. Since the Ice Age, elkhorn and staghorn corals off Florida s southern coast have been stacking their skeletons into elaborate, branching homes for parrotfish, eels and octopuses. They ve been the most important reef builders on these reefs for 10,000 years, said Ross Cunning, a coral biologist with Chicago s Shedd Aquarium. But researchers are using stark, new language to describe the status of the two species in Florida: functionally extinct. The numbers of individuals of these species th",NBC News,"'Functionally extinct': After 10,000 years on the Florida coast, two key corals are dead"
"Λευκός Οίκος: Το ενδεχόμενο συνάντησης Τραμπ-Πούτιν δεν έχει αποκλειστεί πλήρως Στην ίδια δήλωση, ο Λευκός Οίκος είπε ότι η απόφαση για το αν θα επιβληθούν νέες κυρώσεις κατά της Μόσχας ανήκει αποκλειστικά στον Αμερικανό πρόεδρο Μια συνάντηση μεταξύ του Αμερικανού προέδρου Ντόναλντ Τραμπ και του Ρώσου προέδρου Βλαντίμιρ Πούτιν δεν έχει αποκλειστεί πλήρως, δήλωσε την Πέμπτη η εκπρόσωπος του Λευκού Οίκου, Καρολάιν Λέβιτ, κατά τη διάρκεια ενημέρωσης Τύπου. Πιστεύω ότι ο πρόεδρος και ολόκληρη η κυβέρνηση ελπίζουν πως κάποια στιγμή αυτό μπορεί να συμβεί ξανά, αλλά θέλουμε να διασφαλίσουμε ότι από μια τέτοια συνάντηση θα προκύψει ουσιαστικό και θετικό αποτέλεσμα , ανέφερε η Λέβιτ. Ο Τραμπ είχε δηλώσει την Τετάρτη ότι ακύρω",Skai.gr,Λευκός Οίκος: Το ενδεχόμενο συνάντησης Τραμπ-Πούτιν δεν έχει αποκλειστεί πλήρως
"Aaron Jones delivers uplifting return for Minnesota A welcome return to the Minnesota backfield The Minnesota Vikings will welcome back running back Aaron Jones for their Thursday Night Football showdown against the Los Angeles Chargers, providing a significant boost to an offense that has managed well in his Aaron Jones returns for exciting Vikings TNF matchup Aaron Jones A welcome return to the Minnesota backfield The Minnesota Vikings will welcome back running back Aaron Jones for their Thursday Night Football showdown against the Los Angeles Chargers, providing a significant boost to an offense that has managed well in his absence but will benefit from his veteran presence. Amazon Prime broadcaster Kirk Herbstreit reported the news, confirming what many expected after the team designated Jones",Rolling Out,Aaron Jones delivers uplifting return for Minnesota
"How Citywest scenes are drawing the attention of far-right media and influencers The hours-long standoff featured heavily in certain right-wing media from the UK and Canada. THIS WEEK S UNREST outside the Citywest hotel in Dublin which houses refugees and people seeking international protection has dominated domestic headlines having resulted in 30 arrests and three injured gardaí but it also drew attention from further afield. The hours-long standoff on Tuesday night featured heavily across international media including on far-right platforms, where some of those taking part were described as patriots and the fighting Irish who were standing up against the",TheJournal.ie,How Citywest scenes are drawing the attention of far-right media and influencers
"Directorul Termocentrale Constanţa, găsit spânzurat în propria locuinţă. Bărbatul suferea de depresie Directorul Termocentrale Constanţa, Daniel Popa, a fost găsit spânzurat, joi, în propria locuinţă. Poliţiştii au deschis o anchetă în acest caz. Directorul Termocentrale Constanţa, Daniel Popa, a fost găsit spânzurat, joi, în propria locuinţă. Poliţiştii au deschis o anchetă în acest caz. Reprezentanţii Inspectoratului de Poliţie Judeţean Constanţa au anunţat că poliţiştii Secţiei 3 au fost sesizaţi, joi, printr-un apel la 112, de către o femeie, cu privire la faptul că soţul ei a decedat, scrie News. Din primele cercetări s-a stabilit faptul că bărbatul în cauză, de 43 de ani, ar fi fost găsit spânzurat, în jurul orei 15.30, în locui",Adevarul.ro,"Directorul Termocentrale Constanţa, găsit spânzurat în propria locuinţă. Bărbatul suferea de depresie"
"Furioza 3 : Wird es einen dritten Teil der Hooligan-Saga auf Netflix geben? Einen ungeschönten Blick wirft die Action-Reihe auf die Hooligan-Szene. Wir verraten euch, ob auch mit Furioza 3 zu rechnen ist. Einen ungeschönten Blick wirft die Action-Reihe auf die Hooligan-Szene. Wir verraten euch, ob auch mit Furioza 3 zu rechnen ist. Erfahre mehr zu unseren Affiliate-Links Symbol gekennzeichnet. Wenn du über diese Links einkaufst, erhalten wir eine Provision, die unsere redaktionelle Arbeit unterstützt. Der Preis für dich bleibt dabei unverändert. Diese Affiliate-Links sind durch einSymbol gekennzeichnet. Mehr erfahren. Polizistin Dzika Weronika Książkiewicz kontaktiert ihren damaligen Gelieb",Kino.de,"""Furioza 3"": Wird es einen dritten Teil der Hooligan-Saga auf Netflix geben?"
"Pool crunch coming for Prince George as aquatic centre set to close for 2 years The city says upgrades are needed to extend the pool's life but that it will cause some pain as roughly 240,000 annual visitors are redirected to a single downtown pool from Jan. 1 until sometime in early 2028. The City of Prince George says it will be closing its aquatic centre for two years, starting Jan. 1 until sometime in early 2028. It says the extended closure is necessary for a series of upgrades to the facility, which first opened in 1998. That means all aquatics programs in the city will be directed to the downtown Canfor Leisure Pool, which is itself struggling with mechanical issues that have prompted the city to sue its designer. It also is not equipped with the same competition and tra",CBC News,Pool crunch coming for Prince George as aquatic centre set to close for 2 years
"Trump indulta al fundador de Binance, una de las plataformas de criptomonedas más grandes del mundo Changpeng Zhao fue condenado por violar los requisitos penales estadounidenses contra el blanqueo de dinero. En 2023, Binance, una de las plataformas de criptomonedas más grandes del mundo por volumen, se declaró culpable de violar los requisitos estadounidenses contra el lavado de dinero y se les prohibió operar allí. El rostro de este caso fue el fundador de la firma, Changpeng Zhao, quien terminó en la cárcel. Sin embargo, durante esta jornada, el presidente de Estados Unidos, Donald Trump, informó de un indulto. The Wall Street Journal WSJ fue el medio que informó sobre el hecho y explicó que Bi",Latercera.com,"Trump indulta al fundador de Binance, una de las plataformas de criptomonedas más grandes del mundo"
"PUBG maker Krafton is turning into an AI first developer Krafton, the company behind games such as PUBG: Battlegrounds and the Sims-like InZOI, is making a big push into using AI within the company. Under this new AI First strategy, Krafton plans to use agentic AI to help automate work and implement an AI-cenete is a senior reporter covering technology, gaming, and more. He joined The Verge in 2019 after nearly two years at Techmeme. Krafton, the company behind games such as PUBG: Battlegrounds and the Sims-like InZOI, is making a big push into using AI within the company. Under this new AI First strategy, Krafton plans to use agentic AI to help automate work and implement an AI-centered management system, according to a translation of a press release. The company also plans to spend more than 100",The Verge,PUBG maker Krafton is turning into an ‘AI first’ developer
"Selena Gomez Hits the Lights in In The Dark Music Video! Selena Gomez dropped her new single In The Dark and the music video, part of the soundtrack for Nobody Wants This Season 2 and it s a slick pop ride. From the synth-driven beat to the glowing visuals, Selena is reclaiming her place in the pop-game spotlight. MUSIC Selena Gomez dropped her new single In The Dark and the music video, part of the soundtrack for Nobody Wants This Season 2 and it s a slick pop ride. From the synth-driven beat to the glowing visuals, Selena is reclaiming her place in the pop-game spotlight. In the clip, Selena switches between looks like a fashion chameleon sleek black leather two-piece with a vinyl coat one minute, blunt bangs and a high-cut leotard the next. The only thing I'm noticing is how much the Ozempic has wo",Egotastic.com,Selena Gomez Hits the Lights in “In The Dark” Music Video!
"'We're not going anywhere': Texas A M HC Mike Elko's wife shuts down Penn State connection Texas A M HC Mike Elko's wife, Michelle, ended any speculation regarding her husband's connection with any of the recent head coach openings. Happy wife, happy life or however the saying goes is likely how Texas A M head coach Mike Elko manages his personal life alongside leading one of the biggest programs in the country. On Wednesday, during Elko's weekly Aggie Football Hour, the second-year head coach's wife, Michelle, made a definitive statement regarding his husband's future in College Station. To preface, Mike Elko has been connected to the recent Penn State head coach opening after James Franklin was dismissed earlier this m",USA Today,'We're not going anywhere': Texas A&M HC Mike Elko's wife shuts down Penn State connection
"Amaze ball: Time Square unveils fresh NYE celebration station This New Year s Eve, an entirely new and bigger Waterford crystal ball will drop over Times Square from a newly renovated building touting new experiences for visitors. We are creating an interactive, immersive experience across 21 floors that is meant to be This New Year s Eve, an entirely new and bigger Waterford crystal ball will drop over Times Square from a newly renovated building touting new experiences for visitors. We are creating an interactive, immersive experience across 21 floors of the 26-story building that is meant to be a 21st-century visitors center for Times Square, said Michael Phillips of the Jamestown ownership. For the first time, guests will be able to reserve times for small wedding ceremonies at Ever, get a sugar fix at",New York Post,Amaze ball: Time Square unveils fresh NYE celebration station
"Star Trek: Starfleet Academy Showrunners Talk Sisko Connection, Mission Of The Week Style We round up NYCC tidbits on Klingons, cadet character moments, and more. Following the Star Trek Universe panel at New York Comic Con, several news outlets caught up with the folks from Star Trek: Starfleet Academy. The showrunners and members of the cast had interesting things to say about the series, possible canon connections, and their characters. Sisko s fate revealed in Academy? Could Star Trek: Starfleet Academy directly address the fate of Deep Space Nine s beloved Captain Benjamin Sisko, who vowed to one day return from the Celestial Temple after being bro",TrekMovie,"‘Star Trek: Starfleet Academy’ Showrunners Talk Sisko Connection, “Mission Of The Week” Style"
"Noem Reacts to Democrats ICE Misconduct Tracker With Thinly Veiled Threats The Trump administration continues to squash, smear, and criminalize attempts to document or protest its agenda. This week, Rep. Rob Garcia D-California , the ranking Democrat on the House Committee on Oversight and Government Reform, announced that they will be creating a website to collect information on Immigration and Customs Enforcement ICE activities in an effort to track potential human rights violations. We re establishing a misconduct tracker to systematically document abuse and civil rights violations by this administration including cases where ICE has detained U.S. citizens and violated",Thecarceralreport.com,Noem Reacts to Democrats’ ICE Misconduct Tracker With Thinly Veiled Threats
"How much does Clemson football GM Jordan Sorrells make? Total pay, buyout, ACC salary rank How much does Clemson football general manager Jordan Sorrells make, and where does his salary rank among college football GMs? Here's a look. General managers in college football have become commonplace with the rise of NIL, the transfer portal and roster building. Though largely avoiding the portal, the Clemson Tigers have one such GM: Jordan Sorrells. Sorrells is in his second year as Clemson's general manager, and his 11th year overall with the football program. Clemson athletics describes Sorrell's responsibilities: Sorrells list of duties includes management of the prospect evaluation process, organizing prospect visits, pro",USA Today,"How much does Clemson football GM Jordan Sorrells make? Total pay, buyout, ACC salary rank"
"Over 6,000 voters deleted for Rs 80 each in Aland: Karnataka SIT India News: BENGALURU: Karnataka police s special investigation team probing the alleged voter deletion scam in Aland constituency during the 2023 assembly polls . Karnataka police's SIT has uncovered evidence of a voter deletion scam in Aland, with six suspects identified. Allegations suggest over 6,000 votes, primarily targeting Dalit and minority voters, were removed from electoral rolls between December 2022 and February 2023 for a fee of Rs 80 per application. Investigations are ongoing.",The Times of India,"Over 6,000 voters deleted for Rs 80 each in Aland: Karnataka SIT"
"Florida mayor predicts 'substantial exodus' of NYC businesses if Mamdani wins Boca Raton s Republican mayor Scott Singer told Fox News Digital that if socialist Zohran Mamdani wins the New York City mayor s race next month, Florida could see a fresh wave of relocated businesses. The threat of people leaving high tax, high crime jurisd Skip to comments. Florida mayor predicts 'substantial exodus' of NYC businesses if Mamdani wins Fox News October 22, 2025 Andrew Mark Miller Posted on by MinorityRepublican Boca Raton s Republican mayor Scott Singer told Fox News Digital that if socialist Zohran Mamdani wins the New York City mayor s race next month, Florida could see a fresh wave of relocated businesses. The threat of people leaving high tax, high crime jurisdictions like New York and other places is real, Singer t",Freerepublic.com,Florida mayor predicts 'substantial exodus' of NYC businesses if Mamdani wins
"Hamas and rivals Fatah meet in Egypt to discuss future of Gaza Alongside the Hamas-Fatah talks, Egypt s intelligence chief Hassan Rashad met with senior officials from key Palestinian factions. DELEGATIONS FROM HAMAS and its longtime rival Fatah met in Cairo today to discuss the second phase of a US-backed ceasefire plan for the Gaza Strip in Palestine. Egypt s state-linked Al-Qahera News reported that the talks between the two main Palestinian political parties covered the national scene in general and arrangements after ending the war in the Gaza Strip . A source told the AFP news agency that the meeting involved a discussion of the current situation and issues related to the sec",TheJournal.ie,Hamas and rivals Fatah meet in Egypt to discuss future of Gaza
"The Adam Schiff criminal probe has stalled, sources say NBC News NBC News: The Adam Schiff criminal probe has stalled, sources say After months of investigating, federal prosecutors in Maryland have not produced enough evidence to bring charges, according to four people familiar with the investigation. The federal Sister Sites: Techmeme Top news and commentary for technology's leaders, from all around the web Top news and commentary for technology's leaders, from all around the web Mediagazer Top news and commentary for media professionals from all around the web Top news and commentary for media professionals from all around the web WeSmirch The top celebrity news from all around the web on a single page The top celebrity news from all around the web on a single page",Memeorandum.com,"The Adam Schiff criminal probe has stalled, sources say (NBC News)"
"Stephen A. Smith Claims Trump Plotting Revenge On Sports Leagues That Crossed Him Stephen A. Smith expressed fear that Donald Trump was taking revenge on sports leagues over their opposition to him. SiriusXM host Stephen A. Smith expressed fear on The Stephen A. Smith Show on Thursday that President Donald Trump was taking revenge on sports leagues over their opposition to him. Portland Trail Blazers head coach Chauncey Billups, Miami Heat player Terry Rozier and former NBA player and assistant coach Damon Jones were arrested in connection to an investigation by the Federal Bureau of Investigation FBI into alleged illegal gambling activities linked to the mafia, the agency announced du",The Daily Caller,Stephen A. Smith Claims Trump Plotting Revenge On Sports Leagues That Crossed Him
"What Did Susan Lorincz Say to Ajike 'AJ' Owens' Family in Court? Susan Lorincz delivered an apology to the late Ajike AJ Owens loved ones after being convicted of shooting the mother of four in June 2023. The shocking dispute between Florida neighbors Lorincz and Owens is explored in Netflix s documentary The Perfect Ne Susan Lorincz delivered an apology to the late Ajike AJ Owens loved ones after being convicted of shooting the mother of four in June 2023. The shocking dispute between Florida neighbors Lorincz and Owens is explored in Netflix s documentary The Perfect Neighbor, which was released in October 2025. The film chronicles the events leading up to Lorincz fatally shooting Owens through her front door when her neighbor asked to discuss a dispute. Lorincz initially pleaded not guilty citing Flor",Us Weekly,What Did Susan Lorincz Say to Ajike 'AJ' Owens' Family in Court?
"Comedian Lasisi Elenu, Wife Welcome Baby Boy, Newborn's Name Leaves People Talking: NSPPD Baby Comedian Lasisi Elenu and his wife announced the birth of their second child, a baby boy named River Elroi, sharing a heartfelt post and Bible verse. Comedian Lasisi Elenu and his wife announced the birth of their second child, a baby boy, on social media Lasisi Elenu, in a joint post with his wife, shared a picture showing the feet of their baby boy, as messages poured in for the couple However, the name of the comedian's son captured attention on social media, as netizens share their opinions It was a moment of celebration for skit maker Nosa Afolabi, popularly known as Lasisi Elenu, and his wife, Nonso, as they welcomed their second chi",Latest News in Nigeria & Breaking Naija News 24/7 | LEGIT.NG,"Comedian Lasisi Elenu, Wife Welcome Baby Boy, Newborn's Name Leaves People Talking: ""NSPPD Baby"""
"The new face of British leather how regenerative farming is reshaping fashion British Pasture Leather s MADE WITH collection is a collaboration connecting farmers, designers, and makers to restore value to the land and everything that grows from it Caroline Garland explores whether these materials could provide a realistic alternativ Sign up to our free weekly newsletter for insider tips and product reviews from our shopping experts Sign up for our free IndyBest email Sign up for our free IndyBest email Email SIGN UP I would like to be emailed about offers, events and updates from The Independent. Read our Privacy notice Imagine a world where everything is made with care and provenance; where every step, from insect-thriving pasture to beautifully crafted bag, nourishes the planet instead of polluting it. A world where ma",The-independent.com,The new face of British leather – how regenerative farming is reshaping fashion
Ex-CNN Analyst Warns Jasmine Crockett Could Hand Texas Senate Seat To GOP Chris Cillizza warned on his YouTube channel Thursday that Democratic Texas Rep. Jasmine Crockett running for Senate would likely hand a victory to Republicans. NewsNation political contributor Chris Cillizza warned on his YouTube channel Thursday that Democratic Texas Rep. Jasmine Crockett running for Senate would likely hand a victory to Republicans. Crockett said on SiriusXM s The Lurie Daniel Favors Show on Wednesday that she is contemplating launching a campaign for the Senate in the 2026 midterms. Cillizza said on his channel that other Democratic candidates would be stronger general election options against the Republican field. RELATED: Jasm,The Daily Caller,Ex-CNN Analyst Warns Jasmine Crockett Could Hand Texas Senate Seat To GOP
"Johnny Depp Reportedly in Talks to Play Mean Old Man Johnny Depp is reportedly in final talks to Bah, humbug as Scrooge in Ti West s Charles Dickens adaptation, Ebenezer: A Christmas Carol. Will he be seeing ghosts? Photo: Swan Gallet WWD via Getty Images Well, if he s anything like the miserly character he s rumored to be playing, it might take a second to close this deal. Deadline and Variety report that Johnny Depp is in final negotiations to Bah, humbug as Ebenezer Scrooge in horror filmmaker Ti West s upcoming Charles Dickens adaptation, Ebenezer: A Christmas Carol. West will direct from a script written by Tales From the Loop creator Nathaniel Halpern, and Andrea Riseborou",Vulture,Johnny Depp Reportedly in Talks to Play Mean Old Man
"One-Punch Man Season 3 Returns With New Episodes One-Punch Man season 3 is in full swing with new episodes rolling out weekly. Here s every specific now confirmed: the Episode 27 story and broadcast in Japan, the exact U.S. streaming time for Episode 3, the complete cast list credited on the latest preview, One-Punch Man season 3 is in full swing with new episodes rolling out weekly. Here s every specific now confirmed: the Episode 27 story and broadcast in Japan, the exact U.S. streaming time for Episode 3, the complete cast list credited on the latest preview, and how the show is performing on global streaming charts. One-Punch Man season 3 returns with new episodes each week, and this page captures the concrete details fans are looking for. Release where to watch Episode 27 the series 27th",Buddytv.com,‘One-Punch Man’ Season 3 Returns With New Episodes
"Fallout 76 confirma su versión nativa para Xbox Series y PS5 en 2026 Bethesda anuncia la esperada actualización de nueva generación durante el Fallout Day. Bethesda anuncia la esperada actualización de nueva generación durante el Fallout Day. Más historias en la categoría Actualizaciones No te pierdas nada y Síguenos en Google News! El evento anual dedicado a la franquicia posapocalíptica ha dejado una noticia que los seguidores llevaban años esperando. Tras meses de rumores y filtraciones, Bethesda ha confirmado que su título multijugador ambientado en el universo de Fallout recibirá una versión completamente nativa para las consolas de actual",Generación Xbox,Fallout 76 confirma su versión nativa para Xbox Series y PS5 en 2026
"New York City Mayor Eric Adams backs Andrew Cuomo in the race to succeed him Katherine Koretski NBC News Katherine Koretski NBC News: New York City Mayor Eric Adams backs Andrew Cuomo in the race to succeed him Adams dropped out of the race last month but will still appear on the ballot. He had run as an independent after the Justice Department dropped co Sister Sites: Techmeme Top news and commentary for technology's leaders, from all around the web Top news and commentary for technology's leaders, from all around the web Mediagazer Top news and commentary for media professionals from all around the web Top news and commentary for media professionals from all around the web WeSmirch The top celebrity news from all around the web on a single page The top celebrity news from all around the web on a single page",Memeorandum.com,New York City Mayor Eric Adams backs Andrew Cuomo in the race to succeed him (Katherine Koretski/NBC News)
"New book details infighting behind Trump's 'obviously unqualified' cabinet picks David Smith The Guardian David Smith The Guardian: New book details infighting behind Trump's obviously unqualified cabinet picks Retribution, by Jonathan Karl, describes backroom squabbling over Kristi Noem and Sean Duffy appointments Donald Trump picked Kristi Noem as h Sister Sites: Techmeme Top news and commentary for technology's leaders, from all around the web Top news and commentary for technology's leaders, from all around the web Mediagazer Top news and commentary for media professionals from all around the web Top news and commentary for media professionals from all around the web WeSmirch The top celebrity news from all around the web on a single page The top celebrity news from all around the web on a single page",Memeorandum.com,New book details infighting behind Trump's 'obviously unqualified' cabinet picks (David Smith/The Guardian)
"Devastating Poll Reveals How Much Americans Hate Trump's White House Teardown Leigh Kimmins The Daily Beast Leigh Kimmins The Daily Beast: Devastating Poll Reveals How Much Americans Hate Trump's White House Teardown TOUGH SELL The self-described salesman extraordinaire is struggling to sell the idea of his renovations to the American public. Presiden Sister Sites: Techmeme Top news and commentary for technology's leaders, from all around the web Top news and commentary for technology's leaders, from all around the web Mediagazer Top news and commentary for media professionals from all around the web Top news and commentary for media professionals from all around the web WeSmirch The top celebrity news from all around the web on a single page The top celebrity news from all around the web on a single page",Memeorandum.com,Devastating Poll Reveals How Much Americans Hate Trump's White House Teardown (Leigh Kimmins/The Daily Beast)
"American abducted by suspected jihadists in Niger Kevin Rideout, an American missionary in Niger s capital of Niamey since 2010, was abducted from his home by suspected jihadists just 100 yards from Niger s Presidential Palace. Regional security in the Sahel continues to falter as both the Islamic State and Shutterstock On Tuesday, Kevin Rideout, an American Christian missionary in the West African state of Niger, was abducted from his home in the country s capital, as first reported by CBS News. Rideout had lived in Niamey since 2010, where he worked as a pilot for the US-based Serving in Mission organization. According to CBS, three gunmen raided Rideout s home compound Tuesday night, which is only approximately 100 yards from Niger s Presidential Palace. His phone was then last tracked to ro",Longwarjournal.org,American abducted by suspected jihadists in Niger
Transgender powerlifting case ruled discrimination by MN Supreme Court A ruling from the Minnesota Supreme Court found that a transgender powerlifter was discriminated against when USA Powerlifting refused to allow her to compete in women's events. The Minnesota Supreme Court found the district court rightly granted partial su Skip to comments. Transgender powerlifting case ruled discrimination by MN Supreme Court Fox 9 KMSP 10 22 2025 Howard Thompson and Nick Longworth Posted on by VanShuyten A ruling from the Minnesota Supreme Court found that a transgender powerlifter was discriminated against when USA Powerlifting refused to allow her to compete in women's events. The Minnesota Supreme Court found the district court rightly granted partial summary judgment for Cooper on a discrimination complaint under,Freerepublic.com,Transgender powerlifting case ruled discrimination by MN Supreme Court
"Eric Adams to endorse Andrew Cuomo in NYC mayor's race today, sources say - CBS News Eric Adams to endorse Andrew Cuomo in NYC mayor's race today, sources sayCBS News Eric Adams to endorse Andrew Cuomo in New York City mayoral raceThe Guardian Mayor Eric Adams endorses Andrew Cuomo for NYC mayor to stop Zohran MamdaniUSA Today NYC mayoral ele Little prigs and three-quarter madmen may have the conceit that the laws of nature are constantly broken for their sakes. -- Friedrich Nietzsche",Slashdot.org,"Eric Adams to endorse Andrew Cuomo in NYC mayor's race today, sources say - CBS News"
"Duffy warns of travel disruptions as air traffic controllers face missed paycheck - Axios Duffy warns of travel disruptions as air traffic controllers face missed paycheckAxios Americans could face airport chaos if Dems don't end shutdown, Trump official warnsFox News Transportation Secretary Duffy can t guarantee on-time flights during shutdown Little prigs and three-quarter madmen may have the conceit that the laws of nature are constantly broken for their sakes. -- Friedrich Nietzsche",Slashdot.org,Duffy warns of travel disruptions as air traffic controllers face missed paycheck - Axios
"Dormakaba initiated with bullish view at Deutsche Bank See the rest of the story here. thefly.com provides the latest financial news as it breaks. Known as a leader in market intelligence, The Fly's real-time, streaming news feed keeps individual investors, professional money managers, active traders, and corpor Proprietary deal commentary available to members only. Sign up or login for access. Proprietary deal commentary available to members only. Sign up or login for access. Proprietary deal commentary available to members only. Sign up or login for access. Proprietary deal commentary available to members only. Sign up or login for access. Tues",Thefly.com,Dormakaba initiated with bullish view at Deutsche Bank
"DC police detained man for protesting National Guard patrol with Darth Vader song, lawsuit says - AP News DC police detained man for protesting National Guard patrol with Darth Vader song, lawsuit saysAP News DC man who played Darth Vader theme at national guard troops sues over arrestThe Guardian The empire strikes back: Man sues after National Guard, Star Wars Little prigs and three-quarter madmen may have the conceit that the laws of nature are constantly broken for their sakes. -- Friedrich Nietzsche",Slashdot.org,"DC police detained man for protesting National Guard patrol with Darth Vader song, lawsuit says - AP News"
"Germany to pay US military base employees amid shutdown Germany's Finance Ministry said Berlin would pay 11,000 local employees at US military bases who might not receive salaries due to a US federal government shutdown. Germany's Finance Ministry said Berlin would pay 11,000 local employees at US military bases who might not receive salaries due to a US federal government shutdown. Germany plans to pay some 11,000 local employees at US military bases in the country who might not receive salaries in October because of the government shutdown in Washington, the Finance Ministry said on Wednesday. The German federal government will initiate an unscheduled expenditure to ensure that October salaries are paid o",DW (English),Germany to pay US military base employees amid shutdown
"Planet Labs featured in Google Earth AI announcement See the rest of the story here. thefly.com provides the latest financial news as it breaks. Known as a leader in market intelligence, The Fly's real-time, streaming news feed keeps individual investors, professional money managers, active traders, and corpor Proprietary deal commentary available to members only. Sign up or login for access. Proprietary deal commentary available to members only. Sign up or login for access. Proprietary deal commentary available to members only. Sign up or login for access. Proprietary deal commentary available to members only. Sign up or login for access. Tues",Thefly.com,Planet Labs featured in Google Earth AI announcement
"Intense manhunt for Louvre suspects continues after DNA found in helmet and glove - ABC News - Breaking News, Latest News and Videos Intense manhunt for Louvre suspects continues after DNA found in helmet and gloveABC News - Breaking News, Latest News and Videos Louvre heist: Police probe new video showing jewel thieves escapingNBC News Stolen Louvre jewels weren't privately insured, Frenc Little prigs and three-quarter madmen may have the conceit that the laws of nature are constantly broken for their sakes. -- Friedrich Nietzsche",Slashdot.org,"Intense manhunt for Louvre suspects continues after DNA found in helmet and glove - ABC News - Breaking News, Latest News and Videos"
"Broadway musicians reach tentative labor deal, averting a strike - AP News Broadway musicians reach tentative labor deal, averting a strikeAP News Is Broadway on strike? Musicians' union reaches tentative deal with Broadway League averting walkoutABC7 New York Broadway musicians' union, producers reach tentative labor agreement: sou Little prigs and three-quarter madmen may have the conceit that the laws of nature are constantly broken for their sakes. -- Friedrich Nietzsche",Slashdot.org,"Broadway musicians reach tentative labor deal, averting a strike - AP News"
"BREAKING: Prosecutors recently told DOJ there is not enough evidence to prosecute Sen. Adam Schiff Ken Dilanian, MSNBC Justice and Intel Correspondent and Alex Wagner, Contributing Host on Pod Save America join Nicolle Wallace on Deadline White House with reaction to the breaking news reported by MSNBC that the prosecutor charged with investigating Sen. Ad Ken Dilanian, MSNBC Justice and Intel Correspondent and Alex Wagner, Contributing Host on Pod Save America join Nicolle Wallace on Deadline White House with reaction to the breaking news reported by MSNBC that the prosecutor charged with investigating Sen. Adam Schiff has concluded that This story appeared on msnbc.com , 2025-10-23 20:47:49.",Biztoc.com,BREAKING: Prosecutors recently told DOJ there is not enough evidence to prosecute Sen. Adam Schiff
"WATCH: Ohio State head coach Ryan Day provides off week update Ohio State football head coach Ryan Day met with the media for his weekly press conference to provide a team update during the second open week. OK, Ohio State football fans. You can relax this week, maybe get some yard work in, or run some errands if you aren't attending a wedding or something, because it's the second open week for the Buckeyes. It's a week to get rest, evaluate things, and then get prepared to take on Penn State next weekend. Just because it is an open date this week doesn't keep head coach Ryan Day from taking care of some of his media opportunities, most specifically his weekly press conference with the local media",USA Today,WATCH: Ohio State head coach Ryan Day provides off week update
"Scottish Singer Susan Boyle Debuts Chic New Blond Look. See the Pic Scottish singer Susan Boyle turned heads with her glamorous new blond look. Scottish singer Susan Boyle is turning heads with her glamorous new look. The former Britain's Got Talent star, 64, debuted chic blond hair that was cut into a sleek bob when she walked the red carpet at the 2025 Pride of Britain Awards at the Grosvenor House Hotel in London on Oct. 20. Boyle wore a black-and-white patterned dress and wrapped herself in a black shawl. She completed her look with a black clutch, pearl necklace and several eye-catching bracelets on her wrists. Susan Boyle sho",TODAY,Scottish Singer Susan Boyle Debuts Chic New Blond Look. See the Pic
"8 Approaches To Make A Living In The Online Gambling Industry Online Casinos In Addition To Profitability: Just How Can These People Make Money? Content Progressive Jackpot Feature Slots Gambling Online: The Basics How Much Period Does It Consider To ... Read More The post 8 Approaches To Make A Living In The Online G Home Articles 8 Approaches To Make A Living In The Online Gambling Industry Line25 is reader supported. At no cost to you a commission from sponsors may be earned when a purchase is made via links on the site. Learn more Online Casinos In Addition To Profitability: Just How Can These People Make Money? Sports bets is a bit of a stats-nerd activity wherever you need to be able to not just love some sort of team. As the sports bettor, a person need to appearance deeper into typically the lines",Line25.com,8 Approaches To Make A Living In The Online Gambling Industry
"Section 8 Karim Buys a Bugatti Chiron at 23 with His Recession-Proof Blueprint Karim Naoum, also known as Section 8 Karim, has built a real estate portfolio to rival seasoned investors at just 23 years old. With an insider perspective on the Section 8 housing program, he now generates a six-figure monthly income through his 200 rental Karim Naoum, also known as Section 8 Karim, has built a real estate portfolio to rival seasoned investors at just 23 years old. With an insider perspective on the Section 8 housing program, he now generates a six-figure monthly income through his 200 rental properties across the United States. That success has just enabled him to purchase a 2018 Bugatti Chiron, one of only 500 in the world, making him one of the youngest in America to own the supercar. Driven by financial freedom, Karim can mak",The Daily Caller,Section 8 Karim Buys a Bugatti Chiron at 23 with His Recession-Proof Blueprint
"Everything Nobody Wants This Gives Us in Season 2 Let s unpack each episode of season two to see how Noah and Joanne navigate the exact same conflict they did in season one and make our own decisions about what we, the audience, really want or don t from Nobody Wants This. If you thought that Noah and Joanne spent the hiatus between seasons figuring out the major obstacle they face on the way to love and happiness, you thought wrong. Photo: Erin Simkin Netflix As Ryan Gosling once famously asked, What do you want? And the answer is I don t know, Ryan, God, does anyone know what they want? Please stop asking me! The second season of the Kristen Bell Adam Brody rom-com Nobody Wants This, about a rabbi who falls in love with a podcaster despite the odds and, like,",Vulture,Everything Nobody Wants This Gives Us in Season 2
"LeBron James name surfaces in NBA mafia betting probe after private injury status allegedly leaked by former teammate An FBI probe has rocked the NBA, with former Cavaliers player Damon Jones reportedly selling LeBron James' private injury data to betting syndicates. This alleged betrayal occurred shortly after James set the all-time scoring record. The league has suspended An FBI probe has rocked the NBA, with former Cavaliers player Damon Jones reportedly selling LeBron James' private injury data to betting syndicates. This alleged betrayal occurred shortly after James set the all-time scoring record. The league has suspended Terry Rozier and Chauncey Billups indefinitely due to their involvement in the ongoing investigation.",The Times of India,LeBron James’ name surfaces in NBA mafia betting probe after private injury status allegedly leaked by former teammate
"Baker Hughes reports Q3 RPO of 35.3B, including record IET RPO of 32.1B See the rest of the story here. thefly.com provides the latest financial news as it breaks. Known as a leader in market intelligence, The Fly's real-time, streaming news feed keeps individual investors, professional money managers, active traders, and corpor Proprietary deal commentary available to members only. Sign up or login for access. Proprietary deal commentary available to members only. Sign up or login for access. Proprietary deal commentary available to members only. Sign up or login for access. Proprietary deal commentary available to members only. Sign up or login for access. Tues",Thefly.com,"Baker Hughes reports Q3 RPO of $35.3B, including record IET RPO of $32.1B"
"The King of Fighters AFK Celebrates the Spooky Season with Halloween-Themed Fighters and New Events LOS ANGELES - OCTOBER 23, 2025 - Netmarble, a renowned developer and publisher of high-quality games, has launched a festive new update for its AFK RPG... From kaiju to K-Pop, we have a bevy of books to choose from! Find your next light novel series obsession or read the ultimate guide to 100 essential anime in our Light Novel Guide! Sponsored by Yen Press. Welcome to Anime News Network's Fall 2025 Light Novel Guide, the companion to our manga guide! Every included novel was published in September or October or is an upcoming November release. This ...",Anime News Network,The King of Fighters AFK Celebrates the Spooky Season with Halloween-Themed Fighters and New Events
"2026 BMW X3: Still the Smartest SUV Pick in Its Class The 2026 BMW X3 carries over unchanged, but that s fine by us. With strong performance, excellent efficiency, and everyday comfort, it remains one of the best small luxury SUVs on sale. Here s a full look at its specs, pricing, and why it still beats the comp Consider the X3 to be BMW s Goldilocks offering. It s not quite as big or expensive as the larger X5, but it s a step up from the X1 and X2 in terms of sizing and quality. That s generally still true with the G45 chassis X3, which BMW introduced just last year. Relatively new to the market as it is, BMW makes no changes to the X3 for 2026. The lack of changes for the model is a tad bittersweet; nevertheless, the BMW X3 remains the driver s choice in the small SUV segment. You can likely pick one",BMWBLOG,2026 BMW X3: Still the Smartest SUV Pick in Its Class
"Bigg Boss 19: Farrhana Bhatt opens up about her strained relationship with her father; says 'he is not a good father, my relatives threatened me for making videos' In Bigg Boss 19, Farrhana Bhatt opened up about her strained relationship with her father, revealing she's never met him and he's an irresponsible parent. She also shared that her mother's relatives threatened her, and her primary concern remains her mother's In Bigg Boss 19, Farrhana Bhatt opened up about her strained relationship with her father, revealing she's never met him and he's an irresponsible parent. She also shared that her mother's relatives threatened her, and her primary concern remains her mother's safety, leading her to not want her mother in the house.",The Times of India,"Bigg Boss 19: Farrhana Bhatt opens up about her strained relationship with her father; says 'he is not a good father, my relatives threatened me for making videos'"
"U.S. Sends B-1 Bombers Near Venezuela, Ramping Up Military Pressure Wall Street Journal Wall Street Journal: U.S. Sends B-1 Bombers Near Venezuela, Ramping Up Military Pressure The flights signal possible widening of U.S. campaign against cartels and alleged drug traffickers The U.S. flew Air Force B-1 bombers near Venezuela on Thursday, Sister Sites: Techmeme Top news and commentary for technology's leaders, from all around the web Top news and commentary for technology's leaders, from all around the web Mediagazer Top news and commentary for media professionals from all around the web Top news and commentary for media professionals from all around the web WeSmirch The top celebrity news from all around the web on a single page The top celebrity news from all around the web on a single page",Memeorandum.com,"U.S. Sends B-1 Bombers Near Venezuela, Ramping Up Military Pressure (Wall Street Journal)"
"Pheton Holdings receives noncompliance notification from Nasdaq See the rest of the story here. thefly.com provides the latest financial news as it breaks. Known as a leader in market intelligence, The Fly's real-time, streaming news feed keeps individual investors, professional money managers, active traders, and corpor Proprietary deal commentary available to members only. Sign up or login for access. Proprietary deal commentary available to members only. Sign up or login for access. Proprietary deal commentary available to members only. Sign up or login for access. Proprietary deal commentary available to members only. Sign up or login for access. Tues",Thefly.com,Pheton Holdings receives noncompliance notification from Nasdaq
"Trump's White House ballroom sparks criticism amid shutdown Where is US President Donald Trump getting the money to renovate the East Wing for nearly 1,000 guests during a shutdown? Critics warn of corruption and bribery. Where is US President Donald Trump getting the money to renovate the East Wing for nearly 1,000 guests during a shutdown? Critics warn of corruption and bribery. Images of excavators tearing down parts of the White House have made news headlines worldwide. Its current occupant, Republican President Donald Trump, is having a new ballroom built in the East Wing to accommodate almost 1,000 people for events such as state banquets. The renovation is a project close to the president's heart, and o",DW (English),Trump's White House ballroom sparks criticism amid shutdown
"Penguins prepare to face two-time defending Stanley Cup champions The Penguins have won three in a row and will face the two-time defending Stanley Cup champion Florida Panthers. We re Sorry! This website is unavailable in your location. Error 451 It appears you are attempting to access this website from a country outside of the United States, therefore access cannot be granted at this time.",WPXI Pittsburgh,Penguins prepare to face two-time defending Stanley Cup champions
"ICE Agents Are Using Family Separation Tactics Central to US State Violence The US s family policing system honed many of the tactics now being used by ICE agents in Chicago. The US s family policing system honed many of the tactics now being used by ICE agents in Chicago. Truthout is a vital news source and a living history of political struggle. If you think our work is valuable, support us with a donation of any size. Recently, heavily armed and masked SWAT-like Immigration and Customs Enforcement ICE agents rolled up at a Chicago-area elementary school as classes ended for the day. Their target? A mom picking up her child. The footage is heart-wrenching: A wo",Truthout,ICE Agents Are Using Family Separation Tactics Central to US State Violence
"Intel stock jumps as Q3 earnings beat expectations, AI drives chip demand Intel reported earnings after the bell on Thursday. Intel INTC stock jumped over 3 Friday as the chipmaker reported third quarter earnings and revenue that topped Wall Street's expectations. Intel reported 13.7 billion in revenue for the three months ended Sept. 27, higher than the 13.15 billion expected by analysts tracked by Bloomberg and 13.28 billion the previous year. The chipmaker said that adjusted earnings per share was 0.23, above the 0.01 projected by Wall Street. The company reported a loss of 0.46 during the same period in 2",Yahoo Entertainment,"Intel stock jumps as Q3 earnings beat expectations, AI drives chip demand"
"AGENTS VISIT PROTESTER AT HOME... AGENTS VISIT PROTESTER AT HOME... Second column, 4th story, link Related stories:ICE Mounting Mass Surveillance Campaign on American Citizens... Manhattan Chinatown 'like a war zone'; Vendors snatched... Drudge Report Feed While the media continues to ignore and even mock Trump s war on Antifa terrorism as legally impossible, the FBI is quietly interrogating protesters. The Bureau is targeting anti-ICE protesters not charged with any crime, like Chicago-based English professor Elias Cepeda, as I recently reported. Often people targeted have refused to go public with their experience, fearing retribution. But one protester, fed up with the culture of self-censorship, decided to share his story. His account sheds",Kenklippenstein.com,AGENTS VISIT PROTESTER AT HOME...
"Trump s war on woke AI will stifle innovation and free speech The White House's anti-woke AI agenda and a patchwork of state laws threaten to undermine the openness that made U.S.-based AI companies global leaders. This week, Anthropic CEO Dario Amodei publicly defended his company against White House artificial intelligence czar David Sacks accusation that Anthropic is building woke AI. In other words, the leader of a 183 billion AI company found himself reassuring the current administration that his company s AI chatbot wouldn t spread ideological bias. The U.S. currently ranks as the most speech-protective country for generative AI among major economies. Despite the Trump White House s claims to",MSNBC,Trump’s war on ‘woke AI’ will stifle innovation — and free speech
"AWS reveals new cloud incident reporting tool, with almost zero sense of irony AWS CloudWatch will get new incident report generation tool - days after an AWS outage affected parts of the internet. AWS is adding a new comprehensive post-incident analysis reporting tool It will identify patterns and give users actionable insights to fix them More automation comes to CloudWatch to improve performance Amazon Web Services AWS has enhanced its CloudWatch feature with new interactive incident report generation, which means customers can now generate comprehensive post-incident analysis reports in minutes. Amazon explained the tool automatically collects telemetry data, user inputs and",TechRadar,"AWS reveals new cloud incident reporting tool, with almost zero sense of irony"
"Aurora sergeant shared child sex abuse material, tried to solicit a minor, affidavit says An Aurora police sergeant who lives in Denver is accused of sharing images and videos of child sex abuse and trying to solicit a minor, according to an arrest affidavit. An Aurora police sergeant who lives in Denver is accused of sharing images and videos of child sex abuse and trying to solicit a minor, according to an arrest affidavit. Aaron Jacob Jake Bunch, 47, was arrested Oct. 8 after an investigation by the FBI and Denver Police Department into tips submitted to the National Center for Missing and Exploited Children. Bunch worked as a school resource officer and as a supervisor for resource officers while at the Aurora Police Department. He is charged",The Denver Post,"Aurora sergeant shared child sex abuse material, tried to solicit a minor, affidavit says"
"Oregon Ducks WR Evan Stewart eyeing return following knee surgery The Oregon Ducks are hopeful that wide receiver Evan Stewart can return to the field next month after undergoing offseason surgery on his knee. The wide receiver corps has been very strong for the Oregon Ducks in the 2025 season, and it appears that they could be getting even stronger ahead of a potential playoff push. Ducks Wire can confirm a report that veteran wide receiver Evan Stewart is hopeful to make a return to the field in November after recovering from surgery on his patellar tendon back in June. The surgery for his torn patellar tendon was expected to have a recovery time of three to 12 months, but Stewart's recovery is pro",USA Today,Oregon Ducks WR Evan Stewart eyeing return following knee surgery
"Report: NYC Mayor Eric Adams to Endorse Andrew Cuomo for Mayor New York City Mayor Eric Adams D is expected to endorse former New York Gov. Andrew Cuomo I for mayor. The post Report: NYC Mayor Eric Adams to Endorse Andrew Cuomo for Mayor appeared first on Breitbart. New York City Mayor Eric Adams D is expected to endorse former New York Gov. Andrew Cuomo I for mayor, just weeks ahead of the highly anticipated race in the Big Apple. Despite bad blood between them in the past, Adams who abandoned his reelection campaign in September plans to rally behind Cuomo, who is running as an independent in a race including socialist Zohran Mamdani D and Republican Curtis Sliwa. According to the New York Times, Adams and Cuomo met after Wednesday night s mayo",Breitbart News,Report: NYC Mayor Eric Adams to Endorse Andrew Cuomo for Mayor
"Warmer Nordic springs double the incidence of avian malaria, long-term study finds A unique long-term study, in which biological samples were collected from the same population of blue tits over a 30-year period, shows that rising spring temperatures have doubled the incidence of avian malaria in southern Sweden. This article has been reviewed according to Science X's editorial process and policies . Editors have highlighted the following attributes while ensuring the content's credibility: A blue tit infected with avian malaria. Credit: Anders Örtegren A unique long-term study, in which biological samples were collected from the same population of blue tits over a 30-year period, shows that rising spring temperatures have doubled the incidence of avian malaria in southern Sweden. Researchers from Lun",Phys.Org,"Warmer Nordic springs double the incidence of avian malaria, long-term study finds"
"Analysis: America s 51st state? US pressure comes to bear on Israel The US and Israel have long been close allies, but is Washington now emphasising its dominance? The US and Israel have long been close allies, but is Washington now emphasising its dominance? A succession of high-ranking US officials have found themselves in Israel in recent days first special envoy Steve Witkoff and presidential adviser Jared Kushner on Monday, then Vice President JD Vance on Tuesday, and Secretary of State Marco Rubio on Thursday. Their focus has been clear to stop the US-backed Gaza ceasefire deal from collapsing. And that essentially means ensuring that the Israe",Al Jazeera English,Analysis: America’s 51st state? US pressure comes to bear on Israel
"Sahani: From set designer to GA s deputy CM choice Mukesh Sahani secured the Deputy Chief Minister post for the Grand Alliance. This announcement came after initial concerns about his inclusion. Sahani, known as the 'son of Mallah', transitioned from Bollywood set design to politics. His journey with the Vika Mukesh Sahani secured the Deputy Chief Minister post for the Grand Alliance. This announcement came after initial concerns about his inclusion. Sahani, known as the 'son of Mallah', transitioned from Bollywood set design to politics. His journey with the Vikassheel Insaan Party has seen shifts in alliances.",The Times of India,Sahani: From set designer to GA’s deputy CM choice
"Reba McEntire to host TV special that she s always wanted to do The Voice star will perform songs throughout the live event Get the latest entertainment news, reviews and star-studded interviews with our Independent Culture email Get the latest entertainment news with our free Culture newsletter Get the latest entertainment news with our free Culture newsletter Email SIGN UP I would like to be emailed about offers, events and updates from The Independent. Read our Privacy notice Reba McEntire is kicking off the holiday season by hosting this year s Christmas in Rockefeller Center. The annual celebration will air",The-independent.com,Reba McEntire to host TV special that she’s ‘always wanted to do’
"Exclusive - Yeh Rishta Kya Kehlata Hai actress Samridhii Shukla on celebrating Diwali on set; says 'Happiness can be found even amidst work' Yeh Rishta Kya Kehlata Hai's Samridhii Shukla finds Diwali joy even on set. Her team transforms working days into celebrations with shared sweets, diyas, and laughter, creating an extended family atmosphere. Thoughtful production planning ensures actors can j Samridhii Shukla aka Abhira celebrates her birthday with Yeh Rishta Kya Kehlata Hai's cast and crew For Yeh Rishta Kya Kehlata Hai actress Samridhii Shukla, the festival of lights holds a special meaning that goes beyond just decorations and celebrations. Even when work commitments keep her on set, the festive spirit never fades. Festivals like Diwali are all about light, love, and togetherness, and even though we re working, the energy on set feels no less festive, she shared with a smil",The Times of India,Exclusive - Yeh Rishta Kya Kehlata Hai actress Samridhii Shukla on celebrating Diwali on set; says 'Happiness can be found even amidst work'
"Ed Orgeron makes his intentions clear before coaching carousel ramps up The former LSU coach is ready to hop back in. Former LSU head coach Ed Orgeron is surveying his options on a return to the sidelines. While most believe he's suited to be a head coach, the 64-year-old isn't limiting his availability. After four years away from the game, Orgeron told On3 he'll also take on defensive line duties, under the right circumstances. I'm not gonna take anything, and not everybody's gonna take me, Orgeron said. So, it may be a head coach job. It may be a defensive line job with someone that I believe can win a c",Sporting News,Ed Orgeron makes his intentions clear before coaching carousel ramps up
"WPP rolls out WPP Open Pro, a self-serve version of WPP Open, its AI-powered marketing platform that helps marketers build campaigns and develop creative assets Kendra Barnett Adweek Kendra Barnett Adweek: WPP rolls out WPP Open Pro, a self-serve version of WPP Open, its AI-powered marketing platform that helps marketers build campaigns and develop creative assets WPP Open Pro is a new push from the holdco to expand vertical and hor About Mediagazer: Mediagazer presents the day's must-read media news on a single page. The media business is in tumult: from the production side to the distribution side, new technologies are upending the industry. Keeping up with these changes is time-consuming, as essential media coverage is scattered across numerous web sites at any given moment. Mediagazer simplifies this task by organizing the key coverage in one place. We've combined sophisticated automated aggregation technologies with",Mediagazer.com,"WPP rolls out WPP Open Pro, a self-serve version of WPP Open, its AI-powered marketing platform that helps marketers build campaigns and develop creative assets (Kendra Barnett/Adweek)"
"DeepSeek s new model sees text differently, opening new possibilities for enterprise AI Chinese AI company DeepSeek may have found a way to help large language models see more, remember more, and cost less. Hello and welcome to Eye on AI. In this edition: DeepSeek defies AI convention again Meta s AI layoffs More legal trouble for OpenAI and what AI gets wrong about the news. Hi, Beatrice Nolan here, filling in for AI reporter Sharon Goldman, who is out today. Chinese AI company DeepSeek has released a new open-source model that flips some conventional AI wisdom on its head. The DeepSeek-OCR model, and accompanying white paper, fundamentally reimagines how large language models process informat",Fortune,"DeepSeek’s new model sees text differently, opening new possibilities for enterprise AI"
"Johnny Depp s Big Comeback Is a Ti West Christmas Carol Movie The controversial 'Pirates of the Caribbean' star will play Scrooge in a 2026 holiday release. Since his very public trial with ex-wife Amber Heard, Johnny Depp has been ever so slightly making his return to the movies. A festival movie here, a supporting role there, but now Paramount Pictures has decided this is the time to bring him back to the type of major films that made him famous in the first place. The studio just hired Depp to play Ebenezer Scrooge in Ebenezer: A Christmas Carol from director Ti West. West, best known for horror movies like Pearl, The Innkeepers, and The Sacrame",Gizmodo.com,Johnny Depp’s Big Comeback Is a Ti West ‘Christmas Carol’ Movie
"White House East Wing demolition nearly complete to make room for Trump ballroom Trump said Wednesday that the 90,000 square foot ballroom will cost 300 million, higher than the original estimated price tag of 200 million. Work continues on a largely demolished part of the East Wing of the White House, Thursday, Oct. 23, 2025, in Washington, before construction of a new ballroom. The demolition of the White House East Wing is nearly complete as President Donald Trump pushes ahead with plans to build a massive ballroom, an administration official told NBC News Thursday. Construction crews are now turning their attention to debris removal, the official said. Photos showed the building largely reduced to rubble. T",CNBC,White House East Wing demolition nearly complete to make room for Trump ballroom
"Peatlands' 'huge reservoir' of carbon at risk of release, researchers warn Peatlands make up just 3 of Earth's land surface but store more than 30 of the world's soil carbon, preserving organic matter and sequestering its carbon for tens of thousands of years. A new study sounds the alarm that an extreme drought event could quadru This article has been reviewed according to Science X's editorial process and policies . Editors have highlighted the following attributes while ensuring the content's credibility: Credit: Pixabay CC0 Public Domain Peatlands make up just 3 of Earth's land surface but store more than 30 of the world's soil carbon, preserving organic matter and sequestering its carbon for tens of thousands of years. A new study sounds the alarm that an extreme drought event could quadruple peatland carbon loss",Phys.Org,"Peatlands' 'huge reservoir' of carbon at risk of release, researchers warn"
"Nike Air Foamposite Pro College Football Pack Releasing Fall 2026 With the Nike Air Foamposite Pro making a grand return this Holiday via the Pearl Foamposites and the Pine Green Foamposites , Nike is looking ahead... Sneaker News, 2025. Permalink No comment Add todel.icio.us The post Nike Air Foamposite Pro This post contains references to products from one or more of our advertisers. We may receive compensation when you click on links to those products. The opinions and information provided on this site are original editorial content of Sneaker News. With the Nike Air Foamposite Pro making a grand return this Holiday via the Pearl Foamposites and the Pine Green Foamposites , Nike is looking ahead for other ways to celebrate this iconic late-1990s basketball model through story and purpose-driv",Sneaker News,Nike Air Foamposite Pro “College Football” Pack Releasing Fall 2026
"XRP Cannot Break 2.50 While Digitap TAP Opens Apple Pay Access Globally The market is made up of winners and losers the same as always. XRP continues to The market is made up of winners and losers the same as always. XRP continues to fail to break above 2.50, while Digitap TAP rolled out global Apple Pay access on its new Visa card program, unlocking crypto payments at millions of merchants. The cross-border payments trade is not over. But it certainly has a new frontrunner. While XRP focused on institutions, Digitap has focused on optimizing the front end for consumers. And Digitap, the product that makes digital dollars spend like cash",Ambcrypto.com,XRP Cannot Break $2.50 While Digitap ($TAP) Opens Apple Pay Access Globally
"Elijah Sarratt Followed Curt Cignetti to Indiana and Became a Star in the Shadows Once a zero-star recruit, Elijah Sarratt bet on himself and a coach who believed in him. Now, he s torching defenses and redefining what s possible at Indiana. EUGENE, Ore. During the second quarter of Indiana s stunning upset over then-No. 3 Oregon earlier this month, quarterback Fernando Mendoza dropped back to attempt the kind of throw that has become a staple under head coach Curt Cignetti: a beautifully timed, expertly drilled, nearly indefensible dart toward the back shoulder of wide receiver Elijah Sarratt, one of the disciples from Cignetti s tenure at James Madison. But as Sarratt opened his hips and reached back for the ball, Oregon corner",Fox Sports,Elijah Sarratt Followed Curt Cignetti to Indiana — and Became a Star in the Shadows
"Score Cheaper Gas, Groceries and More With These Amazon Prime Benefits Amazon Prime is good for more than just free shipping. You might have picked up an Amazon Prime subscription to snag that sweet 2-day shipping, but this service is hiding a ton of benefits just waiting for you. We've looked at all the perks Amazon has bundled into your Prime membership, and these are the 18 that you should definitely be taking advantage of. From discounted gas to streaming extras, there's a lot more value packed into your Prime membership than most people realize, and a lot of those discounts can be used beyond Amazon. While a 30-",CNET,"Score Cheaper Gas, Groceries and More With These Amazon Prime Benefits"
"Niagen Bioscience CFO says 'very conservative' in how business run See the rest of the story here. thefly.com provides the latest financial news as it breaks. Known as a leader in market intelligence, The Fly's real-time, streaming news feed keeps individual investors, professional money managers, active traders, and corpor Proprietary deal commentary available to members only. Sign up or login for access. Proprietary deal commentary available to members only. Sign up or login for access. Proprietary deal commentary available to members only. Sign up or login for access. Proprietary deal commentary available to members only. Sign up or login for access. Tues",Thefly.com,Niagen Bioscience CFO says 'very conservative' in how business run
"BoxLunch Just Released 12 NEW Loungeflys BoxLunch has just dropped TONS of new Loungefly bags, and we seriously can't decide which one to spend our money on first. The post BoxLunch Just Released 12 NEW Loungeflys first appeared on the disney food blog. Who s ready to do some shopping and make a serious dent in their wallet? While we re over here screaming YES! our wallets are simultaneously screaming NO, but hey, we re here for a good time! Recently, BoxLunch has released a ton of new Disney Loungefly bags online, and we have to admit right here and right now that we want ALL of them. We have no idea how we ll ever decide, so we decided to tell YOU about them so you can share your favorites with us! DISCLOSURE: This post may contain affi",disneyfoodblog.com,BoxLunch Just Released 12 NEW Loungeflys
"Journalists Olena Hramova and Yevhen Karmazin of Ukraine's Freedom TV were killed in a Russian drone strike Thursday in Donetsk; Oleksandr Kolychev was injured Tania Myronyshena The Kyiv Independent Tania Myronyshena The Kyiv Independent: Journalists Olena Hramova and Yevhen Karmazin of Ukraine's Freedom TV were killed in a Russian drone strike Thursday in Donetsk; Oleksandr Kolychev was injured Freedom TV journalist Olena Hramova and cameraman Yev About Mediagazer: Mediagazer presents the day's must-read media news on a single page. The media business is in tumult: from the production side to the distribution side, new technologies are upending the industry. Keeping up with these changes is time-consuming, as essential media coverage is scattered across numerous web sites at any given moment. Mediagazer simplifies this task by organizing the key coverage in one place. We've combined sophisticated automated aggregation technologies with",Mediagazer.com,Journalists Olena Hramova and Yevhen Karmazin of Ukraine's Freedom TV were killed in a Russian drone strike Thursday in Donetsk; Oleksandr Kolychev was injured (Tania Myronyshena/The Kyiv Independent)
"Republicans Are Using Seinfeld References to Defend Themselves By JM McNab Published: October 23rd, 2025 As if the state of modern American politics couldn t get any dumber, Republicans are now attacking Democrats using Seinfeld references. Although politicians aren t calling each other ASSMAN or challenging each other to masturbation contests yet , former House Speaker Kevin McCarthy, who was famously forced to resign in 2023 after just two months, recently spoke to CBS News and name-checked the iconic NBC sitcom while discussing the current government shutdown. Don't Miss I call it the Sei",Cracked.com,Republicans Are Using ‘Seinfeld’ References to Defend Themselves
"Bethesda's Fallout Day stream reveals Fallout 4 Anniversary Edition, confirms the 2015 RPG is coming to Switch 2, and no New Vegas remake, but here's a collectors bundle instead Also, current-gen versions of Fallout 76 are coming next year Bethesda's Fallout Day stream revealed a ton of new Fallout news, including PS5 and Xbox Series X S versions of Fallout 76 and Fallout 4 for Nintendo Switch 2. Bethesda Game Studios is celebrating Fallout Day, as today, October 23, is the date in the Fallout universe where the Great War that destroyed the world took place not until 2077 though . And to celebrate this horrific world-changing event that birthed the nuclear wastelands, Bethesda hosted a stream to announce new Fallout news. First",GamesRadar+,"Bethesda's Fallout Day stream reveals Fallout 4 Anniversary Edition, confirms the 2015 RPG is coming to Switch 2, and no New Vegas remake, but here's a collectors bundle instead"
"David Seaman believes Arsenal man will be a better player once he adapts Viktor Gyökeres has not found life in the Premier League as straightforward as it was in Portugal, where he developed a reputation as one of Europe s most prolific forwards. During his two remarkable seasons at Sporting Club, he came close to reaching a centu Viktor Gyökeres has not found life in the Premier League as straightforward as it was in Portugal, where he developed a reputation as one of Europe s most prolific forwards. During his two remarkable seasons at Sporting Club, he came close to reaching a century of goals, a feat that earned him a move to Arsenal in the summer. Expectations were understandably high following that transfer, but the transition to English football has presented new challenges for the Swedish striker. The pace and in",Just Arsenal News,David Seaman believes Arsenal man will be a better player once he adapts
"Bethesda celebrates Fallout Day with a host of announcements, including a Fallout 4 Anniversary Edition and Nintendo Switch 2 Edition, a native Fallout 76 release for PS5 and Xbox Series X, and more Bethesda celebrates Fallout Day with a slew of announcements that include a Fallout 4 Anniversary Edition, Fallout 76 for current-gen consoles, and more. Fallout 4 Anniversary Edition has been announced and will include all six expansions and over 150 Creation Club items A Nintendo Switch 2 Edition of the game is coming in 2026 Fallout 76 is coming to PS5, Xbox Series X, and Xbox Series S in 2026 Fallout Day is here, and Bethesda is celebrating with a slew of new game updates and announcements that include a Fallout 4 Anniversary Edition, Fallout 76 for current-gen consoles, and more. It's been 10 years since Fallout 4 launched, and to mark t",TechRadar,"Bethesda celebrates Fallout Day with a host of announcements, including a Fallout 4 Anniversary Edition and Nintendo Switch 2 Edition, a native Fallout 76 release for PS5 and Xbox Series X, and more"
"The Biggest Threat to Mamdani s Agenda Isn t Trump It s Wall Street Wall Street destroyed New York City s social welfare economy in 1975. Avoiding that fate under Mayor Mamdani will require popular movements to discipline the super rich. If polls are to be believed, democratic socialist Assemblymember Zohran Mamdani is likely to win the mayoralty of New York City this November. An October 9 Quinnipiac University survey taken after Mayor Eric Adams dropped from the race shows Mamdani is up 13 points over his nearest competitor, disgraced former Gov. Andrew Cuomo. Despite his youth and executive inexperience, Mamdani has all the advantages a better ground game with tens of thousands of volunteers, a better social media campaign",In These Times,The Biggest Threat to Mamdani’s Agenda Isn’t Trump—It’s Wall Street
"This is the largest-ever galaxy cluster catalog. Could it reveal clues about the dark universe? Astronomers have unveiled a new catalog of massive galaxy clusters, revealing new insight on the evolution of the universe. Scientists have created a new catalog of galaxy clusters using observations from the Dark Energy Survey. Astronomers have unveiled a new catalog of massive galaxy clusters, revealing insight on the evolution of the universe. Galaxy clusters the largest gravitationally bound structures in the universe act as cosmic signposts that trace the distribution of dark matter and the mysterious dark energy driving the universe's accelerated expansion . Each containing hundreds to thousands of galaxi",Space.com,This is the largest-ever galaxy cluster catalog. Could it reveal clues about the dark universe?
"The Crypto Industry Must Evolve to Match Real-World Security Risks Security issues like data breaches and phishing attacks are a type of feedback for Web3 designers, argues Tools for Humanity s Adrian Ludwig. Your keys, your coins. STORY CONTINUES BELOW Don't miss another story. Subscribe to the CoinDesk Headlines Newsletter today . See all newsletters Sign me up By signing up, you will receive emails about CoinDesk products and you agree to our terms of use and privacy policy . That s one of the foundational promises of bitcoin and other cryptocurrencies, which remove the intermediaries standing between you and your money. But the phrase also carries a latent assumption Web3 companies would be wis",CoinDesk,The Crypto Industry Must Evolve to Match Real-World Security Risks
"Powerful NVIDIA chip launching to orbit next month to pave way for space-based data centers An NVIDIA GPU is heading toward its record-setting orbital debut, a trip that will test how data centers could work in the final frontier. Starcloud plans to build a 5-gigawatt orbital data center with super-large solar and cooling panels approximately 4 kilometers in width and length. An NVIDIA GPU is heading toward its record-setting orbital debut, a trip that will test how data centers could work in the final frontier. The NVIDIA H100 GPU, which is about 100 times more powerful than any processor that has flown in space to date, will fly aboard the Starcloud-1 satellite, which is expected to launch atop a SpaceX Falcon 9 rocke",Space.com,Powerful NVIDIA chip launching to orbit next month to pave way for space-based data centers
"The rise and fall of Comvita, DGL falls foul of the ASX and a failed bid for Metroglass Stock Takes Founder Alan Bougen is rallying investors to oppose the Florenz bid. He faces stiff opposition. The scheme is subject to various approvals but has the support of the board. China Resources Enterprise and Li Wang, Comvita s two largest shareholders who together own 18.3 , support the transaction. And Comvita a global market leader in the mānuka honey trade said certain institutional shareholders had advised that they support the Florenz offer. At the end of its last financial year, Comvita reached an agreement with its banking syndicate on revised covenant",New Zealand Herald,"The rise and fall of Comvita, DGL falls foul of the ASX and a failed bid for Metroglass – Stock Takes"
"This AI tool could speed up one of the most awful parts of 3D modelling This is the kind of AI that artists actually want. AI is one of the most divisive topics in creative tech at the moment, but AI isn't only generative models trained on artists' work. There are lots of non-generative AI tools that automate time-consuming tasks without replacing artistry and craftmanship, and the Tractive AI retopology tool look like a good example. Releasing soon in beta, Tractive is designed to speed up the tedious task of recreating a 3D model's mesh to make it cleaner and more efficient for animation and video games. The tool",Creative Bloq,This AI tool could speed up one of the most awful parts of 3D modelling
"Fallout: New Vegas 15th Anniversary Bundle Announced on Fallout Day Here Are the Contents Bethesda has used Fallout Day to announce the Fallout: New Vegas 15th Anniversary Bundle, which celebrates Obsidian s much-loved post-apocalyptic role-playing game turning 15 years old. Check out the contents. Bethesda has used Fallout Day to announce the Fallout: New Vegas 15th Anniversary Bundle, which celebrates Obsidian s much-loved post-apocalyptic role-playing game turning 15 years old. This edition will be available for pre-order on October 23 via the Bethesda Gear Store, and includes: Fallout: New Vegas: Ultimate Edition PC Code Victor Statue 8 PVC : The friendly Securitron stands tall and is ready to roll Doc Mitchell s Evaluation Cards 8x8 cardstock set : Straight from your first mome",IGN,Fallout: New Vegas 15th Anniversary Bundle Announced on Fallout Day — Here Are the Contents
"Bethesda Announces Fallout 4 Anniversary Edition, Confirms Nintendo Switch 2 Version for 2026 As part of its Fallout Day broadcast, Bethesda announced Fallout 4 Anniversary Edition, due out across PC, PlayStation, and Xbox on November 10, 2025, and on Nintendo Switch 2 in 2026. It s the first time Fallout 4 will be available on a Nintendo console. As part of its Fallout Day broadcast, Bethesda announced Fallout 4 Anniversary Edition, due out across PC, PlayStation, and Xbox on November 10, 2025, and on Nintendo Switch 2 in 2026. It s the first time Fallout 4 will be available on a Nintendo console. Fallout 4 Anniversary Edition designed to coincide with the post-apocalyptic role-playing game s 10th anniversary contains the six official add-ons and over 150 pieces of Creation Club content. Creations user created content arrive in Fa",IGN,"Bethesda Announces Fallout 4 Anniversary Edition, Confirms Nintendo Switch 2 Version for 2026"
"Trump says he's backing off threats to send federal troops to San Francisco President Donald Trump said Thursday that he is calling off plans to deploy federal troops to San Francisco after speaking to the city s mayor. The Federal Government was preparing to surge San Francisco, California, on Saturday, but friends of mine who liv President Donald Trump said Thursday that he is calling off plans to deploy federal troops to San Francisco after having spoken to the mayor and following backlash from the tech industry. The Federal Government was preparing to surge San Francisco, California, on Saturday, but friends of mine who live in the area called last night to ask me not to go forward with the surge in that the Mayor, Daniel Lurie, was making substantial progress, Trump said on Truth Social. He added the friends i",NBC News,Trump says he's backing off threats to send federal troops to San Francisco
"The nonviolence resulted from the organizers message Opinion, comment and editorials of the day No Kings protests were peaceful and even patriotic William A. Galston at The Wall Street Journal The administration s supporters seem to believe that if you criticize Trump, you must hate America, says William A. Galston. But the No Kings rallies were almost completely violence-free, and Democrats are basking in the success of a peaceful and disciplined national protest against Trump. But rallies are no substitute for the patient, continuing effort needed to translate these sent",The Week Magazine,‘The nonviolence resulted from the organizers’ message’
"As Blue Jay ticket prices soar, Ontario NDP looks to table legislation banning resale markups With tickets to the Blue Jays World Series games selling for thousands of dollars over original cost, the Ontario NDP is calling on the government to pass legislation that would ban marking up the price of resale tickets. The Ontario NDP says it will put forward a motion to ban the resale of tickets above their initial value. As CBC's Lorenda Reddekopp explains, this comes as tickets for the Toronto Blue Jays soar for the World Series games. With tickets to the Blue Jays World Series games selling for thousands of dollars over original cost, the Ontario NDP is calling on the government to pass legislation that would ban marking up the price of resale tickets. The motion put forward by the NDP looks to update th",CBC News,"As Blue Jay ticket prices soar, Ontario NDP looks to table legislation banning resale markups"
"Letitia James Launches Portal to Dox ICE Agents New York Attorney General Letitia James, even as she already faces fraud charges and an ever-expanding scandal of criminal allegations, has launched a portal for Democrats to report and therefore dox ICE agents. After an ICE raid where federal officers arrest Skip to comments. Letitia James Launches Portal to Dox ICE Agents PJ Media 23 October 2025 Catherine Salgado Posted on by Rummyfan New York Attorney General Letitia James, even as she already faces fraud charges and an ever-expanding scandal of criminal allegations, has launched a portal for Democrats to report and therefore dox ICE agents. After an ICE raid where federal officers arrested nine illegal aliens with criminal records in New York City, James and other Democrats flipped th",Freerepublic.com,Letitia James Launches Portal to Dox ICE Agents
"PR Fallout 76's Burning Springs update launches December 2 Don your dusters, sharpen your spurs and check your canteen's filled: Fallout 76 heads to arid country in Burning Springs, a major free update for all players arriving December 2! Featuring one of Fallout 76's largest map expansions yet, Burning Springs opens Vayra86 Yeah great so after one week you are invested and stuck in a subscription clusterfuck. Def stay far away lol, this business model is pure malice. You can play Fo76 without subscribing to anything. You can even earn atoms in game currenty for purchases in in-game store without it.Subscription fee can be reduced to 10 month if you buy the whole year worth subscription in advance that's 120 I guess .I've only had Fo76 subscription active for one month, to unlock unlimited scrapbox and",Techpowerup.com,(PR) Fallout 76's Burning Springs update launches December 2
"Lost Democrats find identity crisis in left vs center Amie Parnes The Hill Amie Parnes The Hill: Lost Democrats find identity crisis in left vs center Democrats are lost and are the first to acknowledge they're having an identity crisis. Do they lean to the left like Zohran Mamdani, the New York City mayoral candidate and Sister Sites: Techmeme Top news and commentary for technology's leaders, from all around the web Top news and commentary for technology's leaders, from all around the web Mediagazer Top news and commentary for media professionals from all around the web Top news and commentary for media professionals from all around the web WeSmirch The top celebrity news from all around the web on a single page The top celebrity news from all around the web on a single page",Memeorandum.com,Lost Democrats find identity crisis in left vs center (Amie Parnes/The Hill)
"Dress Like Your Miracle Is Not Spooky : Nathaniel Bassey Addresses Hallelujah Challenge Followers Gospel singer Nathaniel Bassey defended the 'Dress Like Your Miracle' trend from criticism, urging followers to embrace faith and ignore online backlash. The Hallelujah Challenge 'Dress Like Your Miracle' special edition has continued to make waves Amid the criticism that trailed the spiritual exercise, a video of Nathaniel Bassey addressing his followers has emerged This comes after social media users shared pictures and videos of themselves dressing like what they expected to receive The popular midnight prayer, Hallelujah Challenge's special edition, dubbed 'Dress Like Your Miracle,' has continued to make waves as social media users jumped",Latest News in Nigeria & Breaking Naija News 24/7 | LEGIT.NG,“Dress Like Your Miracle Is Not Spooky”: Nathaniel Bassey Addresses Hallelujah Challenge Followers
"Google Store is now selling replacement Pixel Buds and parts Lost one of your Pixel Buds? Good news Google is now selling replacement earbuds for the Pixel Buds Pro 2 and the Pixel Buds 2a. Alongside the actual earbuds themselves, Google is also offering replacement ear tips, a flex two-port charging brick, and some Lost one of your Pixel Buds? Good news Google is now selling replacement earbuds for the Pixel Buds Pro 2 and the Pixel Buds 2a. Alongside the actual earbuds themselves, Google is also offering replacement ear tips, a flex two-port charging brick, and some protective cases and charging stands for the buds. The Google Store also offers universal trackers. As PC Magazine pointed out, although Google did offer replacement parts for Google s earbuds, the process was quite cumbersome and required",MobileSyrup,Google Store is now selling replacement Pixel Buds and parts
"California: Trucker accused of fatal multi-car crash identified as illegal immigrant A truck driver has been charged in connection with a fatal eight-vehicle crash on Interstate 10 in Ontario, California. The trucker was identified as Jashanpreet Singh, a 21-year-old illegal immigrant from India who crossed into the United States through the Skip to comments. California: Trucker accused of fatal multi-car crash identified as illegal immigrant One America News October 23, 2025 Katherine Mosack Posted on by Navy Patriot A truck driver has been charged in connection with a fatal eight-vehicle crash on Interstate 10 in Ontario, California. The trucker was identified as Jashanpreet Singh, a 21-year-old illegal immigrant from India who crossed into the United States through the southern border. Border Patrol first encountered h",Freerepublic.com,California: Trucker accused of fatal multi-car crash identified as illegal immigrant
"The Restaurant for Power Brokers Barack Obama, Joe Biden and three Trump cabinet secretaries -- Treasury Secretary Scott Bessent, Commerce Secretary Howard Lutnick and Energy Secretary Christ Wright -- all dined at Cafe Milano in Georgetown last night, all for The BBC caught scam call center workers on hidden cameras as they laughed at the people they were tricking. The BBC caught scam call center workers on hidden cameras as they laughed at the people they were tricking. One worker bragged about making 250k from victims. The disturbing truth? Scammers don t pick phone numbers at random. They buy your data from brokers. Once your data is out there, it s not just calls. It s phishing, impersonation, and identity theft. That s why I recommend Incogni",Politicalwire.com,The Restaurant for Power Brokers
"This Anker power bank can charge your MacBook and iPhone and it s 30 off Macworld MacBooks have fantastic battery life, but even so, you re better off with a proper power bank in your bag. This Anker 25,000mAh power bank with a built-in USB-C is perfect and it s on sale for just 92 at Amazon, a 32 discount and within a f MacBooks have fantastic battery life, but even so, you re better off with a proper power bank in your bag. This Anker 25,000mAh power bank with a built-in USB-C is perfect and it s on sale for just 92 at Amazon, a 32 discount and within a few bucks of its all-time low. This isn t your typical power bank, but rather a multitasker s dream. The power bank features two built-in cables: one retractable cable and one that doubles as a carrying strap. Besides all these cables, there are additional U",Macworld,This Anker power bank can charge your MacBook and iPhone—and it’s 30% off
"Astronomers share largest molecular survey to date: GOTHAM legacy data goes public A new dataset from the Green Bank Telescope GBT is now publicly available, opening the door for scientists worldwide to make discoveries in one of the richest molecular clouds in our galaxy, TMC-1. This article has been reviewed according to Science X's editorial process and policies . Editors have highlighted the following attributes while ensuring the content's credibility: The NSF Green Bank Telescope. Credit: NSF AUI NSF NRAO J.Hellerman A new dataset from the Green Bank Telescope GBT is now publicly available, opening the door for scientists worldwide to make discoveries in one of the richest molecular clouds in our galaxy, TMC-1. After 1,438 hours of observations and years of da",Phys.Org,Astronomers share largest molecular survey to date: GOTHAM legacy data goes public
"Assassin's Creed Shadows Coming To Switch 2, And Really Soon The upcoming Switch 2 port of Assassin's Creed Shadows hasn't exactly been a well-kept secret. Listings popped up online, and there was a leak earlier this month that suggested the release date would be December 5. It turns out that was just off by three days The upcoming Switch 2 port of Assassin's Creed Shadows hasn't exactly been a well-kept secret. Listings popped up online, and there was a leak earlier this month that suggested the release date would be December 5. It turns out that was just off by three days. Ubisoft and Nintendo have now officially revealed that Assassin's Creed Shadows will hit Switch 2 on December 2, and the news was accompanied by a launch trailer. Despite some rumors that suggested a 70 price to match the other consoles,",GameSpot,"Assassin's Creed Shadows Coming To Switch 2, And Really Soon"
"911 Nashville actor Isabelle Tate dies aged 23 just months after filming show Her death comes weeks after the show premiered Get the latest entertainment news, reviews and star-studded interviews with our Independent Culture email Get the latest entertainment news with our free Culture newsletter Get the latest entertainment news with our free Culture newsletter Email SIGN UP I would like to be emailed about offers, events and updates from The Independent. Read our Privacy notice Rising actress Isabelle Tate has died at 23, her agency announced Thursday. Tate appeared in the pilot of 9-1-1: Nashville, the spin-off",The-independent.com,911 Nashville actor Isabelle Tate dies aged 23 just months after filming show
"Columbia s New Amaze Puff Jacket Is the Only Puffer Our Editor Is Wearing This Fall Here s Why Moisture-repellent, equipped with fleece-lined pockets, and available in short, mid, or long lengths, this fresh release's only mission is to keep you cozy. If you purchase an independently reviewed product or service through a link on our website, WWD may receive an affiliate commission. Like leather boots, puffer jackets are the kinds of fashion pieces that only gain relevance once you feel the first fall chill in the air and then become absolute essentials in your closet as you reach for them each time you want to stay both warm and comfortable while prioritizing stylishness. With Columbia s new Amaze Puff collection, your allegiance to the tr",WWD,Columbia’s New Amaze Puff Jacket Is the Only Puffer Our Editor Is Wearing This Fall — Here’s Why
"Democrats Reject Bipartisan Bill To Pay Troops, Essential Federal Workers During Shutdown Senate Democrats rejected legislation on Thursday afternoon that would have ensured U.S. service members and some federal workers do not miss a paycheck during the government shutdown. Senators voted 54 to 45 largely along party lines to advance the bill spon Senate Democrats rejected legislation on Thursday afternoon that would have ensured U.S. service members and some federal workers do not miss a paycheck during the government shutdown. Senators voted 54 to 45 largely along party lines to advance the bill sponsored by Republican Wisconsin Sen. Ron Johnson, falling short of the Senate s 60-vote threshold. Just three Democrats Sens. John Fetterman of Pennsylvania and Raphael Warnock and Jon Ossoff of Georgia crossed party lines to back the leg",The Daily Caller,"Democrats Reject Bipartisan Bill To Pay Troops, ‘Essential’ Federal Workers During Shutdown"
"Billionaire Owner Woos Trump With Flattering TIME Cover After Meltdown Leigh Kimmins The Daily Beast Leigh Kimmins The Daily Beast: Billionaire Owner Woos Trump With Flattering TIME Cover After Meltdown LESS TIME The magazine's owner, Salesforce CEO Marc Benioff, has publicly backed the president sending National Guard troops into San Francisco. Sister Sites: Techmeme Top news and commentary for technology's leaders, from all around the web Top news and commentary for technology's leaders, from all around the web Mediagazer Top news and commentary for media professionals from all around the web Top news and commentary for media professionals from all around the web WeSmirch The top celebrity news from all around the web on a single page The top celebrity news from all around the web on a single page",Memeorandum.com,Billionaire Owner Woos Trump With Flattering TIME Cover After Meltdown (Leigh Kimmins/The Daily Beast)
"Video: Find out why Impinj is trading higher today See the rest of the story here. thefly.com provides the latest financial news as it breaks. Known as a leader in market intelligence, The Fly's real-time, streaming news feed keeps individual investors, professional money managers, active traders, and corpor Proprietary deal commentary available to members only. Sign up or login for access. Proprietary deal commentary available to members only. Sign up or login for access. Proprietary deal commentary available to members only. Sign up or login for access. Proprietary deal commentary available to members only. Sign up or login for access. Tues",Thefly.com,Video: Find out why Impinj is trading higher today
"Award-Winning Film An Inconvenient Study Sparks Global Debate on Vaccine Safety and Chronic Disease ICAN and Del Bigtree release a response to media critiques of 'An Inconvenient Study,' stating they addressed criticisms because science demands debate. AUSTIN, Texas, Oct. 23, 2025 GLOBE NEWSWIRE -- The award-winning film An Inconvenient Study has been seen by millions following its global premiere on October 12th, sparking international discussion and debate about vaccine safety, scientific transparency, and the alarming rise in chronic illness among America s children. Produced by the Informed Consent Action Network ICAN and Emmy Award winning journalist Del Bigtree, the film investigates an unpublished vaccinated-versus-unvaccinated stu",GlobeNewswire,Award-Winning Film An Inconvenient Study Sparks Global Debate on Vaccine Safety and Chronic Disease
"First high-resolution structure of key herpes virus protein opens path to new antivirals An international research team has determined the first high-resolution structures of the herpes simplex virus origin-binding protein OBP , a critical component of viral DNA replication that has eluded structural characterization for four decades. The findin This article has been reviewed according to Science X's editorial process and policies . Editors have highlighted the following attributes while ensuring the content's credibility: Credit: Nucleic Acids Research 2025 . DOI: 10.1093 nar gkaf1029 An international research team has determined the first high-resolution structures of the herpes simplex virus origin-binding protein OBP , a critical component of viral DNA replication that has eluded structural characterization for four decades. The",Phys.Org,First high-resolution structure of key herpes virus protein opens path to new antivirals
"CBS Reporter Spars With Karoline Leavitt Over East Wing Demolition: Can the President Tear Down Anything He Wants? Video It sounds like the answer is, 'Yes,' journalist Weijia Jiang says The post CBS Reporter Spars With Karoline Leavitt Over East Wing Demolition: Can the President Tear Down Anything He Wants? Video appeared first on TheWrap. CBS reporter Weijia Jiang got into a sparring match with White House Press Secretary Karoline Leavitt on Thursday over President Donald Trump removing the White House s East Wing to build a 90,000-square-foot ballroom. The back and forth happened during a press briefing when Jiang inquired if Trump went through the proper protocols for the construction. The White House has explained that the reason you didn t submit construction plans to the NCPC National Capital Planning Commission is beca",TheWrap,CBS Reporter Spars With Karoline Leavitt Over East Wing Demolition: ‘Can the President Tear Down Anything He Wants?’ | Video
"Barbra Streisand Slams Latest 'Ridiculous' Trump Move As Symbolic Of His Presidency The entertainment legend said Wednesday that it's symbolic of what he has done to our democracy. Keep Our Voice Strong Stand With Free Press.The need for a free and fearless press has never been greater. As corporate media cave to this administration s pressure, we remain steadfast in our commitment to remain free and fair. Become a member today and support independent news at o Already a member? Log in to hide these messages.",HuffPost,Barbra Streisand Slams Latest 'Ridiculous' Trump Move As Symbolic Of His Presidency
"Trump says the government owes him a lot of money over federal probes. Here s how he could be paid President Donald Trump has suggested he's entitled to compensation from the federal government over investigations he faced that he claims were politically motivated. Now, the Justice Department that Trump has exerted control over could approve a hefty payout WASHINGTON AP President Donald Trump has suggested he s entitled to compensation from the federal government over investigations he faced that he claims were politically motivated. Now, the Justice Department that Trump has exerted control over could approve a hefty payout in taxpayer dollars. The Republican president s comments in the Oval Office on Tuesday have put a spotlight on a law through which people can seek damages if they believe they were wronged by the federal government. But",PBS,Trump says the government owes him a ‘lot of money’ over federal probes. Here’s how he could be paid
"Kaun Banega Crorepati 17: Contestant Shiva Chohan quits game at Rs 25 lakh question but correctly answers Shiva Chohan, an ATM authorizer from Indore, reached the hotseat on Kaun Banega Crorepati 17. Driven by a desire to fund his mother's medical treatment after a tragic accident, he showcased his intellect and determination. Chohan ultimately won Rs 12,50,000, Shiva Chohan, an ATM authorizer from Indore, reached the hotseat on Kaun Banega Crorepati 17. Driven by a desire to fund his mother's medical treatment after a tragic accident, he showcased his intellect and determination. Chohan ultimately won Rs 12,50,000, demonstrating his resourcefulness and knowledge.",The Times of India,Kaun Banega Crorepati 17: Contestant Shiva Chohan quits game at Rs 25 lakh question but correctly answers
"Boise State vs. Nevada live stream, where to watch online, CBS Sports Network channel finder, odds CBS Sports Network is home to six games in the Week 9 slate College football action heats up on CBS Sports Network this week, with six games across five days set to deliver crucial conference clashes and high-stakes matchups. The Week 9 slate opens Tuesday night in Ruston where Louisiana Tech hosts Western Kentucky in a pivotal Conference USA battle. Both teams are coming off losses, with the Bulldogs' top-ranked defense looking to contain a Hilltoppers offense. You can bet college football games this week at FanDuel Sportsbook, where new users get 30",CBS Sports,"Boise State vs. Nevada live stream, where to watch online, CBS Sports Network channel finder, odds"
"Trump Pardons Convicted Binance Founder 'CZ' Zhao U.S. authorities said in 2023 that Binance had failed to report suspicious transactions with organizations including Hamas and al Qaeda and with websites dedicated to selling child sexual abuse materials. LOADING ERROR LOADING WASHINGTON, Oct 23 Reuters - U.S. President Donald Trump has pardoned Changpeng Zhao, the convicted founder of the Binance cryptocurrency exchange, the White House said Thursday, in the latest move by Trump to boost the crypto industry and expunge its past misdeeds. Zhao, a billionaire known as CZ who is one of the most influential figures in crypto, quit in 2023 as Binance chief after the company pleaded guilty to failing to maintain an effective anti-money launderin",HuffPost,Trump Pardons Convicted Binance Founder 'CZ' Zhao
"Death of chess champ Daniel Naroditsky investigated as possible suicide or overdose, police say The death of American chess grandmaster Daniel Naroditsky may have been the result of a drug overdose and is being investigated as a possible suicide, according to a police report released Thursday The death of American chess grandmaster Daniel Naroditsky may have been the result of a drug overdose, and it is being investigated as a possible suicide, according to a police report released Thursday. The news came as some of the world's top chess players gathered in the San Francisco Bay Area to bid farewell to Naroditsky, 29, who was found unconscious this week at his home in Charlotte, North Carolina. His older brother, Alan Naroditsky, said in a statement that his death is a huge loss t",NBC News,"Death of chess champ Daniel Naroditsky investigated as possible suicide or overdose, police say"
"Daily Press Briefing by the Office of the Spokesperson for the Secretary-General A new 2.6 million initiative in Tunisia, funded by the Secretary-General s Peacebuilding Fund, will promote inclusive and participatory local water management over the next two years in the regions of Gafsa and Kairouan, which are heavily affected by climate The following is a near-verbatim transcript of today s briefing by Farhan Haq, Deputy Spokesman for the Secretary-General. Good afternoon. Guest In a short while, I will be joined here by my guest, Carlos Ruiz Massieu, the Special Representative of the Secretary-General for Haiti and Head of the UN Integrated Office in Haiti BINUH . He will be here to brief you on the situation in Haiti, on which he spoke to the Security Council yesterday afternoon. Then, at 1:15 p.m., there will be a br",UN News,Daily Press Briefing by the Office of the Spokesperson for the Secretary-General
"Sabio Announces LIFE Offering of Up to 4 Million Not for distribution to the United States wire services or dissemination in or into the United States. TORONTO, Oct. 23, 2025 GLOBE NEWSWIRE --... Not for distribution to the United States wire services or dissemination in or into the United States. TORONTO, Oct. 23, 2025 GLOBE NEWSWIRE -- Sabio Holdings TSXV: SBIO OTCQB: SABOF the Company or Sabio , a Los Angeles-based ad-tech company specializing in helping top global brands reach, engage, and validate R.E.V. streaming TV audiences, is pleased to announce that it has entered into an agreement with Canaccord Genuity Corp. to act as lead agent and sole bookrunner the Lead A",GlobeNewswire,Sabio Announces LIFE Offering of Up to $4 Million
"Phillips Edison reports Q3 core EPS 65c, consensus 64c See the rest of the story here. thefly.com provides the latest financial news as it breaks. Known as a leader in market intelligence, The Fly's real-time, streaming news feed keeps individual investors, professional money managers, active traders, and corpor Proprietary deal commentary available to members only. Sign up or login for access. Proprietary deal commentary available to members only. Sign up or login for access. Proprietary deal commentary available to members only. Sign up or login for access. Proprietary deal commentary available to members only. Sign up or login for access. Tues",Thefly.com,"Phillips Edison reports Q3 core EPS 65c, consensus 64c"
"Trump Vows to End Aid If Israel Annexes West Bank, Ignoring Ongoing Annexation Trump s own ambassador to Israel has previously contradicted the administration s stated policy of opposing annexation. Truthout is an indispensable resource for activists, movement leaders and workers everywhere. Please make this work possible with a quick donation. President Donald Trump reiterated his supposed opposition to the idea of Israel annexing the occupied West Bank on Thursday, with the president threatening to withhold aid while ignoring Israel s ongoing de facto annexation campaign and his vast role in enabling it. In response to a question on Israeli annexation in an interview with Time Magazin",Truthout,"Trump Vows to End Aid If Israel Annexes West Bank, Ignoring Ongoing Annexation"
"Alabama football Week 9 opponent preview: South Carolina Gamecocks Led by head coach Shane Beamer, the South Carolina Gamecocks are sitting at 3-4 overall, as well as 1-4 in the SEC. This Saturday afternoon, the Alabama Crimson Tide are set to face a team that gave them problems last season in the South Carolina Gamecocks. Escaping that game in Tuscaloosa with a 27-25 victory, South Carolina was one of the SEC's top teams a year ago, but so far in 2025, the Gamecocks likely cannot say the same. That is because South Carolina has struggled during the 2025 season at times, currently sitting below .500 with one of the SEC's lowest scoring offenses. Even despite that though, S",USA Today,Alabama football Week 9 opponent preview: South Carolina Gamecocks
"One-Punch Man Season 3 Returns With New Episodes One-Punch Man season 3 is in full swing with new episodes rolling out weekly. Here s every specific now confirmed: the Episode 27 story and broadcast in Japan, the exact U.S. streaming time for Episode 3, the complete cast list credited on the latest preview, One-Punch Man season 3 is in full swing with new episodes rolling out weekly. Here s every specific now confirmed: the Episode 27 story and broadcast in Japan, the exact U.S. streaming time for Episode 3, the complete cast list credited on the latest preview, and how the show is performing on global streaming charts. One-Punch Man season 3 returns with new episodes each week, and this page captures the concrete details fans are looking for. Release where to watch Episode 27 the series 27th",Buddytv.com,‘One-Punch Man’ Season 3 Returns With New Episodes
"New book details infighting behind Trump's 'obviously unqualified' cabinet picks David Smith The Guardian David Smith The Guardian: New book details infighting behind Trump's obviously unqualified cabinet picks Retribution, by Jonathan Karl, describes backroom squabbling over Kristi Noem and Sean Duffy appointments Donald Trump picked Kristi Noem as h Sister Sites: Techmeme Top news and commentary for technology's leaders, from all around the web Top news and commentary for technology's leaders, from all around the web Mediagazer Top news and commentary for media professionals from all around the web Top news and commentary for media professionals from all around the web WeSmirch The top celebrity news from all around the web on a single page The top celebrity news from all around the web on a single page",Memeorandum.com,New book details infighting behind Trump's 'obviously unqualified' cabinet picks (David Smith/The Guardian)
"New York City Mayor Eric Adams backs Andrew Cuomo in the race to succeed him Katherine Koretski NBC News Katherine Koretski NBC News: New York City Mayor Eric Adams backs Andrew Cuomo in the race to succeed him Adams dropped out of the race last month but will still appear on the ballot. He had run as an independent after the Justice Department dropped co Sister Sites: Techmeme Top news and commentary for technology's leaders, from all around the web Top news and commentary for technology's leaders, from all around the web Mediagazer Top news and commentary for media professionals from all around the web Top news and commentary for media professionals from all around the web WeSmirch The top celebrity news from all around the web on a single page The top celebrity news from all around the web on a single page",Memeorandum.com,New York City Mayor Eric Adams backs Andrew Cuomo in the race to succeed him (Katherine Koretski/NBC News)
"Devastating Poll Reveals How Much Americans Hate Trump's White House Teardown Leigh Kimmins The Daily Beast Leigh Kimmins The Daily Beast: Devastating Poll Reveals How Much Americans Hate Trump's White House Teardown TOUGH SELL The self-described salesman extraordinaire is struggling to sell the idea of his renovations to the American public. Presiden Sister Sites: Techmeme Top news and commentary for technology's leaders, from all around the web Top news and commentary for technology's leaders, from all around the web Mediagazer Top news and commentary for media professionals from all around the web Top news and commentary for media professionals from all around the web WeSmirch The top celebrity news from all around the web on a single page The top celebrity news from all around the web on a single page",Memeorandum.com,Devastating Poll Reveals How Much Americans Hate Trump's White House Teardown (Leigh Kimmins/The Daily Beast)
"American abducted by suspected jihadists in Niger Kevin Rideout, an American missionary in Niger s capital of Niamey since 2010, was abducted from his home by suspected jihadists just 100 yards from Niger s Presidential Palace. Regional security in the Sahel continues to falter as both the Islamic State and Shutterstock On Tuesday, Kevin Rideout, an American Christian missionary in the West African state of Niger, was abducted from his home in the country s capital, as first reported by CBS News. Rideout had lived in Niamey since 2010, where he worked as a pilot for the US-based Serving in Mission organization. According to CBS, three gunmen raided Rideout s home compound Tuesday night, which is only approximately 100 yards from Niger s Presidential Palace. His phone was then last tracked to ro",Longwarjournal.org,American abducted by suspected jihadists in Niger
Transgender powerlifting case ruled discrimination by MN Supreme Court A ruling from the Minnesota Supreme Court found that a transgender powerlifter was discriminated against when USA Powerlifting refused to allow her to compete in women's events. The Minnesota Supreme Court found the district court rightly granted partial su Skip to comments. Transgender powerlifting case ruled discrimination by MN Supreme Court Fox 9 KMSP 10 22 2025 Howard Thompson and Nick Longworth Posted on by VanShuyten A ruling from the Minnesota Supreme Court found that a transgender powerlifter was discriminated against when USA Powerlifting refused to allow her to compete in women's events. The Minnesota Supreme Court found the district court rightly granted partial summary judgment for Cooper on a discrimination complaint under,Freerepublic.com,Transgender powerlifting case ruled discrimination by MN Supreme Court
"Eric Adams to endorse Andrew Cuomo in NYC mayor's race today, sources say - CBS News Eric Adams to endorse Andrew Cuomo in NYC mayor's race today, sources sayCBS News Eric Adams to endorse Andrew Cuomo in New York City mayoral raceThe Guardian Mayor Eric Adams endorses Andrew Cuomo for NYC mayor to stop Zohran MamdaniUSA Today NYC mayoral ele Little prigs and three-quarter madmen may have the conceit that the laws of nature are constantly broken for their sakes. -- Friedrich Nietzsche",Slashdot.org,"Eric Adams to endorse Andrew Cuomo in NYC mayor's race today, sources say - CBS News"
"Duffy warns of travel disruptions as air traffic controllers face missed paycheck - Axios Duffy warns of travel disruptions as air traffic controllers face missed paycheckAxios Americans could face airport chaos if Dems don't end shutdown, Trump official warnsFox News Transportation Secretary Duffy can t guarantee on-time flights during shutdown Little prigs and three-quarter madmen may have the conceit that the laws of nature are constantly broken for their sakes. -- Friedrich Nietzsche",Slashdot.org,Duffy warns of travel disruptions as air traffic controllers face missed paycheck - Axios
"Dormakaba initiated with bullish view at Deutsche Bank See the rest of the story here. thefly.com provides the latest financial news as it breaks. Known as a leader in market intelligence, The Fly's real-time, streaming news feed keeps individual investors, professional money managers, active traders, and corpor Proprietary deal commentary available to members only. Sign up or login for access. Proprietary deal commentary available to members only. Sign up or login for access. Proprietary deal commentary available to members only. Sign up or login for access. Proprietary deal commentary available to members only. Sign up or login for access. Tues",Thefly.com,Dormakaba initiated with bullish view at Deutsche Bank
"DC police detained man for protesting National Guard patrol with Darth Vader song, lawsuit says - AP News DC police detained man for protesting National Guard patrol with Darth Vader song, lawsuit saysAP News DC man who played Darth Vader theme at national guard troops sues over arrestThe Guardian The empire strikes back: Man sues after National Guard, Star Wars Little prigs and three-quarter madmen may have the conceit that the laws of nature are constantly broken for their sakes. -- Friedrich Nietzsche",Slashdot.org,"DC police detained man for protesting National Guard patrol with Darth Vader song, lawsuit says - AP News"
"Germany to pay US military base employees amid shutdown Germany's Finance Ministry said Berlin would pay 11,000 local employees at US military bases who might not receive salaries due to a US federal government shutdown. Germany's Finance Ministry said Berlin would pay 11,000 local employees at US military bases who might not receive salaries due to a US federal government shutdown. Germany plans to pay some 11,000 local employees at US military bases in the country who might not receive salaries in October because of the government shutdown in Washington, the Finance Ministry said on Wednesday. The German federal government will initiate an unscheduled expenditure to ensure that October salaries are paid o",DW (English),Germany to pay US military base employees amid shutdown
"Planet Labs featured in Google Earth AI announcement See the rest of the story here. thefly.com provides the latest financial news as it breaks. Known as a leader in market intelligence, The Fly's real-time, streaming news feed keeps individual investors, professional money managers, active traders, and corpor Proprietary deal commentary available to members only. Sign up or login for access. Proprietary deal commentary available to members only. Sign up or login for access. Proprietary deal commentary available to members only. Sign up or login for access. Proprietary deal commentary available to members only. Sign up or login for access. Tues",Thefly.com,Planet Labs featured in Google Earth AI announcement
"Intense manhunt for Louvre suspects continues after DNA found in helmet and glove - ABC News - Breaking News, Latest News and Videos Intense manhunt for Louvre suspects continues after DNA found in helmet and gloveABC News - Breaking News, Latest News and Videos Louvre heist: Police probe new video showing jewel thieves escapingNBC News Stolen Louvre jewels weren't privately insured, Frenc Little prigs and three-quarter madmen may have the conceit that the laws of nature are constantly broken for their sakes. -- Friedrich Nietzsche",Slashdot.org,"Intense manhunt for Louvre suspects continues after DNA found in helmet and glove - ABC News - Breaking News, Latest News and Videos"
"Broadway musicians reach tentative labor deal, averting a strike - AP News Broadway musicians reach tentative labor deal, averting a strikeAP News Is Broadway on strike? Musicians' union reaches tentative deal with Broadway League averting walkoutABC7 New York Broadway musicians' union, producers reach tentative labor agreement: sou Little prigs and three-quarter madmen may have the conceit that the laws of nature are constantly broken for their sakes. -- Friedrich Nietzsche",Slashdot.org,"Broadway musicians reach tentative labor deal, averting a strike - AP News"
"Finally! American's posh new plane set to debut just in time for the holidays American Airlines will debut its newest aircraft just in time for the holidays: Its Airbus A321XLR, which sports its newest-generation Flagship Suites and premium economy. At long last, American Airlines has set a date for the debut of its newest, premium-heavy plane. Just before the holidays, the Fort Worth-based carrier will inaugurate service on its first-ever Airbus A321XLR, a single-aisle aircraft that will sport its newest-generation Flagship Suites along with a bona fide premium economy cabin and the fuel efficiency required to criss-cross the Atlantic Ocean. Anticipated since American first placed its order for 50 of the XLR jets in the late 2010s, Ame",The Points Guy,Finally! American's posh new plane set to debut just in time for the holidays
"Your U.S. Citizenship Will Not Protect You While immigrants have borne the brunt of ICE s reign of terror, American citizens have also been caught in the dragnet, showing the extent of state-sanctioned violence under the Trump administration. Photo-Illustration: by The Cut; Photos: cbschicago Instagram In widely circulated footage, a masked officer violently arrested an 18-year-old girl identified as Evelyn in the Chicago suburbs earlier this month. The video is chilling: A masked law-enforcement officer yanks an 18-year-old girl out of the passenger side of a car parked on a residential street in a Chicago suburb while she screams, I am not resisting! The officer throws her to the ground and puts his knee on her back as he handc",The Cut,Your U.S. Citizenship Will Not Protect You
"The alleged 200,000 tip to Mafia that led to arrest of Terry Rozier Rozier is accused of affecting his prop betting markets. The sporting world was stunned Thursday when news broke that the FBI was charging Heat guard Terry Rozier and Trail Blazer head coach Chauncey Billups as part of a sweeping and historic federal gambling and rigged poker investigation that also implicates the Bonanno, Genovese, Lucchese and Gambino families. Rozier, a 31-year-old NBA veteran from Youngstown, Ohio, is accused of tipping off the wise guys that he was going to leave a 2023 game early with an injury, which led to the defendants pl",New York Post,"The alleged $200,000 tip to Mafia that led to arrest of Terry Rozier"
"Thursday is set for highly anticipated summit between Trump and Xi Jinping The timing is set for President Trump's closely watched summit with Chinese President Xi Jinping, the first face-to-face meeting of the two leaders during... The timing is set for President Trump's closely watched summit with Chinese President Xi Jinping, the first face-to-face meeting of the two leaders during Trump's second term. The two will meet next Thursday in South Korea. Thursday morning, local time, President Trump will participate in a bilateral meeting with President Xi of the People's Republic of China before departing to return home to Washington, D.C., on Thursday night, White House press secretary Karoline Leavitt announced on Thur",Yahoo Entertainment,Thursday is set for highly anticipated summit between Trump and Xi Jinping
"Thrift store doll dubbed 'Anne of Scream Gables' actually sculpture by late artist, says son An Anne Shirley doll spotted in a Sydney, N.S., thrift store is earning jokes and nicknames online, but a Nova Scotia artist says she s still beautiful. In fact, she is one of the last surviving pieces of art by his late mother, and he wants to find her. She s been jokingly called Anne of Scream Gables and her photo is making the rounds on social media. With her piercing, protruding eyes and trademark red braids, the large doll spotted in a Cape Breton thrift store has been mocked on Facebook, but a Nova Scotia man says it s actually a work of art by his late mother and one he d like to find. A photo of the doll was posted Oct. 17 to the Facebook group ThriftStore and GoodwillFind, which has some 217,000 followers. Found and left at Valu",CBC News,"Thrift store doll dubbed 'Anne of Scream Gables' actually sculpture by late artist, says son"
"Белый дом прокомментировал новые санкции против России Новые санкции США против России способны нанести Москве значительный вред. Так введение новых рестрикций прокомментировала пресс-секретарь Белого дома Кэролайн Левитт в ходе пресс-конференции Белый дом: Новые санкции против России нанесут ей значительный вред Новые санкции США против России способны нанести Москве значительный вред. Так введение новых рестрикций прокомментировала пресс-секретарь Белого дома Кэролайн Левитт в ходе пресс-конференции. США рассчитывают, что санкции против нефтяных компаний нанесут ущерб России. Санкции очень тяжелые , сказала она. Министерство финансов США ввело санкции против двух крупных российских нефтяных компаний, в том числе Лукойла . Рестри",Lenta,Белый дом прокомментировал новые санкции против России
"LeBron James injury information leaked to bettors, NBA gambling indictment suggests Former NBA player Damon Jones is accused of leaking injury information to sports bettors about a Los Angeles Lakers player before a Milwaukee Bucks game. Los Angeles Lakers forward LeBron James 23 prepares to shoot a foul shot against the Minnesota Timberwolves at Crypto.com Arena on October 22, 2024 in Los Angeles, California. A new bombshell indictment criminally charging former NBA player Damon Jones suggests that while affiliated with the Los Angeles Lakers, Jones leaked information about the injury status of superstar LeBron James to sports bettors before a February 2023 game. The same indictment suggests Jones leaked information to bett",CNBC,"LeBron James injury information leaked to bettors, NBA gambling indictment suggests"
"Nextracker Inc options imply 7.8 move in share price post-earnings See the rest of the story here. thefly.com provides the latest financial news as it breaks. Known as a leader in market intelligence, The Fly's real-time, streaming news feed keeps individual investors, professional money managers, active traders, and corpor Proprietary deal commentary available to members only. Sign up or login for access. Proprietary deal commentary available to members only. Sign up or login for access. Proprietary deal commentary available to members only. Sign up or login for access. Proprietary deal commentary available to members only. Sign up or login for access. Tues",Thefly.com,Nextracker Inc options imply 7.8% move in share price post-earnings
"This Is the People s House! ABC s Mary Bruce Spars With Karoline Leavitt Over East Wing Demolition for Trump Ballroom ABC's Mary Bruce sparred with Karoline Leavitt over the demolition of the White House's East Wing for President Donald Trump's new ballroom. The post This Is the People s House! ABC s Mary Bruce Spars With Karoline Leavitt Over East Wing Demolition for Trum ABC s Mary Bruce sparred with White House press secretary Karoline Leavitt over the demolition of the White House s East Wing for President Donald Trump s new ballroom on Thursday. Leavitt took a number of questions about the construction project during Thursday s briefing, including a couple from Bruce: BRUCE: Two quick construction questions, if I can. You mentioned any construction project comes with changes. The president had initially said that this project wouldn t interfere with, or tou",Mediaite,‘This Is the People’s House!’ ABC’s Mary Bruce Spars With Karoline Leavitt Over East Wing Demolition for Trump Ballroom
"He Could Demolish the Entire White House Historic-preservation expert Sara Bronin discusses President Trump s brazen East Wing destruction and whether anything can rein him in. Photo-Illustration: Intelligencer; Photo: Getty Images For months, President Donald Trump has touted plans for a new White House ballroom, a 90,000-square-foot behemoth just off the storied East Wing, which traditionally houses the office and staff of the First Lady. This week, images emerged of a full-scale demolition of the East Wing after repeated assurances from Trump and White House officials that the structure would not be touched as part of the construction. I spoke with Sara Bronin, a",New York Magazine,‘He Could Demolish the Entire White House’
"Stellan Skarsgard shares innovative technology he uses to help him act after stroke Skarsgård said the stroke left him really scared Get the latest entertainment news, reviews and star-studded interviews with our Independent Culture email Get the latest entertainment news with our free Culture newsletter Get the latest entertainment news with our free Culture newsletter Email SIGN UP I would like to be emailed about offers, events and updates from The Independent. Read our Privacy notice Prolific Swedish actor Stellan Skarsgård has opened up about the challenges he s faced since suffering a scary stroke three years ago. T",The-independent.com,Stellan Skarsgard shares innovative technology he uses to help him act after stroke
"O Τραμπ συμφώνησε να μην στείλει ομοσπονδιακές δυνάμεις στο Σαν Φρανσίσκο Η απόφαση αυτή αποτελεί μια αιφνιδιαστική στροφή του Τραμπ ο οποίος πιέζει τις πόλεις που διοικούνται από Δημοκρατικούς δημάρχους να εντείνουν την καταστολή της εγκληματικότητας Ο πρόεδρος των ΗΠΑ Ντόναλντ Τραμπ δεν θα αναπτύξει ομοσπονδιακούς πράκτορες στο Σαν Φρανσίσκο, ανακοίνωσαν ο ίδιος και ο δήμαρχος της πόλης, σε ξεχωριστές αναρτήσεις τους σήμερα. Η απόφαση αυτή αποτελεί μια αιφνιδιαστική στροφή του Τραμπ ο οποίος πιέζει τις πόλεις που διοικούνται από Δημοκρατικούς δημάρχους να εντείνουν την καταστολή της εγκληματικότητας και της παράτυπης μετανάστευσης. Ο δήμαρχος του Σαν Φρανσίσκο Ντάνιελ Λούρι είπε ότι ο Τραμπ του τηλεφώνησε το βράδυ της Τετάρτης για να του",Skai.gr,O Τραμπ συμφώνησε να μην στείλει ομοσπονδιακές δυνάμεις στο Σαν Φρανσίσκο
"Chess grandmaster mourned as game authorities investigate Russian rival for alleged cyberbullying Naroditsky's old friends and mentors remember a bright, soft-spoken young man. As the chess world grieves the death of 29-year-old grandmaster Daniel Naroditsky including those who marveled at his brilliance from his days as a first grader in Foster City to his graduation from Stanford explosive allegations arose Wednesday about an alleged cyberbullying campaign waged against him by a Russian grandmaster. Just days after Naroditsky s death Sunday, the president of the International Chess Federation announced Wednesday an ethics and disciplinary investigation into the",Boston Herald,Chess grandmaster mourned as game authorities investigate Russian rival for alleged cyberbullying
"Matchroom Wins Purse Bid as Andy Cruz Lands IBF Lightweight Title Shot vs Raymond Muratalla for Early 2026 Clash Andy Cruz s promoters at Matchroom won a purse bid today for him to challenge IBF lightweight champion read article Matchroom Wins Purse Bid as Andy Cruz Lands IBF Lightweight Title Shot vs Raymond Muratalla for Early 2026 Clash Boxing News 24 New York City, New York: Andy Cruz fights Hironori Mishiro for the Final Eliminator for IBF World Lightweight Title prior to the IBF World Junior Welterweight Title on June 14, 2025 at Madison Square Garden in New York City, New York. Photo by Geoffrey Knott Matchroom Boxing Andy Cruz s promoters at Matchroom won a purse bid today for him to challenge IBF lightweight champion Raymond Muratalla no later than December 5, 2025. However, Eddie Hearn of Matchroom is targeting January 2026 for the",Boxingnews24.com,Matchroom Wins Purse Bid as Andy Cruz Lands IBF Lightweight Title Shot vs Raymond Muratalla for Early 2026 Clash
"Cicadas and the science of synchrony: How light, sound, and instinct guide their chorus Southern India's cicadas orchestrate a stunning dawn chorus, beginning precisely at civil twilight. Thousands of these insects synchronize their calls within a minute, responding to specific light intensity and neighborly sounds. This collective behavior, dri Southern India's cicadas orchestrate a stunning dawn chorus, beginning precisely at civil twilight. Thousands of these insects synchronize their calls within a minute, responding to specific light intensity and neighborly sounds. This collective behavior, driven by individual perception and social influence, showcases nature's intricate communication and coordination, offering insights into emergent intelligence.",The Times of India,"Cicadas and the science of synchrony: How light, sound, and instinct guide their chorus"
"Dünyanın gözü Mısır'da! Ateşkes için ikinci aşama başladı Fetih ve Hamas hareketlerinden heyetler, Gazze Şeridi'ndeki ateşkes anlaşmasının ikinci aşamasını görüşmek üzere Mısır'da bir araya geldi. Hamas ile İsrail arasında 10 Ekim'de yürürlüğe giren ateşkes anlaşmasının ilk aşaması aksaklıklara ve ihlallere rağmen devam ederken ikinci aşamasına ilişkin görüşmeler de sürüyor. Bu bağlamda, Hamas Siyasi Büro Üyesi Halil Hayye liderliğindeki Hamas heyeti ile Filistin Devlet Başkanı Yardımcısı Hüseyin eş-Şeyh ve Filistin İstihbarat Başkanı Macid Ferac liderliğindeki Fetih Hareketi heyetleri Mısır'da bir araya geldi. Mısır'da yayın yapan Kahire el-İhbariyye Al Qahera News televizyonunun h",Haber7.com,Dünyanın gözü Mısır'da! Ateşkes için ikinci aşama başladı
"People pardoned by Trump want banks to forgive their past, too Does clemency truly meant to wipe the slate clean? By Tom Schoenberg, Bloomberg News WASHINGTON It s one thing to be cleared by the president. It s another to be cleared by the bank. Republican fundraiser Elliott Broidy was pardoned at the end of President Donald Trump s first term after a conviction for violating a U.S. lobbying law. Yet when he applied for an American Express Co. credit card this year, the lender denied him, citing his criminal history. Mahmoud Reza Banki, the former chief financial officer of social media company X, says",Boston Herald,"People pardoned by Trump want banks to forgive their past, too"
"James Gunn Reveals He's Talked To Keanu Reeves About CONSTANTINE 2, Says He Hasn't Read A Script Yet Constantine 2, starring Keanu Reeves, has been in development for a long time. Now, DC Studios' James Gunn has revealed he's talked to Reeves about the film, and said he hasn't read a script. It's been a long road for the sequel to 2005's Constantine starring Keanu Reeves to materialize. In 2022, nearly 20 years after the first film's release, it was announced that Constantine 2 was officially in development, written by Akiva Goldsman and directed by Francis Lawrence, who also directed the first Constantine. The kicker? Keanu Reeves was confirmed to be returning as the character. Shortly after that reveal, James Gunn and Peter Safran were announced as the co-heads of DC Studios. Giv",CBM (Comic Book Movie),"James Gunn Reveals He's Talked To Keanu Reeves About CONSTANTINE 2, Says He Hasn't Read A Script Yet"
"KISS co-founders Gene Simmons, Paul Stanley and Peter Criss attend Ace Frehley s private funeral Frehley passed away in Morristown, NJ, on Oct. 16. He was 74. Ace Frehley has been laid to rest. The KISS co-founder and original guitarist was buried in New York City on Wednesday during a ceremony attended by his friends, family and former bandmates Gene Simmons, Paul Stanley and Peter Criss. Ace Frehley has now been laid to rest in Bronx, NY, SiriusXM host Eddie Trunk wrote on Instagram following the service. It has been an emotional couple of days to say the least, saying farewell to a rock icon and long-time friend. 15 Frehley during a KISS reu",New York Post,"KISS co-founders Gene Simmons, Paul Stanley and Peter Criss attend Ace Frehley’s private funeral"
"Universal Orlando Is Making It A Lot Easier To Visit Epic Universe, And Now I Think I Need To Go Back Universal Orlando Resort vacations are about to get more Epic. Epic Universe hasn t even been open for six months yet, and while the park has already fallen victim to tragedy, it s also already taken its place as one of the most impressive theme parks in the world. I was lucky enough to visit Epic Universe before it opened, and I ve been wanting to get myself back there ever since. Now it looks like my next trip might be sooner than I thought. Epic Universe has been one of the hottest tickets in town since it opened, which is likely why Universal Orlando R",CinemaBlend,"Universal Orlando Is Making It A Lot Easier To Visit Epic Universe, And Now I Think I Need To Go Back"
"A View From the Easel I try to only love people. However, I do really, really like the proportions of my studio. Welcome to the 308th installment of A View From the Easel, a series in which artists reflect on their workspace. This week, artists poke holes in their work, literally, and mark 50 years in their studio. Want to take part? Check out our submission guidelines and share a bit about your studio with us through this form! All mediums and workspaces are welcome, including your home studio. Tony Tasset, Sawyer, Michigan How long have you been working in this space? Six years. Describe an average",Hyperallergic,A View From the Easel
"Trump Russia Sanctions Already Working, China Backing Down Since the beginning of the Ukrainian war, the West has intensified its sanctions on Russia in the hope of breaking the Russian economy and ending the war. The post Trump Russia Sanctions Already Working, China Backing Down appeared first on The Gateway Pundit. Since the beginning of the Ukrainian war, the West has intensified its sanctions on Russia in the hope of breaking the Russian economy and ending the war. China, however, has served as a disruptive force keeping the Russian economy afloat. The new wave of sanctions imposed by President Trump are expected to take a significant bite out of Russia s income, and China, whose economy is already struggling and would be made worse by secondary sanctions, is already backing down from buying Russian oil",Thegatewaypundit.com,"Trump Russia Sanctions Already Working, China Backing Down"
"SEMLER CLASS ACTION REMINDER: Bragar Eagel Squire, P.C. Urges Semler Scientific Investors to Contact the Firm Before the October 28th Deadline The complaint allegedly claims Semler hid a DOJ probe into False Claims Act violations while discussing such risks hypothetically, misleading investors. Bragar Eagel Squire, P.C. Litigation Partner Brandon Walker Encourages Investors Who Suffered Losses In Semler SMLR To Contact Him Directly To Discuss Their Options If you purchased or acquired Semler Scientific securities between March 10, 2021 and April 15, 2025 and would like to discuss your legal rights, call Bragar Eagel Squire partner Brandon Walker or Marion Passmore directly at 212 355-4648. Click here to participate in the action. NEW YORK, Oct. 23, 2025 GLOBE NEWSWIRE --",GlobeNewswire,"SEMLER CLASS ACTION REMINDER: Bragar Eagel & Squire, P.C. Urges Semler Scientific Investors to Contact the Firm Before the October 28th Deadline"
"Scales scores as Celtic storm back to beat Sturm Graz Liam Scales scored a crucial equaliser with two goals in three second-half minutes getting Celtic motoring in the Europa League as Brendan Rodgers' side came from behind to beat 10-man Sturm Graz 2-1. Liam Scales scored a crucial equaliser with two goals in three second-half minutes getting Celtic motoring in the Europa League as Brendan Rodgers' side came from behind to beat 10-man Sturm Graz 2-1. A wonderful long-range strike from Tomi Horvat put Graz on course to join Barcelona's 2007-08 side as the only teams to have the distinction of beating both Celtic and Rangers in Europe in the same season. With one point from their opening two games, Celtic were in danger of being left behind in",RTE,Scales scores as Celtic storm back to beat Sturm Graz
"Judge ordered DOD to reinstate banned books in libraries of 5 schools on military bases A federal judge ordered the Department of Defense Education Activity to replace books that were removed from five schools on military bases due to U.S. President Donald Trump s executive orders. Claim: A federal judge ordered the Department of Defense Education Activity to replace books that were removed from five schools on military bases due to U.S. President Donald Trump s executive orders. Rating: About this rating True In late October 2025, a claim spread online that a federal judge declared books previously removed from five schools on military bases run by the Department of Defense Education Activity be returned. The Department of Defense purportedly removed the books in questi",Snopes.com,Judge ordered DOD to reinstate banned books in libraries of 5 schools on military bases
"Trump Opens Pristine Alaska Wilderness to Drilling The Trump administration on Thursday announced a plan to allow oil and gas drilling in Alaska s Arctic National Wildlife Refuge, one of the largest remaining tracts of pristine wilderness in the United States, the New The BBC caught scam call center workers on hidden cameras as they laughed at the people they were tricking. The BBC caught scam call center workers on hidden cameras as they laughed at the people they were tricking. One worker bragged about making 250k from victims. The disturbing truth? Scammers don t pick phone numbers at random. They buy your data from brokers. Once your data is out there, it s not just calls. It s phishing, impersonation, and identity theft. That s why I recommend Incogni",Politicalwire.com,Trump Opens Pristine Alaska Wilderness to Drilling
"Israel to VP Vance: Hamas can return hostage bodies without foreign help Israeli officials brief Vice President Vance, saying Hamas can recover hostages bodies without international aid and is exploiting the ceasefire to regroup, undermining progress under the Trump framework. Defense Minister Israel Katz, IDF Chief of Staff Lt. Gen. Eyal Zamir, and senior officials from the IDF Intelligence Directorate delivered an updated intelligence briefing on Thursday morning to US Vice President JD Vance during a meeting at the Kirya in Tel Aviv. According to Kan 11 News, the Israeli officials told the Vice President that Hamas is capable of recovering at least ten of the thirteen bodies of hostages currently held in the Gaza Strip, even without international assistance. The",Israelnationalnews.com,Israel to VP Vance: Hamas can return hostage bodies without foreign help
"Cuomo Under Fire for Islamophobic Comments As Campaign Deletes Racist AI Ad The video was swiftly taken down by the campaign, which said the ad was put up in error by a junior staffer. The video was swiftly taken down by the campaign, which said the ad was put up in error by a junior staffer. Honest, paywall-free news is rare. Please support our boldly independent journalism with a donation of any size. The mayoral campaign for disgraced former governor Andrew Cuomo posted then quickly deleted a racist AI-generated ad targeting Zohran Mamdani ahead of the final New York City mayoral debate on Wednesday. The bizarre two-minute ad released as campaigns make their final push",Truthout,Cuomo Under Fire for Islamophobic Comments As Campaign Deletes Racist AI Ad
"Male physiology : Democrat judges claim powerlifting group s ban on men in women s events is discriminatory State high court rejects science, refers to a man as 'her' The Minnesota Supreme Court unanimously ruled on Wednesday that USA Powerlifting discriminated against a male athlete claiming to be female who attempted to compete in the women s division. JayCee Cooper, a transgender athlete, sued USA Powerlifting in 2021, claiming the organization engaged in discriminatory practices after rejecting his application to compete in the women s division in 2018 and violated Minnesota s Human Rights Act. The court s unanimous decision came from a seven-member benc",Wnd.com,‘Male physiology’: Democrat judges claim powerlifting group’s ban on men in women’s events is ‘discriminatory’
"ICE Is Hiring Literally Anybody, and It s Terrifying Many recruits have criminal backgrounds or can t pass open-book exams on officer conduct, yet they re allowed to tear children from their beds at night. Nothing but the best people finally has stopped being funny. From NBC News: ICE officials only later discovered that some of the recruits failed drug testing, have disqualifying criminal backgrounds, or don t meet the physical or academic requirements to serve, the sources said. ... Staff members at ICE s training academy in Brunswick, Georgia, recently discovered one recruit had previously been charged with strong-arm robbery and battery stemming from a domestic violence incident, the curren",esquire.com,"ICE Is Hiring Literally Anybody, and It’s Terrifying"
"Govern or Be Governed: What are the Threats to Freedom of Speech? The afternoon at Govern or Be Governed starts with two of my heroes, Jameel Jaffer from the Knight First Amendment Institute, and Kate Klonick of St. John s Law school as well as director of Center for Countering Digital Hate Imran Ahmed, who I m hearing for The afternoon at Govern or Be Governed starts with two of my heroes, Jameel Jaffer from the Knight First Amendment Institute, and Kate Klonick of St. John s Law school as well as director of Center for Countering Digital Hate Imran Ahmed, who I m hearing for the firs time here. Klonick, moderating, notes that she s been on panels for years about being in a perilous free speech moment, but none quite this perilous. Jameel suggests this is a terrible moment for free speech and democracy around th",Ethanzuckerman.com,Govern or Be Governed: What are the Threats to Freedom of Speech?
"rust-coreutils сломали Unattended Upgrades в Ubuntu 25.10 Формат команды date -r был изменен по сравнению с GNU Coreutils, что привело к поломке собственного сервиса Canonical unattended-upgrades. Подробности А есть вообще какое-то описание, какую именно поверхность атаки они закрывают, переписывая coreutils? Это же не веб-сервис, не системная служба и даже не sudo. Или это чисто карго-культ на тему безопасности?",Linux.org.ru,rust-coreutils сломали Unattended Upgrades в Ubuntu 25.10
"Poll: Republican Paul LePage Leads Democrat Rep. Jared Golden in Maine House Race Nazi-tattooed candidate Graham Platner isn't the only Maine Democrat in deep trouble. The post Poll: Republican Paul LePage Leads Democrat Rep. Jared Golden in Maine House Race appeared first on Breitbart. Nazi-tattooed candidate Graham Platner isn t the only Maine Democrat in deep trouble. Rep. Jared Golden D-ME , one of the most endangered House Democrats in the 2026, is facing serious headwinds in his bid to remain in Washington. Former Republican Gov. Paul LePage is polling at 49 percent to Golden s 44 percent, the latest trouble for the incumbent who is one of the top targets for Republican campaign groups in the 2026 cycle. The same poll shows his favorability two points below those of M",Breitbart News,Poll: Republican Paul LePage Leads Democrat Rep. Jared Golden in Maine House Race
"Talking Points Memo is doing a fun series about the last 25 years of digital media To celebrate its 25th anniversary this year, the political news and commentary site Talking Points Memo is running 25 pieces on the history of digital media. Eight of the pieces are published so far here are a couple of my favorite excerpts: Ana Maria Cox, Cite this articleHide citations CLOSE MLA Owen, Laura Hazard. Talking Points Memo is doing a fun series about the last 25 years of digital media. Nieman Journalism Lab. Nieman Foundation for Journalism at Harvard, 23 Oct. 2025. Web. 24 Oct. 2025. APA Owen, L. 2025, Oct. 23 . Talking Points Memo is doing a fun series about the last 25 years of digital media. Nieman Journalism Lab. Retrieved October 24, 2025, from",Niemanlab.org,Talking Points Memo is doing a fun series about the last 25 years of digital media
"As 11 billion cash shortfall looms, we ask: is Volkswagen cooked? According to reports from Europe, internal reviews suggest the Volkswagen Group could be more than 11 billion short of the free cash flow it needs to continue operating past 2026. If confirmed, the automaker might be forced to take drastic measures to stay a By Magnus Manske, shared under CC BY-SA 2.0 Generic license. According to reports from Europe, internal reviews suggest the Volkswagen Group could be more than 11 billion short of the free cash flow it needs to continue operating past 2026. If confirmed, the automaker might be forced to take drastic measures to stay afloat. The alarming news that Volkswagen could be eleven BILLION Euros short of the free cash it needs to keep going as-is was first reported by Germany s BILD and the Spanish-la",Electrek,"As $11 billion cash shortfall looms, we ask: is Volkswagen cooked?"
"The most mid Square Enix game in existence, Balan Wonderworld, shocks the nation and sells a single copy in the US this September: Somebody made the conscious decision to pick up that game Balan Wonderworld lives It's never a nice feeling, getting picked last. But, since middling Square Enix platformer Balan Wonderworld sold only one new copy total in the US in September, there really wasn't any other option. Somebody made the conscious decision to pick up that game maybe even ask an associate to open the case , imagined Circana video game industry analyst Mat Piscatella, who shared the news on Bluesky, then looked at it, thought, yes, yes I must have this, took it to a register, had it run up,",GamesRadar+,"The most mid Square Enix game in existence, Balan Wonderworld, shocks the nation and sells a single copy in the US this September: ""Somebody made the conscious decision to pick up that game"""
"Un-American : Public school teacher faces DOJ probe over unhinged threat to ICE Warned federal police are 'not the only ones with guns' The Department of Homeland Security DHS will refer a California teacher for a possible criminal probe after he made threatening comments toward immigration officials, the agency told the Daily Caller News Foundation. Los Angeles Unified School District LAUSD history teacher Ron Gochez said that Immigration and Customs Enforcement ICE agents are not the only ones with guns and that people have every right to defend themselves against them during a Tuesday press conference denouncing IC",Wnd.com,‘Un-American’: Public school teacher faces DOJ probe over ‘unhinged’ threat to ICE
"NBA reacts to arrests of Chauncey Billups, Terry Rozier on illegal gambling charges Portland Trail Blazers coach Chauncey Billups and Miami Heat player Terry Rozier were among dozens of people charged in connection to two investigations into an alleged widespread sports betting scheme and organized crime ring, the FBI and federal prosecutors NBA reacts to arrests of Chauncey Billups, Terry Rozier on illegal gambling charges Portland Trail Blazers coach Chauncey Billups and Miami Heat player Terry Rozier were among dozens of people charged in connection to two investigations into an alleged widespread sports betting scheme and organized crime ring, the FBI and federal prosecutors announced Thursday. CBS News justice correspondent Scott MacFarlane has more.",CBS News,"NBA reacts to arrests of Chauncey Billups, Terry Rozier on illegal gambling charges"
"GBank Financial Holdings Inc. Announces Third Quarter 2025 Quarterly Earnings Call Scheduled for Wednesday, October 29th, at 10:00 A.M., Pacific Time LAS VEGAS, Oct. 23, 2025 GLOBE NEWSWIRE -- GBank Financial Holdings Inc. the Company Nasdaq: GBFH , the parent company for GBank the Bank , today announced it plans to release its third quarter 2025 financial results after the market closes on Monda LAS VEGAS, Oct. 23, 2025 GLOBE NEWSWIRE -- GBank Financial Holdings Inc. the Company Nasdaq: GBFH , the parent company for GBank the Bank , today announced it plans to release its third quarter 2025 financial results after the market closes on Monday, October 27, 2025, and will host its quarterly earnings call on Wednesday, October 29, 2025, at 10:00 a.m., PST. Interested parties can participate remotely via Internet connectivity. There will be no physical location for attendance. Int",GlobeNewswire,"GBank Financial Holdings Inc. Announces Third Quarter 2025 Quarterly Earnings Call Scheduled for Wednesday, October 29th, at 10:00 A.M., Pacific Time"
"Heat wave caused key part of Florida coral reef to become functionally extinct A record 2023 heat wave all but eradicated two species of coral that historically served as the backbone of Florida's reefs, researchers said in a new report. A record-setting marine heat wave stripped huge portions of Florida's coral reef of their colors in 2023, triggering the ninth and worst mass bleaching event in the Caribbean. Temperatures soared for weeks, almost completely killing off two of the region's oldest and most important coral species, according to a new report that aims to shine a light on how warming waters can be lethal for the ecosystems they've historically sustained. Co-authored by scientists at the National Oceanic and Atmosph",CBS News,"Heat wave caused key part of Florida coral reef to become ""functionally extinct"""
"La Juve non sfigura ma ora c'è il test Lazio. E Allegri trova il Pisa Durante il TMW News di oggi occhi puntati sulla Champions e in particolare sulla Juventus che è uscita sconfitta dalla partita di ieri contro il Real Madrid, pur avendo anche creato una serie di occasioni molto pericolose. TMW News La Juve non sfigura ma ora c'è il test Lazio. E Allegri trova il Pisa Durante il TMW News di oggi occhi puntati sulla Champions e in particolare sulla Juventus che è uscita sconfitta dalla partita di ieri contro il Real Madrid, pur avendo anche creato una serie di occasioni molto pericolose. Ora i bianconeri dovranno provare a riaccendersi in campionato. Domenica sera sono attesi dalla sfida dell'olimpico contro la Lazio. Focus anche sull'Atalanta che ieri ha pareggiato contro lo Slavi",Tuttomercatoweb.com,La Juve non sfigura ma ora c'è il test Lazio. E Allegri trova il Pisa
"Bigg Boss Malayalam 7: Aryan wins fourth ticket to finale game, Noora continues to lead the race Aryan has won the fourth Ticket to Finale task in Bigg Boss Malayalam Season 7, showcasing exceptional focus and endurance. The challenging task required contestants to hold a powder-filled plank steady. This victory brings Aryan close to leader Noora, intens Aryan has won the fourth Ticket to Finale task in Bigg Boss Malayalam Season 7, showcasing exceptional focus and endurance. The challenging task required contestants to hold a powder-filled plank steady. This victory brings Aryan close to leader Noora, intensifying the race for a direct finale spot with only a few tasks remaining.",The Times of India,"Bigg Boss Malayalam 7: Aryan wins fourth ticket to finale game, Noora continues to lead the race"
"Strings in the maze: Finding hidden strengths and gaps in your team In this week s newsletter, Bill explores how open communication about your skills and experience can help your security team uncover hidden gaps, strengthen your defenses, and better prepare for ever-present threats. Welcome to this week s edition of the Threat Source newsletter. The truth about the world, he said, is that anything is possible... For existence has its own order and that no man's mind can compass, that mind itself being but a fact among others. Cormac McCarthy, Blood Meridian Earlier this week, I spent a few days off to take a reading retreat with my wife. Diving into several books from various genres and sitting on several quiet acres in the Texas hill country was a wonderful way to",Talosintelligence.com,Strings in the maze: Finding hidden strengths and gaps in your team
"Behind Enemy Lines: Auburn vs. Arkansas preview with Curtis Wilkerson of Inside Arkansas Curtis Wilkerson of Inside Arkansas joins this week's 'Behind Enemy Lines' ahead of Auburn football's game at Arkansas. Auburn could potentially earn its first break of SEC play this weekend when it travels to Fayetteville, Arkansas, to face the Arkansas Razorbacks. However, it won't be easy. The Tigers have struggled to find fire on offense this season, ranking No. 13 in the SEC in overall offense and No. 16 in the conference in passing. It has not helped matters that Auburn has faced three of the SEC's top defenses to open conference play. Can Auburn erase its offensive struggles this week? Another matchup",USA Today,Behind Enemy Lines: Auburn vs. Arkansas preview with Curtis Wilkerson of Inside Arkansas
"Dezeen Agenda features pearlescent opera house by Renzo Piano Building Workshop The latest edition of our weekly Dezeen Agenda newsletter features Renzo Piano Building Workshop's plans for an opera house in Vietnam. Subscribe to Dezeen Agenda now. Architecture studios Renzo Piano Building Workshop and PTW Architects designed the Isola De The latest edition of our weekly Dezeen Agenda newsletter features Renzo Piano Building Workshop's plans for an opera house in Vietnam. Subscribe to Dezeen Agenda now. Architecture studios Renzo Piano Building Workshop and PTW Architects designed the Isola Della Musica opera house in Hanoi, Vietnam. This week's newsletter also included a landmark report commissioned by the RIBA that found blatant sexism in UK architecture, Mercedes-Benz's latest autonomous concept car and a puffer coat that",Dezeen,Dezeen Agenda features pearlescent opera house by Renzo Piano Building Workshop
"Why wellness programs fail health care Jodie Green and I have been following each other on social media for a couple of years, and we finally had a conversation a few months ago. We discussed our appreciation for the work each of us is doing to support doctors and all other health care professiona Jodie Green and I have been following each other on social media for a couple of years, and we finally had a conversation a few months ago. We discussed our appreciation for the work each of us is doing to support doctors and all other health care professionals, including my efforts and Jodie s with her organization, the Clinician Burnout Foundation. We re amplifying meaningful resources that are available for health care professionals. I ve previously spotlighted the fantastic work of the Dr. L",Kevinmd.com,Why wellness programs fail health care
"London And Tokyo Unite On The mita x Offspring x adidas ZX8000 Any travel bucket list has to include the world s various metropolises. Just on scale alone, Tokyo and London have been destinations for as long as... Sneaker News, 2025. Permalink No comment Add todel.icio.us The post London And Tokyo Unite On The This post contains references to products from one or more of our advertisers. We may receive compensation when you click on links to those products. The opinions and information provided on this site are original editorial content of Sneaker News. Any travel bucket list has to include the world s various metropolises. Just on scale alone, Tokyo and London have been destinations for as long as they ve been population centers, drivers in all categories from commerce to fashion. For collectors in",Sneaker News,London And Tokyo Unite On The mita x Offspring x adidas ZX8000
"Americans say politically motivated violence is increasing, and they see many reasons why Just over half of Americans see left-wing 53 and right-wing 52 extremism as major problems. The post Americans say politically motivated violence is increasing, and they see many reasons why appeared first on Pew Research Center. Across the country and across the political spectrum Americans see politically motivated violence as on the rise in the United States. How we did this Pew Research Center conducted this study to assess Americans views about politically motivated violence in the country. For this analysis, we surveyed 3,445 U.S. adults from Sept. 22 to 28, 2025. Everyone who took part in this survey is a member of the Center s American Trends Panel ATP , a group of people recruited through national, random",Pew Research Center,"Americans say politically motivated violence is increasing, and they see many reasons why"
"Unpacking the Samsung Galaxy S26 Rumors: Release Date, Price, More S26 leaks include a rebrand of the base model to Pro, Perplexity AI integration, and better Qi2 wireless charging compatibility. Based on our experience, here's what we expect in early 2026. Samsung usually unveils its flagship Galaxy S series smartphones in Table of Contents Galaxy S26 Lineup: The Edge Is In Trouble Galaxy S26 Design: Imitating Apple? Galaxy S26: Software and AI Galaxy S26: Performance Galaxy S26 Cameras Galaxy S26: Battery and Charging Galaxy S26: Pricing and Release Samsung usually unveils its flagship Galaxy S series smartphones in January or February, but the rumor mill for the Galaxy S26 series is already abuzz with leaks and speculation. Below, we'll examine all the notable rumors we have heard so far, covering design, AI f",PCMag.com,"Unpacking the Samsung Galaxy S26 Rumors: Release Date, Price, More"
"Unpacking the Samsung Galaxy S26 Rumors: Release Date, Price, More S26 leaks include a rebrand of the base model to Pro, Perplexity AI integration, and better Qi2 wireless charging compatibility. Based on our experience, here's what we expect in early 2026. Samsung usually unveils its flagship Galaxy S series smartphones in Table of Contents Galaxy S26 Lineup: The Edge Is In Trouble Galaxy S26 Design: Imitating Apple? Galaxy S26: Software and AI Galaxy S26: Performance Galaxy S26 Cameras Galaxy S26: Battery and Charging Galaxy S26: Pricing and Release Samsung usually unveils its flagship Galaxy S series smartphones in January or February, but the rumor mill for the Galaxy S26 series is already abuzz with leaks and speculation. Below, we'll examine all the notable rumors we have heard so far, covering design, AI f",PCMag.com,"Unpacking the Samsung Galaxy S26 Rumors: Release Date, Price, More"
"Donors for Trump's 300m White House ballroom include Google, Apple and Palantir The Guardian The Guardian: Donors for Trump's 300m White House ballroom include Google, Apple and Palantir Work under way to demolish entire East Wing as president upped cost of new structure from 200m to 300m The White House has revealed that major companies i Sister Sites: Techmeme Top news and commentary for technology's leaders, from all around the web Top news and commentary for technology's leaders, from all around the web Mediagazer Top news and commentary for media professionals from all around the web Top news and commentary for media professionals from all around the web WeSmirch The top celebrity news from all around the web on a single page The top celebrity news from all around the web on a single page",Memeorandum.com,"Donors for Trump's $300m White House ballroom include Google, Apple and Palantir (The Guardian)"
"Nielsen: viewership of YouTube on TVs in the US inched down from a high of 13.4 in July to 12.6 in September, but still leads other distributors Sam Gutelle Tubefilter Sam Gutelle Tubefilter: Nielsen: viewership of YouTube on TVs in the US inched down from a high of 13.4 in July to 12.6 in September, but still leads other distributors YouTube's ascension on TV screens has been one of the most significant consumer te About Mediagazer: Mediagazer presents the day's must-read media news on a single page. The media business is in tumult: from the production side to the distribution side, new technologies are upending the industry. Keeping up with these changes is time-consuming, as essential media coverage is scattered across numerous web sites at any given moment. Mediagazer simplifies this task by organizing the key coverage in one place. We've combined sophisticated automated aggregation technologies with",Mediagazer.com,"Nielsen: viewership of YouTube on TVs in the US inched down from a high of 13.4% in July to 12.6% in September, but still leads other distributors (Sam Gutelle/Tubefilter)"
"Going to be a dog fight : Andi Jackson shares inside look at Nebraska volleyball s Big Ten streak and winning mindset Nebraska Cornhuskers' star Andi Jackson highlights the team's unwavering focus on their unbeaten streak in the Big Ten. Despite early success, Jackson emphasizes the need for continued effort, acknowledging opponents' determination. Coach Dani Busboom Kelly c Going to be a dog fight : Andi Jackson shares inside look at Nebraska volleyball s Big Ten streak and winning mindset Image Via Getty Andi Jackson talks about the team s mindset and challenges People really want to beat us, and it s going to be a dog fight every single time, Dani Busboom Kelly credits strategy and teamwork for success We stayed with our identity and what makes us great, which is our balanced offense and set in the middle,",The Times of India,“Going to be a dog fight”: Andi Jackson shares inside look at Nebraska volleyball’s Big Ten streak and winning mindset
"Ford is halting F-150 Lightning production to focus on more profitable gas and hybrid trucks Ford F has halted production of its electric pickup truck at the Rouge EV Center in Michigan following a fire at an aluminum supplier s factory. The F-150 Lightning will remain on pause as Ford focuses on more profitable gas and hybrid F-Series trucks. Ford F has halted production of its electric pickup truck at the Rouge EV Center in Michigan following a fire at an aluminum supplier s factory. The F-150 Lightning will remain on pause as Ford focuses on more profitable gas and hybrid F-Series trucks. Why is Ford pausing F-150 Lightning production? Ford reported third-quarter earnings after the market closed, beating top and bottom line expectations. Despite the strong performance, it wasn t all good news. A fire at Novelis aluminum plant",Electrek,Ford is halting F-150 Lightning production to focus on more profitable gas and hybrid trucks
"Imperial Reports Production for 2025 Third Quarter at Red Chris Mine VANCOUVER, British Columbia, Oct. 23, 2025 GLOBE NEWSWIRE -- Imperial Metals Corporation Imperial or the Company TSX:III reports quarterly copper and gold production from the 30 owned Red Chris mine in northwest British Columbia. Red Chris producti VANCOUVER, British Columbia, Oct. 23, 2025 GLOBE NEWSWIRE -- Imperial Metals Corporation Imperial or the Company TSX:III reports quarterly copper and gold production from the 30 owned Red Chris mine in northwest British Columbia. Red Chris production 100 for the third quarter of 2025 was 20.900 million pounds of copper and 21,660 ounces gold compared to 18.977 million pounds copper and 13,414 ounces gold during the same quarter of 2024. Imperial s share of Q3 production from Red Ch",GlobeNewswire,Imperial Reports Production for 2025 Third Quarter at Red Chris Mine
"OpenAI s New AI Web Browser Is a Bit of Mess OpenAI has its work cut out to justify the existence of its newfangled ChatGPT Atlas browser. It's extremely slow and vulnerable to exploits. Earlier this week, OpenAI unveiled an AI browser, dubbed Atlas, which is built around its blockbuster AI product, ChatGPT. A browser built with ChatGPT takes us closer to a true super-assistant that understands your world and helps you achieve your goals, the company boasted in its announcement. Thanks to an agent mode, the browser can complete entire tasks, such as booking flights or buying groceries online, a process OpenAI engineers quickly dubbed vibe lifing. It s not the first time",Futurism,OpenAI’s New AI Web Browser Is a Bit of Mess
"Democrats grapple with concerns about Black voter turnout in New Jersey Concerns about Black voter support and engagement have lingered among Democrats in New Jersey and nationally following President Donald Trump s 2024 victory. NEWARK, N.J. As Democratic Rep. Mikie Sherrill stood in the middle of the street in Newark s West Ward on Sunday afternoon, she made it clear that voters there could be decisive in this year s race for governor. New Jersey is a blue state. And so all we have to do is get everybody to the polls, because when we vote, we win, the four-term congresswoman told her supporters as they prepared to knock on doors in her race against Republican Jack Ciattarelli. Sherrill repeated, When we vote",NBC News,Democrats grapple with concerns about Black voter turnout in New Jersey
"MercadoLibre Takes on Amazon Brazil With Casas Bahia Pact MercadoLibre has reportedly launched an eCommerce partnership with Casas Bahia in Brazil. That s according to a report Thursday Oct. 23 by Bloomberg News, which notes that this marks a new era of competition in the Latin American digital market, whe MercadoLibre has reportedly launched an eCommerce partnership with Casas Bahia in Brazil. That s according to a report Thursday Oct. 23 by Bloomberg News, which notes that this marks a new era of competition in the Latin American digital market, where Brazil is the region s This story appeared on pymnts.com , 2025-10-23 20:56:03.",Biztoc.com,MercadoLibre Takes on Amazon Brazil With Casas Bahia Pact
The Birmingham Barons are adding another Hall of Famer to their roster soon News The Birmingham Barons are adding another Hall of Famer to their roster soon Duplicate of another approved link: 13854398 Enable JavaScript for Fark in order to vote for entries. Log in at the top of the page to enable voting. Enable JavaScript for Fark in order to vote for entries. Log in at the top of the page to enable voting.,Fark.com,The Birmingham Barons are adding another Hall of Famer to their roster soon [News]
"Portland Trail Blazers coach Chauncey Billups and Miami Heat player Terry Rozier arrested - BBC Portland Trail Blazers coach Chauncey Billups and Miami Heat player Terry Rozier arrestedBBC Billups, Rozier arrested in gambling investigationsESPN How NBA figures and mafia families allegedly stole millions in rigged poker games: Very sophisticated cheatin Little prigs and three-quarter madmen may have the conceit that the laws of nature are constantly broken for their sakes. -- Friedrich Nietzsche",Slashdot.org,Portland Trail Blazers coach Chauncey Billups and Miami Heat player Terry Rozier arrested - BBC
"Bari Weiss Got Herself Some 'Beefy' Bodyguards Weiss has reportedly hired a fleet of men who look like celebrities to protect her amid heightened security concerns. Earlier this month, Bari Zionist fanatic Weiss began her reign of terror as editor in chief of CBS News. Since then, she s sent ominous emails to staffers, and at least one tabloid-style Free Press the substack she started in 2020 that eventually became the website that CBS just acquired for 150 million story has already made its way over to CBS Some NYPD officers worry about Mamdani becoming the NYC mayor . That said, she s not the most popular person in media right now, but no bother,",Jezebel,Bari Weiss Got Herself Some 'Beefy' Bodyguards
"With championships in her bloodline, Columbine shortstop Liv Keiter leads Rebels into Class 5A state tournament When it was clear Liv Keiter could carry a heavy torch, her family's softball progenitor made sure to let her know. When it was clear Liv Keiter could carry a heavy torch, her family s softball progenitor made sure to let her know. Keiter, Columbine s star shortstop bound for Alabama, had burst onto Colorado s softball scene the summer before her freshman year. It was then that her aunt, former Arvada West star pitcher and Oklahoma All-American Kami McBroom, delivered the message in a phone call with her niece. Welcome to your own legacy. Now a senior, Keiter has already built a significant one one swi",The Denver Post,"With championships in her bloodline, Columbine shortstop Liv Keiter leads Rebels into Class 5A state tournament"
"Fortnite Will Add Moe From The Simpsons In Next Major Update, It Seems Epic Games has yet to officially confirm that the next major Fortnite update will focus on The Simpsons, but the evidence continues to grow. Today, it was reported that Moe Szyslak, the slimy bartended from Moe's Tavern, will have a skin in the forthcoming Si Epic Games has yet to officially confirm that the next major Fortnite update will focus on The Simpsons, but the evidence continues to grow. Today, it was reported that Moe Szyslak, the slimy bartended from Moe's Tavern, will have a skin in the forthcoming Simpsons collaboration. He would join Ned Flanders, who was previously leaked, along with presumably some or all of the main Simpson family members like Homer and Marge. MOE IS COMING NEXT SEASON He will get a Skin and NPC on MS2 - He",GameSpot,"Fortnite Will Add Moe From The Simpsons In Next Major Update, It Seems"
"Στα άκρα η κόντρα ΗΠΑ-Ισραήλ: Αν ο Νετανιάχου γ... τη συμφωνία, ο Τραμπ θα γ... αυτόν Η δήλωση αποτυπώνει τη δυσαρέσκεια της Ουάσινγκτον στις κινήσεις του Ισραήλ μετά τη χθεσινή ψήφιση νομοσχεδίου για την προσάρτηση τμημάτων της Δ. Όχθης Με μια ωμή διατύπωση φέρεται να προειδοποίησε Αμερικανός αξιωματούχος, σύμφωνα με ρεπορτάζ του ισραηλινού Channel 12, υπογραμμίζοντας ότι ο Ντόναλντ Τραμπ εμφανίζεται εξοργισμένος με τις κινήσεις του Ισραηλινού πρωθυπουργού γύρω από τη συμφωνία εκεχειρίας στη Γάζα. Ο αξιωματούχος, που μίλησε στον ανταποκριτή του Μπάρακ Ραβίντ, φέρεται να είπε: Ο Νετανιάχου βαδίζει σε λεπτή γραμμή με τον πρόεδρο Τραμπ. Αν συνεχίσει έτσι, θα γ... τη συμφωνία για τη Γάζα. Και αν τη γ..., ο Ντόναλντ Τραμπ θα γ...",Skai.gr,"Στα άκρα η κόντρα ΗΠΑ-Ισραήλ: «Αν ο Νετανιάχου γ... τη συμφωνία, ο Τραμπ θα γ... αυτόν»"
"Nearly 1 in 5 urinary tract infections linked to contaminated meat, study finds The study on urinary tract infections was based in Southern California, but researchers said the findings may apply to communities across the United States. Nearly one in five urinary tract infections in a group of patients in Southern California were linked to E. coli from contaminated meat, a four-year study found. And researchers say the problem could be occurring across the United States. The researchers found 18 of the more than 2,300 urinary tract infections, or UTIs, in the study published in the mBio journal on Thursday were linked to E. coli strains found in meat samples from grocery stores in the same area. The meats most commonly fo",CBS News,"Nearly 1 in 5 urinary tract infections linked to contaminated meat, study finds"
"White House Stops Press From Documenting Trump s Disaster Renovation Donald Trump is apparently so proud of the ballroom he s building at the White House that he doesn t want anyone to see the construction in progress. On Thursday, the Secret Service closed off access to the Ellipse park, where journalists were taking pictures Images of the ongoing destruction of a major section of the White House seem to have caused enough of a backlash that Trump is trying to keep the public from seeing them. It s easy to see why: Trump previously claimed that the ballroom would result in no demolition of any part of the White House, and ignored the normal legal process for making any changes to the building. a live look this morning at the demolished East Wing of the White House pic.twitter.com qSswoRt2ki Aaron Rupar atrupar",The New Republic,White House Stops Press From Documenting Trump’s Disaster Renovation
"Trump calls off 'surge' in San Francisco Jeremy B. White Politico Jeremy B. White Politico: Trump calls off surge in San Francisco Having the military and militarized immigration enforcement in our city will hinder our recovery, Lurie said in a statement. We appreciate that the president understands that we are th Sister Sites: Techmeme Top news and commentary for technology's leaders, from all around the web Top news and commentary for technology's leaders, from all around the web Mediagazer Top news and commentary for media professionals from all around the web Top news and commentary for media professionals from all around the web WeSmirch The top celebrity news from all around the web on a single page The top celebrity news from all around the web on a single page",Memeorandum.com,Trump calls off 'surge' in San Francisco (Jeremy B. White/Politico)
"Pelosi Says Police May Arrest Federal Agents Who Violate California Law New York Times New York Times: Pelosi Says Police May Arrest Federal Agents Who Violate California Law The San Francisco district attorney said in an interview that she came up with the strategy after seeing federal agents repeatedly roughing up people in Los Angeles an Sister Sites: Techmeme Top news and commentary for technology's leaders, from all around the web Top news and commentary for technology's leaders, from all around the web Mediagazer Top news and commentary for media professionals from all around the web Top news and commentary for media professionals from all around the web WeSmirch The top celebrity news from all around the web on a single page The top celebrity news from all around the web on a single page",Memeorandum.com,Pelosi Says Police May Arrest Federal Agents Who Violate California Law (New York Times)
The Birmingham Barons are adding another Hall of Famer to their roster soon News The Birmingham Barons are adding another Hall of Famer to their roster soon Duplicate of another approved link: 13854398 Enable JavaScript for Fark in order to vote for entries. Log in at the top of the page to enable voting. Enable JavaScript for Fark in order to vote for entries. Log in at the top of the page to enable voting.,Fark.com,The Birmingham Barons are adding another Hall of Famer to their roster soon [News]
"Portland Trail Blazers coach Chauncey Billups and Miami Heat player Terry Rozier arrested - BBC Portland Trail Blazers coach Chauncey Billups and Miami Heat player Terry Rozier arrestedBBC Billups, Rozier arrested in gambling investigationsESPN How NBA figures and mafia families allegedly stole millions in rigged poker games: Very sophisticated cheatin Little prigs and three-quarter madmen may have the conceit that the laws of nature are constantly broken for their sakes. -- Friedrich Nietzsche",Slashdot.org,Portland Trail Blazers coach Chauncey Billups and Miami Heat player Terry Rozier arrested - BBC
"Bari Weiss Got Herself Some 'Beefy' Bodyguards Weiss has reportedly hired a fleet of men who look like celebrities to protect her amid heightened security concerns. Earlier this month, Bari Zionist fanatic Weiss began her reign of terror as editor in chief of CBS News. Since then, she s sent ominous emails to staffers, and at least one tabloid-style Free Press the substack she started in 2020 that eventually became the website that CBS just acquired for 150 million story has already made its way over to CBS Some NYPD officers worry about Mamdani becoming the NYC mayor . That said, she s not the most popular person in media right now, but no bother,",Jezebel,Bari Weiss Got Herself Some 'Beefy' Bodyguards
"With championships in her bloodline, Columbine shortstop Liv Keiter leads Rebels into Class 5A state tournament When it was clear Liv Keiter could carry a heavy torch, her family's softball progenitor made sure to let her know. When it was clear Liv Keiter could carry a heavy torch, her family s softball progenitor made sure to let her know. Keiter, Columbine s star shortstop bound for Alabama, had burst onto Colorado s softball scene the summer before her freshman year. It was then that her aunt, former Arvada West star pitcher and Oklahoma All-American Kami McBroom, delivered the message in a phone call with her niece. Welcome to your own legacy. Now a senior, Keiter has already built a significant one one swi",The Denver Post,"With championships in her bloodline, Columbine shortstop Liv Keiter leads Rebels into Class 5A state tournament"
"Fortnite Will Add Moe From The Simpsons In Next Major Update, It Seems Epic Games has yet to officially confirm that the next major Fortnite update will focus on The Simpsons, but the evidence continues to grow. Today, it was reported that Moe Szyslak, the slimy bartended from Moe's Tavern, will have a skin in the forthcoming Si Epic Games has yet to officially confirm that the next major Fortnite update will focus on The Simpsons, but the evidence continues to grow. Today, it was reported that Moe Szyslak, the slimy bartended from Moe's Tavern, will have a skin in the forthcoming Simpsons collaboration. He would join Ned Flanders, who was previously leaked, along with presumably some or all of the main Simpson family members like Homer and Marge. MOE IS COMING NEXT SEASON He will get a Skin and NPC on MS2 - He",GameSpot,"Fortnite Will Add Moe From The Simpsons In Next Major Update, It Seems"
"Nearly 1 in 5 urinary tract infections linked to contaminated meat, study finds The study on urinary tract infections was based in Southern California, but researchers said the findings may apply to communities across the United States. Nearly one in five urinary tract infections in a group of patients in Southern California were linked to E. coli from contaminated meat, a four-year study found. And researchers say the problem could be occurring across the United States. The researchers found 18 of the more than 2,300 urinary tract infections, or UTIs, in the study published in the mBio journal on Thursday were linked to E. coli strains found in meat samples from grocery stores in the same area. The meats most commonly fo",CBS News,"Nearly 1 in 5 urinary tract infections linked to contaminated meat, study finds"
"White House Stops Press From Documenting Trump s Disaster Renovation Donald Trump is apparently so proud of the ballroom he s building at the White House that he doesn t want anyone to see the construction in progress. On Thursday, the Secret Service closed off access to the Ellipse park, where journalists were taking pictures Images of the ongoing destruction of a major section of the White House seem to have caused enough of a backlash that Trump is trying to keep the public from seeing them. It s easy to see why: Trump previously claimed that the ballroom would result in no demolition of any part of the White House, and ignored the normal legal process for making any changes to the building. a live look this morning at the demolished East Wing of the White House pic.twitter.com qSswoRt2ki Aaron Rupar atrupar",The New Republic,White House Stops Press From Documenting Trump’s Disaster Renovation
"Trump calls off 'surge' in San Francisco Jeremy B. White Politico Jeremy B. White Politico: Trump calls off surge in San Francisco Having the military and militarized immigration enforcement in our city will hinder our recovery, Lurie said in a statement. We appreciate that the president understands that we are th Sister Sites: Techmeme Top news and commentary for technology's leaders, from all around the web Top news and commentary for technology's leaders, from all around the web Mediagazer Top news and commentary for media professionals from all around the web Top news and commentary for media professionals from all around the web WeSmirch The top celebrity news from all around the web on a single page The top celebrity news from all around the web on a single page",Memeorandum.com,Trump calls off 'surge' in San Francisco (Jeremy B. White/Politico)
"Pelosi Says Police May Arrest Federal Agents Who Violate California Law New York Times New York Times: Pelosi Says Police May Arrest Federal Agents Who Violate California Law The San Francisco district attorney said in an interview that she came up with the strategy after seeing federal agents repeatedly roughing up people in Los Angeles an Sister Sites: Techmeme Top news and commentary for technology's leaders, from all around the web Top news and commentary for technology's leaders, from all around the web Mediagazer Top news and commentary for media professionals from all around the web Top news and commentary for media professionals from all around the web WeSmirch The top celebrity news from all around the web on a single page The top celebrity news from all around the web on a single page",Memeorandum.com,Pelosi Says Police May Arrest Federal Agents Who Violate California Law (New York Times)
"Terry Rozier Net Worth: How Much Money He Has Amid NBA Scandal Terry Rozier is facing legal trouble amid a gambling investigation. Here's everything to know about how much the Miami Heat guard is worth today. Image Credit: Getty Images NBA star Terry Rozier is making headlines following his arrest as part of a sweeping federal gambling investigation. The FBI has described this probe as a historic arrest operation that involves current and former NBA personnel including Rozier and veteran coach Chauncey Billups and alleged connections to sports betting, rigged poker games and organized-crime families. We are here in New York to announce a historic arrest across a wide, sweeping criminal enterpris",Hollywood Life,Terry Rozier Net Worth: How Much Money He Has Amid NBA Scandal
"The Only Piece of Advice People Who Want to Go to Grad School Need to Hear Right Now Grad school's been grim for years. But it's always possible for things to get worse. Sign up for the Slatest to get the most insightful analysis, criticism, and advice out there, delivered to your inbox daily. A few weeks ago, I spoke to students at my university, here in Qatar, about what they needed to know before pursuing a doctoral degree in the United States. Not only do I have a Ph.D., but until recently I was a tenured professor at a major U.S.-based research university, so it s natural for me to be on these types of panels. A couple of years ago, I would have repeated",Slate Magazine,The Only Piece of Advice People Who Want to Go to Grad School Need to Hear Right Now
"Darren Bailey s Son, Grandchildren Among Those Deceased In Tragic Helicopter Crash Illinois gubernatorial candidate Darren Bailey s son, daughter-in-law and two young grandchildren perished Wednesday in a helicopter crash in Montana. Illinois gubernatorial candidate Darren Bailey s son, daughter-in-law and two young grandchildren perished Wednesday in a helicopter crash in Montana. The tragic news was shared Thursday on X by in a statement from the Darren Bailey Aaron Del Mar Campaign. On Wednesday evening, Darren and his wife, Cindy, received the heartbreaking news no parent ever wants to hear. Their son, Zachary, his wife, Kelsey, and their two young children, Vada Rose, age 12, and Samuel, age 7, tragically lost thei",The Daily Caller,"Darren Bailey’s Son, Grandchildren Among Those Deceased In Tragic Helicopter Crash"
"2026 Senate Overview Just for members: The latest edition of . This issue is the quarterly Senate overview included updated analysis on all 35 races around the country. Republicans maintain the advantage to hold their majority as Democrats The BBC caught scam call center workers on hidden cameras as they laughed at the people they were tricking. The BBC caught scam call center workers on hidden cameras as they laughed at the people they were tricking. One worker bragged about making 250k from victims. The disturbing truth? Scammers don t pick phone numbers at random. They buy your data from brokers. Once your data is out there, it s not just calls. It s phishing, impersonation, and identity theft. That s why I recommend Incogni",Politicalwire.com,2026 Senate Overview
"Republicans Are Trying to Make Fascism Edgy and Hip For the last few weeks, Republican Party leadership has been carrying out a campaign to, essentially, classify the word fascist as hate speech against right-wingers. But while some Republicans shy away from the term, plenty of others, particularly among the For the last few weeks, Republican Party leadership has been carrying out a campaign to, essentially, classify the word fascist as hate speech against right-wingers. But while some Republicans shy away from the term, plenty of others, particularly among their base and their influencers, find it edgy and hip. Some have even begun to wear it as a badge of honor. Most notably, last week, members of the Republican Youth er, Young Republicans were caught in a group chat declaring their love of Ado",Common Dreams,Republicans Are Trying to Make Fascism Edgy and Hip
"WATCH: Failed Democrat Candidate Is Accused of Stealing Georgia Power Trade Secrets A Democrat former Public Service Commission PSC candidate was accused Tuesday of stealing trade secrets from Georgia Power. The post WATCH: Failed Democrat Candidate Is Accused of Stealing Georgia Power Trade Secrets appeared first on Breitbart. A Democrat former Public Service Commission PSC candidate was accused Tuesday of stealing trade secrets from Georgia Power. Patty Durand was arrested and charged with felony theft, Georgia Public Broadcasting GPB reported Wednesday. A hearing was held regarding Georgia Power s request to add two Plant Vogtles worth of new power, mostly for data centers, the outlet said, adding that Durand opposes such centers and rate hikes and operates the watchdog group known as Georgia Utility Watch.",Breitbart News,WATCH: Failed Democrat Candidate Is Accused of Stealing Georgia Power Trade Secrets
"Terry Rozier appears to have used the same method as Jontay Porter to rig NBA games; lifetime ban possible if guilty Miami Heat guard Terry Rozier was arrested at a hotel in Orlando, Florida, on Thursday as part of an FBI investigation into an illegal sports gambling ring. Rozier is being connec Miami Heat guard Terry Rozier was arrested at a hotel in Orlando, Florida, on Thursday as part of an FBI investigation into an illegal sports gambling ring. Rozier is being connected to 'Operation Nothing But Bet', a probe related to the Jontay Porter case. Porter received a lifetime ban in April 2024. Uncertainty surrounds the Lakers at the start of the season Trail Blazers coach Chauncey Billups was also arrested, but both Rozier and Billups were taken into custody in separate cases related",Marca,Terry Rozier appears to have used the same method as Jontay Porter to rig NBA games; lifetime ban possible if guilty
"Show HN: I built a tech news aggregator that works the way my brain does An honest to god, non-algorithmic reverse chrono list of tech news that passes my signal-to-noise tests, updated hourly.A lightweight a page design as I've been able to keep; simple, clean, fast. No commercial features or aspirations - this is a passion proje Recent Stories Summary Recent Stories in Detail Reverse chrono from now to midnight Thursday, October 23, 2025, Timezone: America Chicago Friday, October 24, 2025, 12:21 pm permalink Automattic has initiated sweeping counterclaims against WP Engine, accusing the hosting company of trademark misuse and deceptive branding. This legal salvo intensifies the ongoing dispute over WordPress trademark issues and signals a determined effort by Automattic to defend its brand integrity. Bluesky: te",Deadstack.net,Show HN: I built a tech news aggregator that works the way my brain does
"Takaichi said to arrange phone call with Trump on Saturday Japan's recently elected prime minister, Sanae Takaichi, is arranging for her first official phone call with United States President Donald Trump to be held on October 25, Kyodo News reported on Thurs... Japan's recently elected prime minister, Sanae Takaichi, is arranging for her first official phone call with United States President Donald Trump to be held on October 25, Kyodo News reported on Thurs... This story appeared on breakingthenews.net , 2025-10-23 17:41:00.",Biztoc.com,Takaichi said to arrange phone call with Trump on Saturday
"How Kristen Bell, Dax Shepard Navigate the Ebb Flow of Marriage Kristen Bell learned to let some things go when it comes to love. The Nobody Wants This actress shared insight into her marriage to Dax Shepard, with whom she shares daughters Lincoln, 12,... Kristen Bell and Dax Shepard want this marriage to go the distance. Which is why the Nobody Wants This actress and the Armchair Expert host parents to daughters Lincoln, 12, and Delta, 10 have learned to how to navigate each other's highs and lows. I don't like the idea that you're looking for your perfect puzzle piece because you also have to become a puzzle piece that fits with someone else, Kristen said on SiriusXM's Andy Cohen Live Oct. 23. So if you find two people that are like, 'Yeah",Eonline.com,"How Kristen Bell, Dax Shepard Navigate the ""Ebb"" & ""Flow"" of Marriage"
"The Rules of Investing Just Changed Are You Ready? InvestorPlace - Stock Market News, Stock Advice Trading Tips The way information moves, how investors react, and where the biggest opportunities appear have all changed. That s why InvestorPlace Senior Analyst Louis Navellier is partnering up with two brill InvestorPlace - Stock Market News, Stock Advice Trading Tips The way information moves, how investors react, and where the biggest opportunities appear have all changed. That s why InvestorPlace Senior Analyst Louis Navellier is partnering up with two brilliant young investors to This story appeared on investorplace.com , 2025-10-23 17:00:00.",Biztoc.com,The Rules of Investing Just Changed — Are You Ready?
"Five Fun Things Last month, I got hooked on RÕZ s Milk Hair Serum. Applied to damp hair, the lightweight serum keeps hair silky and defined, even on rainy days. Read more The post Five Fun Things appeared first on Cup of Jo. Last month, I got hooked on RÕZ s Milk Hair Serum. Applied to damp hair, the lightweight serum keeps hair silky and defined, even on rainy days. And it smells so clean! Sometimes I think products aren t worth it, but this one makes a huge difference. If you d like to see for yourself, good news: RÕZ just launched a try-before-you-buy program, where you can try up to four full-size products and only pay for what you keep shipping s free, too . What would you go for? I m also into this root-lif",Cupofjo.com,Five Fun Things
"Senate Democrats Kill Bill to Pay Essential Workers During Shutdown Only three Democrats voted for the bill. The post Senate Democrats Kill Bill to Pay Essential Workers During Shutdown first appeared on Le gal In sur rec tion. Senate Democrats killed a bill proposed by GOP Sens. Ron Johnson WI and Todd Young IN that would have paid government essential workers during the extended shutdown. It failed 54-45. It needed 60 votes to advance. Only Democrat Sens. John Fetterman PA , Raphael Warnock GA , and Jon Ossoff GA voted with the Republicans. From Fox News: In addition to compensating federal employees and military personnel during the current shutdown, the bill would also extend relief to future instances",Legalinsurrection.com,Senate Democrats Kill Bill to Pay Essential Workers During Shutdown
"Fallout: New Vegas 15th Anniversary Bundle Announced on Fallout Day Here Are the Contents Bethesda has used Fallout Day to announce the Fallout: New Vegas 15th Anniversary Bundle, which celebrates Obsidian s much-loved post-apocalyptic role-playing game turning 15 years old. Check out the contents. Bethesda has used Fallout Day to announce the Fallout: New Vegas 15th Anniversary Bundle, which celebrates Obsidian s much-loved post-apocalyptic role-playing game turning 15 years old. This edition will be available for pre-order on October 23 via the Bethesda Gear Store, and includes: Fallout: New Vegas: Ultimate Edition PC Code Victor Statue 8 PVC : The friendly Securitron stands tall and is ready to roll Doc Mitchell s Evaluation Cards 8x8 cardstock set : Straight from your first mome",IGN,Fallout: New Vegas 15th Anniversary Bundle Announced on Fallout Day — Here Are the Contents
"Apple COO touts accelerated timeline for Houston-built AI servers Speaking to Fox News Digital, Apple s Chief Operating Officer Sabih Khan confirmed that the company is shipping U.S.-made AI servers from its new Houston plant ahead of schedule. Here are the details. more Speaking to Fox News Digital, Apple s Chief Operating Officer Sabih Khan confirmed that the company is shipping U.S.-made AI servers from its new Houston plant ahead of schedule. Here are the details. When Apple announced its 600 billion package to invest in domestic infrastructure earlier this year, it said that part of the money would go towards a server manufacturing facility in Houston: Earlier this year, construction began in Houston on the new factory supporting production of advanced",9to5Mac,Apple COO touts accelerated timeline for Houston-built AI servers
"Waiting in emergency: Mental health upgrades on the way Upgrade works may have led to dismally-high numbers of mental health patients languishing in Dandenong and Casey hospital emergency departments, according to the State Government. In April-June, just 4 per cent of adult patients were transferred from Dandenon By Cam Lucadou-Wells and Violet Li Upgrade works may have led to dismally-high numbers of mental health patients languishing in Dandenong and Casey hospital emergency departments, according to the State Government. In April-June, just 4 per cent of adult patients were transferred from Dandenong Hospital ED to a mental health bed within eight hours, according to official state health statistics. At Casey Hospital, zero per cent of the adult mental-health transfers occurred within eight hours.",Starcommunity.com.au,Waiting in emergency: Mental health upgrades on the way
"OP Bancorp reports Q3 EPS 45c, two estimates 44c See the rest of the story here. thefly.com provides the latest financial news as it breaks. Known as a leader in market intelligence, The Fly's real-time, streaming news feed keeps individual investors, professional money managers, active traders, and corpor Proprietary deal commentary available to members only. Sign up or login for access. Proprietary deal commentary available to members only. Sign up or login for access. Proprietary deal commentary available to members only. Sign up or login for access. Proprietary deal commentary available to members only. Sign up or login for access. Tues",Thefly.com,"OP Bancorp reports Q3 EPS 45c, two estimates 44c"
"BayCom reports Q3 EPS 46c, consensus 52c See the rest of the story here. thefly.com provides the latest financial news as it breaks. Known as a leader in market intelligence, The Fly's real-time, streaming news feed keeps individual investors, professional money managers, active traders, and corpor Proprietary deal commentary available to members only. Sign up or login for access. Proprietary deal commentary available to members only. Sign up or login for access. Proprietary deal commentary available to members only. Sign up or login for access. Proprietary deal commentary available to members only. Sign up or login for access. Tues",Thefly.com,"BayCom reports Q3 EPS 46c, consensus 52c"
"The Life Time Grand Prix promises 590,000 in prize money for 2026 Life Time is increasing its financial commitment to professional off-road cycling with a 55 jump in prize money for 2026, plus new baseline compensation for finishers and expanded athlete benefits across the six-race series. The article The Life Time Grand P Photo c 2024 Taylor Chase, courtesy Life Time Grand Prix Life Time just released the details for its 2026 Grand Prix race series, and 590,000 in total prize money is on the line. That s a 55 increase over the 2025 season, and it represents what Life Time is calling a record investment in athletes. Since launching in 2022, the Life Time Grand Prix has been working to establish itself as the premier professional platform for off-road cycling in North America, combining both gravel and moun",Singletracks.com,"The Life Time Grand Prix promises $590,000 in prize money for 2026"
"Vans Old Skool 36 Hot Streak Heads To ComplexCon With Two Pearlized Pairs It s not quite time to take stock of the biggest moments in sneakers for us, at least , but we can comfortably call the Old Skool... Sneaker News, 2025. Permalink No comment Add todel.icio.us The post Vans' Old Skool 36 Hot Streak Heads To Complex This post contains references to products from one or more of our advertisers. We may receive compensation when you click on links to those products. The opinions and information provided on this site are original editorial content of Sneaker News. It s not quite time to take stock of the biggest moments in sneakers for us, at least , but we can comfortably call the Old Skool 36 one of the surprise winners of this year to date. The Souvenir capsule, first in Warm Brown and then in Burgund",Sneaker News,Vans’ Old Skool 36 Hot Streak Heads To ComplexCon With Two “Pearlized” Pairs
"Mohawk Industries reports Q3 adjusted EPS 2.67, consensus 2.64 See the rest of the story here. thefly.com provides the latest financial news as it breaks. Known as a leader in market intelligence, The Fly's real-time, streaming news feed keeps individual investors, professional money managers, active traders, and corpor Proprietary deal commentary available to members only. Sign up or login for access. Proprietary deal commentary available to members only. Sign up or login for access. Proprietary deal commentary available to members only. Sign up or login for access. Proprietary deal commentary available to members only. Sign up or login for access. Tues",Thefly.com,"Mohawk Industries reports Q3 adjusted EPS $2.67, consensus $2.64"
"Hunter Biden blasts irrelevant Jake Tapper, suggests CNN anchor used ChatGPT to write book: Poor journalism The former first son leaned into Tapper, who co-authored the controversial book Original Sin about former President Joe Biden s mental decline. Hunter Biden delivered a nasty takedown of CNN s Jake Tapper, accusing the anchor of poor journalism, suggesting his books were made with ChatGPT and even saying his colleagues don t really like him. The former first son leaned into Tapper, who co-authored the controversial book Original Sin about former President Joe Biden s mental decline, during an appearance on Mediaite reporter Tommy Christopher s Substack this week. 5 Hunter Biden delivered a brutal takedown of CNN journalist Jake Ta",New York Post,"Hunter Biden blasts ‘irrelevant’ Jake Tapper, suggests CNN anchor used ChatGPT to write book: ‘Poor journalism’"
"Alberta teen faces new charges after terrorism peace bond for alleged online extremism ties The youth was initially arrested in May, with investigators saying they believed the 15-year-old would commit terrorism offences related to the 764 online network, which targets vulnerable children by prowling gaming sites like Minecraft and Roblox and lures A teenager from the Edmonton area is facing new charges following a terrorism peace bond for alleged links to an online network of violent extremism. The 15-year-old was initially arrested in May, with RCMP starting peace bond proceedings under a fear of terrorism offence. Investigators said at the time they believed the youth would commit terrorism offences related to the 764 online network, which targets vulnerable children by prowling gaming sites like Minecraft and Roblox and lures victims",CBC News,Alberta teen faces new charges after terrorism peace bond for alleged online extremism ties
"Newsom Roasts Trump Suck-Ups With a New Line of MAGA Kneepads Leigh Kimmins The Daily Beast Leigh Kimmins The Daily Beast: Newsom Roasts Trump Suck-Ups With a New Line of MAGA Kneepads ON YOUR KNEES The California governor slammed individuals and institutions rolling over for the president. California Gov. Gavin Newsom took a sharp jab Sister Sites: Techmeme Top news and commentary for technology's leaders, from all around the web Top news and commentary for technology's leaders, from all around the web Mediagazer Top news and commentary for media professionals from all around the web Top news and commentary for media professionals from all around the web WeSmirch The top celebrity news from all around the web on a single page The top celebrity news from all around the web on a single page",Memeorandum.com,Newsom Roasts Trump Suck-Ups With a New Line of MAGA Kneepads (Leigh Kimmins/The Daily Beast)
"Dime Community Bancshares Declares Quarterly Cash Dividend for Series A Preferred Stock Dime Community Bancshares Declares Quarterly Cash Dividend for Series A Preferred Stock...... HAUPPAUGE, N.Y., Oct. 23, 2025 GLOBE NEWSWIRE -- Dime Community Bancshares, Inc. Nasdaq: DCOM, DCOMP and DCOMG the Company announced that its Board of Directors declared a quarterly cash dividend of 0.34375 per share on the Company s 5.50 Fixed-Rate Non-Cumulative Perpetual Preferred Stock, Series A, payable on November 13, 2025 to holders of record as of November 6, 2025. ABOUT DIME COMMUNITY BANCSHARES, INC. Dime Community Bancshares, Inc. is the holding company for Dime Community",GlobeNewswire,Dime Community Bancshares Declares Quarterly Cash Dividend for Series A Preferred Stock
"HOME FEDERAL BANCORP, INC. OF LOUISIANA REPORTS RESULTS OF OPERATIONS FOR THE THREE MONTHS ENDED SEPTEMBER 30, 2025 Shreveport, La, Oct. 23, 2025 GLOBE NEWSWIRE -- Home Federal Bancorp, Inc. of Louisiana the Company Nasdaq: HFBL , the holding company of Home Federal Bank, reported net income for the three months ended September 30, 2025, of 1.599 million compared t Shreveport, La, Oct. 23, 2025 GLOBE NEWSWIRE -- Home Federal Bancorp, Inc. of Louisiana the Company Nasdaq: HFBL , the holding company of Home Federal Bank, reported net income for the three months ended September 30, 2025, of 1.599 million compared to net income of 941,000 reported for the three months ended September 30, 2024. The Company s basic and diluted earnings per share were 0.53 and 0.52, respectively, for the three months ended September 30, 2025 compared to 0.31 for the t",GlobeNewswire,"HOME FEDERAL BANCORP, INC. OF LOUISIANA REPORTS RESULTS OF OPERATIONS FOR THE THREE MONTHS ENDED SEPTEMBER 30, 2025"
"Outer Banks Final Season Filming Moves to Croatia as Production Nears Completion Filming on the new season has been ongoing since the Summer but it's new trip to Croatia is catching headlines for the wrong reasons... Outer Banks is heading international again in season 5. For the past week or so, the production has been filming in the sunny location of Croatia with a number of high-profile cast members, such as Madelyn Cline, Madison Bailey, Chase Stokes, J.D., Drew Starkey, Carlacia Grant, and J. Anthony Crane, also spotted on set. It s not gone entirely to plan, though We first got wind of the production moving to Croatia a fortnight ago, with photos beginning to hit the wires and reposted by several fa",What's on Netflix,‘Outer Banks’ Final Season Filming Moves to Croatia as Production Nears Completion
"Avidia Bancorp reports Q3 EPS 5c See the rest of the story here. thefly.com provides the latest financial news as it breaks. Known as a leader in market intelligence, The Fly's real-time, streaming news feed keeps individual investors, professional money managers, active traders, and corpor Proprietary deal commentary available to members only. Sign up or login for access. Proprietary deal commentary available to members only. Sign up or login for access. Proprietary deal commentary available to members only. Sign up or login for access. Proprietary deal commentary available to members only. Sign up or login for access. Tues",Thefly.com,Avidia Bancorp reports Q3 EPS (5c)
"Google is turning on the gas for its data centers Google s latest pledge to support a new clean energy technology is a gas project? To be precise, it s a gas-fired power plant outfitted with filtering devices to capture its planet-heating carbon emissions. Is this just a polluting fossil fuel project in she Posts from this author will be added to your daily email digest and your homepage feed. Google s latest pledge to support a new clean energy technology is a gas project? To be precise, it s a gas-fired power plant outfitted with filtering devices to capture its planet-heating carbon emissions. Is this just a polluting fossil fuel project in sheep s clothing? Google just inked an agreement to support the development of a new gas-fired power plant in Illinois called the Broadwing Energy Center.",The Verge,Google is turning on the gas for its data centers
"Toys R Us Canada affected by data breach hitting personal data Toys R Us Canada has reached out to customers, letting them know of a data breach compromising personal information. On Thursday morning, Toys R Us Canada notified its customers in an email saying that it learned of a data breach on July 30. The breach ma Toys R Us Canada has reached out to customers, letting them know of a data breach compromising personal information. On Thursday morning, Toys R Us Canada notified its customers in an email saying that it learned of a data breach on July 30. The breach may have included names, addresses, emails and phone numbers, according to a statement from Toys R Us. However, the company announced that passwords, credit card details or similar confidential data weren t exposed. In its statement to cus",MobileSyrup,Toys “R” Us Canada affected by data breach hitting personal data
"Sintx Technologies files to sell 1.74M shares of common stock for holders See the rest of the story here. thefly.com provides the latest financial news as it breaks. Known as a leader in market intelligence, The Fly's real-time, streaming news feed keeps individual investors, professional money managers, active traders, and corpor Proprietary deal commentary available to members only. Sign up or login for access. Proprietary deal commentary available to members only. Sign up or login for access. Proprietary deal commentary available to members only. Sign up or login for access. Proprietary deal commentary available to members only. Sign up or login for access. Tues",Thefly.com,Sintx Technologies files to sell 1.74M shares of common stock for holders
"House Democrats request details on White House ballroom from President Trump Arden Farhi CBS News Arden Farhi CBS News: House Democrats request details on White House ballroom from President Trump House Democrats, disturbed by what they see as the destruction of a historic landmark, are demanding answers about the forthcoming White House ballroom. Sister Sites: Techmeme Top news and commentary for technology's leaders, from all around the web Top news and commentary for technology's leaders, from all around the web Mediagazer Top news and commentary for media professionals from all around the web Top news and commentary for media professionals from all around the web WeSmirch The top celebrity news from all around the web on a single page The top celebrity news from all around the web on a single page",Memeorandum.com,House Democrats request details on White House ballroom from President Trump (Arden Farhi/CBS News)
"Zohran Mamdani Boasts Free NYC Bus Plan Would Cost 700 Million a Year New York City mayoral candidate and state assemblyman Zohran Mamdani defended his proposal to make all city buses free during Wednesday night s final mayoral debate, estimating the initiative would cost roughly 700 million annually and arguing it would ultim New York City mayoral candidate and state assemblyman Zohran Mamdani defended his proposal to make all city buses free during Wednesday night s final mayoral debate, estimating the initiative would cost roughly 700 million annually and arguing it would ultimately benefit the city s economy and environment. Mamdani said the proposal addresses the fact that today, in the wealthiest city, in the wealthiest country in the history of the world, one in five New Yorkers cannot afford the bus fare.",Breitbart News,Zohran Mamdani Boasts ‘Free’ NYC Bus Plan Would Cost $700 Million a Year
"Putin calls US sanctions an 'unfriendly act' The European Union has heaped more economic sanctions on Russia, adding to U.S. President Donald Trump s new punitive measures the previous day against the Russian oil industry We re Sorry! This website is unavailable in your location. Error 451 It appears you are attempting to access this website from a country outside of the United States, therefore access cannot be granted at this time.",KIRO Seattle,Putin calls US sanctions an 'unfriendly act'
"Earnings live: Intel stock surges, Ford rises after-hours, Deckers drops Third quarter earnings season is ramping up, and analysts expect S P 500 companies grew their profits by 8 during the quarter. Earnings season is ramping up as Tesla TSLA , Netflix NFLX , General Motors GM , and Ford Motor Company F , among others, report results this week. As of Oct. 17, 12 of S P 500 companies have reported results, according to FactSet data, and analysts are expecting an 8.5 jump in earnings per share during the third quarter. If that figure holds, it would mark the ninth straight quarter of positive earnings growth but a deceleration from the 12 earnings growth reported in Q2 of this year.",Yahoo Entertainment,"Earnings live: Intel stock surges, Ford rises after-hours, Deckers drops"
"Infrared Sauna Research Advances: UCSF Clinical Trial Publishes Data Showing Feasibility and Promising Symptom Reduction in Depression Treatment 25 of 29 Participants No Longer Met Criteria for Depression after Combined Whole Body Heat Treatment Using The Clearlight Curve Far Infrared Sauna Dome and Cognitive Behavioral Therapy Protocol 25 of 29 Participants No Longer Met Criteria for Depression aft Berkeley, California, Oct. 23, 2025 GLOBE NEWSWIRE -- In conjunction with October as National Depression Awareness Month, a new UCSF randomized trial underscores the potential of infrared heat therapy in depression treatment. The findings from the University of California, San Francisco UCSF reveal that whole-body heating WBH combined with cognitive behavioral therapy CBT was well-received by patients with major depressive disorder MDD , and 86.2 of patients no longer met criteria for",GlobeNewswire,Infrared Sauna Research Advances: UCSF Clinical Trial Publishes Data Showing Feasibility and Promising Symptom Reduction in Depression Treatment
"Trump Pardons Ex-Binance CEO as Crypto Use Grows President Donald Trump reportedly has pardoned Changpeng Zhao, founder ex-CEO of cryptocurrency exchange Binance. That s according to a report Thursday Oct. 23 by The Wall Street Journal WSJ , which noted that the pardon follows months of efforts by Zhao t President Donald Trump reportedly has pardoned Changpeng Zhao, founder ex-CEO of cryptocurrency exchange Binance. By completing this form, you agree to receive marketing communications from PYMNTS and to the sharing of your information with our sponsor, if applicable, in accordance with our Privacy Policy and Terms and Conditions . Complete the form to unlock this article and enjoy unlimited free access to all PYMNTS content no additional logins required. That s according to a report Thursd",pymnts.com,Trump Pardons Ex-Binance CEO as Crypto Use Grows
"Trump Pardons Ex-Binance CEO as Crypto Wealth Grows President Donald Trump reportedly has pardoned Changpeng Zhao, founder ex-CEO of cryptocurrency exchange Binance. That s according to a report Thursday Oct. 23 by The Wall Street Journal WSJ , which noted that the pardon follows months of efforts by Zhao t President Donald Trump reportedly has pardoned Changpeng Zhao, founder ex-CEO of cryptocurrency exchange Binance. By completing this form, you agree to receive marketing communications from PYMNTS and to the sharing of your information with our sponsor, if applicable, in accordance with our Privacy Policy and Terms and Conditions . Complete the form to unlock this article and enjoy unlimited free access to all PYMNTS content no additional logins required. That s according to a report Thursd",pymnts.com,Trump Pardons Ex-Binance CEO as Crypto Wealth Grows
"Game on : Jack Smith offers to testify in public hearing over his investigation into Donald Trump Marc Harris, former Senior Investigative Counsel for the House Select Committee on January 6th and Glenn Thrush, New York Times Justice Department Reporter join Nicolle Wallace on Deadline White House with reaction to the news that Jack Smith has asked to tes Marc Harris, former Senior Investigative Counsel for the House Select Committee on January 6th and Glenn Thrush, New York Times Justice Department Reporter join Nicolle Wallace on Deadline White House with reaction to the news that Jack Smith has asked to testify in an open hearing to This story appeared on msnbc.com , 2025-10-23 20:23:25.",Biztoc.com,‘Game on’: Jack Smith offers to testify in public hearing over his investigation into Donald Trump
"Coca-Cola to Sell Cane Sugar Coke After Trump Said 'It's Just Better' Coca-Cola will be selling soda pop made with cane sugar in the United States as the food industry moves to take part in President Donald Trump's efforts to Make America Healthy Again MAHA . The post Coca-Cola to Sell Cane Sugar Coke After Trump Said It s Ju Coca-Cola will be selling soda pop made with cane sugar in the United States as the food industry moves to take part in President Donald Trump s efforts to Make America Healthy Again MAHA . A company spokesperson told the New York Post that starting this fall, the brand will be selling a new 12-oz single-serve glass bottle in select U.S. markets, offering consumers a classic and timeless way to enjoy their Coca-Cola Original Taste made with U.S. cane sugar, the outlet said Wednesday. In Jul",Breitbart News,Coca-Cola to Sell Cane Sugar Coke After Trump Said 'It's Just Better'
"Crunchyroll Launches on Delta Air Lines This Month ANIME'S ASCENT CONTINUES AS CRUNCHYROLL LAUNCHES ON DELTA AIR LINES FLIGHTS THIS MONTH Select Series Available on Delta Flight Seatback Including Black... ANIME'S ASCENT CONTINUES AS CRUNCHYROLL LAUNCHES ON DELTA AIR LINES FLIGHTS THIS MONTH Select Series Available on Delta Flight Seatback Including Black Clover , Fruits Basket , and Solo Leveling Crunchyroll Black Clover Fruits Basket Solo Leveling Crunchyroll Crunchyroll Crunchyroll Crunchyroll Crunchyroll Crunchyroll Crunchyroll Crunchyroll Crunchyroll Crunchyroll Crunchyroll, LLC CRUNCHYROLL Crunchyroll Crunchyroll, LLC Los Angeles, California and Atlanta, Georgia October",Anime News Network,Crunchyroll Launches on Delta Air Lines This Month
"Wizards of the Coast Is Bringing the Original Creators of Dragonlance Back It seems like 'Dungeons Dragons' is paving a big road back to Krynn. While Dragonlance has endured as one of the most beloved worlds created for the D D universe, with dozens upon dozens of novels fleshing out Krynn ever since Margaret Weis and Laura and Tracy Hickman kicked off the setting 41 years ago. But in D D s modern era, it s been more of the Dragonlance novels that have thrived rather than as an officially supported tabletop setting. Now, that might be about to change. Late yesterday via Polygon , Dan Ayoub Wizards of the Coast s latest head of the D D",Gizmodo.com,Wizards of the Coast Is Bringing the Original Creators of ‘Dragonlance’ Back
"Reebok Celebrates Allen Iverson Documentary With The Engine A And Answer III Allen Iverson s cultural impact is well-established among basketball fans of a certain age. Still, it s never a bad idea to get a refresher for the... Sneaker News, 2025. Permalink No comment Add todel.icio.us The post Reebok Celebrates Allen Ivers This post contains references to products from one or more of our advertisers. We may receive compensation when you click on links to those products. The opinions and information provided on this site are original editorial content of Sneaker News. Allen Iverson s cultural impact is well-established among basketball fans of a certain age. Still, it s never a bad idea to get a refresher for the older set or an introduction for those for whom AI s legendary tenure was a bit before their time. Tho",Sneaker News,Reebok Celebrates Allen Iverson Documentary With The Engine A And Answer III
"Trump Backs Off Invading San Francisco After Talk With Nvidia and Salesforce CEOs Big Tech got him to call off the dogs for now. After promising to have the National Guard descend upon San Francisco as part of an ongoing effort to punish major Democrat-run cities, President Trump has backed down from the surge meant to target immigrants in the Bay Area. In a post on Truth Social, Trump said there will no longer be a surge of federal law enforcement that was planned for Saturday, a decision he said was the result of conversations with friends, including Nvidia President and CEO Jensen Huang and Salesforce CEO Marc Be",Gizmodo.com,Trump Backs Off Invading San Francisco After Talk With Nvidia and Salesforce CEOs
"REVIEW: NEW Menu Items Debut at Chef Art Smith s Homecomin in Disney Springs Are these new dining options at Chef Art Smith's Homecomin' worth booking a reservation? We're finding out! The post REVIEW: NEW Menu Items Debut at Chef Art Smith's Homecomin' in Disney Springs first appeared on the disney food blog. Trying to decide where to eat in Disney World is not easy, because you ve got a TON of options. If you want something quick and easy, you re covered, or if you want to eat one of the fanciest meals out there, Disney s got you covered on that front, too. We recently stopped by Chef Art Smith s Homecomin in Disney Springs to check out some of their NEW menu items, as well as some of their staples, and now we re bringing you our FULL review. Is it worth a stop on your next trip to Disney Springs?",disneyfoodblog.com,REVIEW: NEW Menu Items Debut at Chef Art Smith’s Homecomin’ in Disney Springs
"Denver CEO sues following ban from Colorado Golf Club, claims it cost business deal A deal worth in excess of multiple eight figures allegedly collapsed after a Denver CEO was ejected from the Colorado Golf Club. Cole Evans is suing the club and manager Brian Straight, claiming the ban was an excuse to remove him and cost him his company's A Denver businessman claims he was lunching with prospective buyers of his supplement company at the Colorado Golf Club in Parker when a manager accused him of breaking in and stealing liquor, then banished him from the club, scuttling the company s sale. Brian Straight told Cole Evans he was not welcome on the property and that if needed he would call law enforcement to escort him off, the latter s Oct. 20 lawsuit alleges. Evans owns Kiss Nutraceuticals in Denver, which makes dietary supp",The Denver Post,"Denver CEO sues following ban from Colorado Golf Club, claims it cost business deal"
"Jay Cutler DUI arrest video surfaces former quarterback caught lying about drinking and tensions emerge Former NFL quarterback Jay Cutler faced legal trouble after a 2024 DUI arrest in Tennessee. Bodycam footage revealed his initial denial of drinking, followed by an admission. He refused a sobriety test, leading to his arrest. Cutler later pleaded guilty to DU Former NFL quarterback Jay Cutler faced legal trouble after a 2024 DUI arrest in Tennessee. Bodycam footage revealed his initial denial of drinking, followed by an admission. He refused a sobriety test, leading to his arrest. Cutler later pleaded guilty to DUI, with a gun charge dropped, receiving jail time and probation.",The Times of India,Jay Cutler DUI arrest video surfaces former quarterback caught lying about drinking and tensions emerge
"Stephen Miller Literally Tells Trump This Country Was Going to Die Without You When it was his turn to praise Donald Trump, Stephen Miller took the rhetoric up a notch, telling the president, This country was going to die without you. The post Stephen Miller Literally Tells Trump This Country Was Going to Die Without You first appea When it was his turn to praise President Donald Trump at a law enforcement roundtable Thursday, top White House Aide Stephen Miller took the rhetoric up a notch, telling the president, This country was going to die without you. Miller took his turn thanking Trump following Director of National Intelligence Tulsi Gabbard, Attorney General Pam Bondi, and Secretary of Defense Pete Hegseth. This country was actually going to die without you, Miller repeated, continuing: That s what we were fa",Mediaite,Stephen Miller Literally Tells Trump ‘This Country Was Going to Die Without You’
"Trump pardons convicted Binance founder Changpeng Zhao - NewsBreak President Donald Trump pardoned Binance founder Changpeng Zhao. Zhao, who is widely known as CZ, had pleaded guilty in 2023 to enabling money laundering wh As federal workers go unpaid, Donald Trump and his friends are pouring 250 million into a ballroom and monument Donald Trump met his rich allies at a candlelit dinner to thank them for donating to his 200 million White House State Ballroom project. During the same event, he announced another privately funded project while the U.S. government is half a month into a shutdown without resolution. As more federal workers continue to be fired and the furloughed workers remain unsure of receiving ba",Newsbreak.com,Trump pardons convicted Binance founder Changpeng Zhao - NewsBreak
"Who s paying for Trump s 300 million ballroom? The president has maintained that the multi-million-dollar project will be paid by private donations and not by taxpayers. Private donors to President Donald Trump s planned White House ballroom include tech giants like Amazon, Meta and Apple, as well as the family of Commerce Secretary Howard Lutnick and the cofounders of the cryptocurrency exchange Gemini, according to a list provided to PBS News. The president has maintained that the multi-million-dollar project will be paid by private donations and not by taxpayers. On Wednesday, Trump said the total cost of building the ballroom had ballooned to 300 million",PBS,Who’s paying for Trump’s $300 million ballroom?
"Denver real estate firms launch joint venture with 8.5M loan for Vail residential site A new joint venture in Denver real estate lending is here. E2M Lariat, a tag team pairing of Marc Perusse E2M and Scott Kraus Lariat , launched an 8.5 million loan for a residential project in Vail s Lionshead Village. Two local real estate firms have launched a joint venture lending operation. E2M Ventures and Lariat Capital launched E2M Lariat with an 8.5 million loan for a residential development site in Vail s Lionshead Village. The new operation is geared toward providing senior mortgage loans in the 5 million to 100 million range, and subordinate mezzanine and preferred equity in the 2 million to 25 million range, according to Lariat Capital founder Scott Kraus. We will pursue any opportunity th",The Denver Post,Denver real estate firms launch joint venture with $8.5M loan for Vail residential site
"Developer Shea Properties looks to bring Cherry Creek sizzle to Denver Tech Center Shea Properties is undertaking a major redevelopment in the Denver Tech Center DTC , led by Peter Culshaw, aiming to bring high-end amenities to the area. The firm has broken ground on the 13-acre Marina Square site with plans for apartments and retail. Peter Culshaw is building out what he thinks is the future of the Denver Tech Center in his own backyard. We live five miles west of here. I can drive to Cherry Creek, but it s a half an hour drive, and we don t really want to go down there and mess with the parking. And the idea is to bring Cherry Creek sizzle to the Tech Center, available for folks living and working here, Culshaw said. The executive with Shea Properties leads its Colorado operations out of an office building at 8351 E. Be",The Denver Post,Developer Shea Properties looks to bring ‘Cherry Creek sizzle’ to Denver Tech Center
"Arsenal star is close to Premier League suspension ahead of weekend game As the Premier League returns this weekend, Arsenal will be in action, aiming to maintain their position at the top of the table. The Gunners have been the standout team so far this season, demonstrating consistency, tactical discipline, and attacking flair, As the Premier League returns this weekend, Arsenal will be in action, aiming to maintain their position at the top of the table. The Gunners have been the standout team so far this season, demonstrating consistency, tactical discipline, and attacking flair, all of which have earned them the top spot. However, with every match presenting new challenges, the pressure to retain that leading position will intensify as the campaign progresses. This weekend, Arsenal will face Crystal Palace at the E",Just Arsenal News,Arsenal star is close to Premier League suspension ahead of weekend game
"Securities Fraud Investigation Into Western Alliance Bancorporation WAL Continues Investors Who Lost Money Urged To Contact Glancy Prongay Murray LLP, a Leading Securities Fraud Law Firm LOS ANGELES, Oct. 23, 2025 GLOBE NEWSWIRE -- Glancy Prongay Murray LLP, a leading national shareholder rights law firm, continues its investigation on behalf of Western Alliance Bancorporation Western Alliance or the Company NYSE: WAL investors co LOS ANGELES, Oct. 23, 2025 GLOBE NEWSWIRE -- Glancy Prongay Murray LLP, a leading national shareholder rights law firm, continues its investigation on behalf of Western Alliance Bancorporation Western Alliance or the Company NYSE: WAL investors concerning the Company s possible violations of the federal securities laws. IF YOU ARE AN INVESTOR WHO LOST MONEY ON WESTERN ALLIANCE WAL , CLICK HERE TO INQUIRE ABOUT POTENTIALLY PURSUING CLAIMS TO RECOVER YOUR LOSS. What Happened? On Oc",GlobeNewswire,"Securities Fraud Investigation Into Western Alliance Bancorporation (WAL) Continues – Investors Who Lost Money Urged To Contact Glancy Prongay & Murray LLP, a Leading Securities Fraud Law Firm"
"A faint glow in the Milky Way could be a dark matter footprint It's possible we will see the new data and confirm one theory over the other or maybe we'll find nothing, in which case it'll be an even greater mystery to resolve. This panorama 300 light-years in width of the core of our Milky Way galaxy. Could dark matter signatures be somewhere in there? The century-old mystery of dark matter the invisible glue thought to hold galaxies together just got a modern clue. Scientists say they may be one step closer to confirming the existence of this elusive material, thanks to new simulations suggesting that a faint glow at the center of the Milky Way could be dark matter's long-sought signature. It's very hard to a",Space.com,A faint glow in the Milky Way could be a dark matter footprint
"Disney Warns That YouTube TV Could Drop ABC, ESPN and More Networks in Fee Dispute Disney is alerting viewers that its networks including ABC and ESPN could go dark on Google s YouTube TV as soon as next week, amid an impasse in deal-renewal talks. According to Disney, it is continuing to negotiate with Google over a new YouTube TV deal but Disney is alerting viewers that its networks including ABC and ESPN could go dark on Google s YouTube TV as soon as next week, amid an impasse in deal-renewal talks. According to Disney, it is continuing to negotiate with Google over a new YouTube TV deal but that the internet giant is using its market dominance to try to force the media company into a deal for below-market carriage fees. YouTube TV is the U.S. s largest internet-delivered pay-TV service, estimated to have more than 10 million",Variety,"Disney Warns That YouTube TV Could Drop ABC, ESPN and More Networks in Fee Dispute"
"Its Always DNS - PSW 897 In the security news: When in doubt, blame DNS, you're almost always correct How to Make Windows 11 great, or at least suck less CSRF is the least of your problems Shady exploits Linux security table stakes not st Info Security Weekly Podcast Network Video Welcome to the Security Weekly Podcast Network, your all-in-one source for the latest in cybersecurity! This feed features a diverse lineup of shows, including Application Security Weekly, Business Security Weekly, Paul's Security Weekly, Enterprise Security Weekly, and Security Weekly News. Whether you're a cybersecurity professional, business leader, or tech enthusiast, we cover all angles of the cybersecurity landscape. Tune in for in-depth panel",Libsyn.com,Its Always DNS - PSW #897
"Taylor Swift, LL Cool J, Kenny Loggins and David Byrne are among Songwriters Hall of Fame nominees Taylor Swift, Kenny Loggins, and LL Cool J are among the impressive list of nominees for the 2026 Songwriters Hall of Fame class. By MARIA SHERMAN, AP Music Writer NEW YORK AP Taylor Swift, Kenny Loggins, LL Cool J, Pink, Sarah McLachlan and Talking Heads David Byrne are among the impressive list of nominees for the 2026 Songwriters Hall of Fame class, an eclectic mix of pop, hip-hop, folk and rock innovators. Also on the ballot are Charlotte Caffey, Kathy Valentine and Jane M. Wiedlin of The Go-Go s, Randy Bachman and Burton Cummings of The Guess Who, Gerry Beckley and Dewey Bunnell of America and Gene Simmons and",Boston Herald,"Taylor Swift, LL Cool J, Kenny Loggins and David Byrne are among Songwriters Hall of Fame nominees"
"PM 'implores' school trust to install field ramp Sir Keir Starmer urges the school trust to match the positivity and the courage of Millie, 12. PM 'implores' school trust to install field ramp 22 hours ago Share Save Alex Pope Share Save mbirongirl Millie met Sir Keir Starmer at the House of Commons on Wednesday Prime Minister Sir Keir Starmer has implored a school trust to install a ramp so a disabled pupil can access a playing field. Millie, 12, from Warmington, Northamptonshire, had her left leg amputated after she was diagnosed with bone cancer last year. In response to a question in the House of Commons, Sir Keir urged the Eas",BBC News,PM 'implores' school trust to install field ramp
"Ukraine says Russia returned 1,000 bodies Europe News: Russia on Thursday returned 1,000 bodies to Ukraine, which Moscow said were the remains of Kyiv's soldiers killed in battle, a Ukrainian government ag. Russia on Thursday returned 1,000 bodies to Ukraine, which Moscow said were the remains of Kyiv's soldiers killed in battle, a Ukrainian government agency said.Moscow later confirmed the exchange, saying it had received 31 bodies from Kyiv.The exchange of prisoners of war and the remains of dead soldiers is one of the few remaining areas of cooperation between Kyiv and Moscow, which invaded Ukraine in February 2022. Repatriation measures took place today, Ukraine's Coordination Headquarters",The Times of India,"Ukraine says Russia returned 1,000 bodies"
"DHS Refers Public School Teacher for Criminal Probe Over Threats Against ICE Calling for violence against law enforcement is un-American and beneath the conduct of someone teaching the next generation of Americans. The Department of Homeland Security will refer a California teacher for a possible criminal probe after he made threatening comments toward immigration officials, the agency told the Daily Caller News Foundation. Los Angeles Unified School District history teacher Ron Gochez said that Immigration and Customs Enforcement agents are not the only ones with guns and that people have every right to defend themselves against them during a Tuesday news conference denouncing ICE raids. DHS spokesp",Westernjournal.com,DHS Refers Public School Teacher for Criminal Probe Over Threats Against ICE
"Jane Schoenbrun to Make TV Debut with Black Hole Comic Adaptation for Netflix With a new movie in post-production and a novel on the way, the I Saw the TV Glow hyphenate now has projects going in three different mediums. It won t be long before all of our TVs are glowing with a new Jane Schoenbrun series. The filmmaker is set to write and direct an adaptation of Charles Burns comic book series Black Hole co-produced by New Regency and Netflix, which has received a straight-to-series order from the streaming giant. The project will mark Schoenbrun s first foray into television after directing the acclaimed films We re All Going to the World s Fair and I Saw the TV Glow. News of the series was first repor",IndieWire,Jane Schoenbrun to Make TV Debut with ‘Black Hole’ Comic Adaptation for Netflix
"3 federal officers injured after man rams car to evade arrest in San Diego: ICE 3 federal officers injured after man rams car to evade arrest in San Diego: ICEgo.com The suspect is in the country illegally, ICE said in a statement. Three federal officers in San Diego were injured after a driver, who ICE says is in the country illegally, allegedly rammed their vehicle to evade arrest. Three federal officers in San Diego were injured after a driver, who ICE says is in the country illegally, allegedly rammed their vehicle to evade arrest. Three federal officers in San Diego were injured after a driver, who ICE says is in the country illegally, allegedly ramm",ABC News,3 federal officers injured after man rams car to evade arrest in San Diego: ICE
"Dem-Appointed Judges Rule Powerlifting Org s Ban On Men In Women s Events Discriminatory The Minnesota Supreme Court unanimously ruled that USA Powerlifting discriminated against a male athlete by not allowing him to compete in the women s event. The Minnesota Supreme Court unanimously ruled on Wednesday that USA Powerlifting discriminated against a male athlete claiming to be female who attempted to compete in the women s division. JayCee Cooper, a transgender athlete, sued USA Powerlifting in 2021, claiming the organization engaged in discriminatory practices after rejecting his application to compete in the women s division in 2018 and violated Minnesota s Human Rights Act. The court s unanimous decision came from a seven-member benc",The Daily Caller,Dem-Appointed Judges Rule Powerlifting Org’s Ban On Men In Women’s Events ‘Discriminatory’
"The East Wing could fully be demolished soon, as preservationists urge caution President Trump is plowing ahead with plans to build a grand ballroom where the East Wing of the White House currently stands. The plans have not gone through the committee tasked with overseeing such projects. Trump plows ahead with East Wing demolition despite calls for caution toggle caption Anna Moneymaker Getty Images All that's left of the East Wing of the White House is a pile of rubble. A White House official not authorized to speak on the record tells NPR the demolition phase of President Trump's project to build a 90,000 square foot ballroom, is ahead of schedule. Although Trump initially said the project wouldn't interfere with the current building and would be near it but not touchin",NPR,"The East Wing could fully be demolished soon, as preservationists urge caution"
"N.L. spent 755K on process that culminated in criticized Education Accord An access-to-information-request revealed how the Newfoundland and Labrador government spent roughly 755,000 on the work that led to the criticized Education Accord. The previously Liberal-led Newfoundland and Labrador government spent hundreds of thousands of dollars on the process that led to its Education Accord, a strategy with its validity quickly called into question after it was released in August. The 10-year road map was meant to modernize the province s public schools and post-secondary institutions, but became controversial after Radio-Canada reported it contained at least 15 citations for non-existent journal articles and documents. According t",CBC News,N.L. spent $755K on process that culminated in criticized Education Accord
"Żarty się skończyły. Rosja zakupiła Kalibry z bronią jądrową Rosyjska armia sygnalizuje, że żarty się skończyły. Kreml właśnie zakupił dziesiątki popularnych pocisków manewrujących Kalibr z głowicami jądrowymi. To pierwszy taki przypadek od czasu pełnoskalowej inwazji na Ukrainę. Oznacza to przygotowania do potencjalne Rosyjskie Ministerstwo Obrony poinformowało o zakupie 56 pocisków manewrujących 3M-14S z rodziny Kalibr, wyposażonych w głowice nuklearne. O przerażających planach Kremla informuje serwis Militarnyi.com. Produkcja tych zaawansowanych rakiet ma rozpocząć się już na początku 2026 roku i jest częścią programu modernizacji rosyjskiej floty morskiej. Eksperci tłumaczą, że w kontekście trwającej inwazji na Ukrainę, gdzie pociski Kalibr były wielokrotnie używane do ataków na cele cywilne i wojskowe, t",Interia.pl,Żarty się skończyły. Rosja zakupiła Kalibry z bronią jądrową
"Alabama football Week 9 opponent preview: South Carolina Gamecocks Led by head coach Shane Beamer, the South Carolina Gamecocks are sitting at 3-4 overall, as well as 1-4 in the SEC. This Saturday afternoon, the Alabama Crimson Tide are set to face a team that gave them problems last season in the South Carolina Gamecocks. Escaping that game in Tuscaloosa with a 27-25 victory, South Carolina was one of the SEC's top teams a year ago, but so far in 2025, the Gamecocks likely cannot say the same. That is because South Carolina has struggled during the 2025 season at times, currently sitting below .500 with one of the SEC's lowest scoring offenses. Even despite that though, S",USA Today,Alabama football Week 9 opponent preview: South Carolina Gamecocks
"Microdrama platforms borrow aggressive, user-hostile monetization and retention tactics from free-to-play mobile gaming to fuel in-app purchases and ad revenue Janko Roettgers The Verge Janko Roettgers The Verge: Microdrama platforms borrow aggressive, user-hostile monetization and retention tactics from free-to-play mobile gaming to fuel in-app purchases and ad revenue Apps like ReelShort and DramaBox have seen strong growth and huge About Mediagazer: Mediagazer presents the day's must-read media news on a single page. The media business is in tumult: from the production side to the distribution side, new technologies are upending the industry. Keeping up with these changes is time-consuming, as essential media coverage is scattered across numerous web sites at any given moment. Mediagazer simplifies this task by organizing the key coverage in one place. We've combined sophisticated automated aggregation technologies with",Mediagazer.com,"Microdrama platforms borrow aggressive, user-hostile monetization and retention tactics from free-to-play mobile gaming to fuel in-app purchases and ad revenue (Janko Roettgers/The Verge)"
"Trump backs off planned surge of federal agents into San Francisco after talking to the mayor Associated Press Associated Press: Trump backs off planned surge of federal agents into San Francisco after talking to the mayor Add AP News on Google Add AP News as your preferred source to see more of our stories on Google. Share President Donald Trump said Thursda Sister Sites: Techmeme Top news and commentary for technology's leaders, from all around the web Top news and commentary for technology's leaders, from all around the web Mediagazer Top news and commentary for media professionals from all around the web Top news and commentary for media professionals from all around the web WeSmirch The top celebrity news from all around the web on a single page The top celebrity news from all around the web on a single page",Memeorandum.com,Trump backs off planned surge of federal agents into San Francisco after talking to the mayor (Associated Press)
"A lot of Dems are showing up in New Jersey and Virginia. But a few are missing. Politico Politico: A lot of Dems are showing up in New Jersey and Virginia. But a few are missing. In addition to self-promotion, it's an exercise in relationship-building for the party's would-be leaders. There's also a clear benefit for the gubernatorial hopefu Sister Sites: Techmeme Top news and commentary for technology's leaders, from all around the web Top news and commentary for technology's leaders, from all around the web Mediagazer Top news and commentary for media professionals from all around the web Top news and commentary for media professionals from all around the web WeSmirch The top celebrity news from all around the web on a single page The top celebrity news from all around the web on a single page",Memeorandum.com,A lot of Dems are showing up in New Jersey and Virginia. But a few are missing. (Politico)
"Jeffries Teases New York Mayoral Endorsement, Praises Mamdani on NYPD Bloomberg Bloomberg: Jeffries Teases New York Mayoral Endorsement, Praises Mamdani on NYPD House Minority Leader Hakeem Jeffries teased a public endorsement in the hotly contested New York City mayor's race in coming days, praising Democratic nominee Zohran Mamdani Sister Sites: Techmeme Top news and commentary for technology's leaders, from all around the web Top news and commentary for technology's leaders, from all around the web Mediagazer Top news and commentary for media professionals from all around the web Top news and commentary for media professionals from all around the web WeSmirch The top celebrity news from all around the web on a single page The top celebrity news from all around the web on a single page",Memeorandum.com,"Jeffries Teases New York Mayoral Endorsement, Praises Mamdani on NYPD (Bloomberg)"
"NBA places Portland Trail Blazers head coach Chauncey Billups and Miami Heat s star Terry Rozier on immediate leave The NBA is rocked by an FBI gambling investigation, leading to immediate leave for Portland Trail Blazers coach Chauncey Billups and Miami Heat's Terry Rozier. Billups faces accusations of involvement in a poker racket linked to Mafia syndicates, while Rozier The NBA is rocked by an FBI gambling investigation, leading to immediate leave for Portland Trail Blazers coach Chauncey Billups and Miami Heat's Terry Rozier. Billups faces accusations of involvement in a poker racket linked to Mafia syndicates, while Rozier allegedly provided insider information to betting groups. The league is cooperating fully with authorities.",The Times of India,NBA places Portland Trail Blazers’ head coach Chauncey Billups and Miami Heat’s star Terry Rozier on immediate leave
"Breaking Point : Teachers Beg For Help As Post-Pandemic Classroom Violence Spirals Teachers in California are begging for changes to behavior policies as students become more violent since returning to school after the COVID-19 pandemic. Teachers in Modesto, California are begging their school district to institute changes to behavior policies as students are becoming increasingly violent since returning to school after the COVID-19 pandemic. The teachers association for Modesto City Schools MCS confronted the district s school board on Monday armed with photos of destroyed classrooms to voice their distress that the violence and chaos overtaking classrooms made it near impossible for them to do their jobs. Teachers said they",The Daily Caller,‘Breaking Point’: Teachers Beg For Help As Post-Pandemic Classroom Violence Spirals
"Flower markets in full bloom ahead of polls Patna's flower markets are blooming with activity as political parties gear up for the Bihar assembly elections. Demand for roses and marigolds has surged for nomination rallies and victory celebrations, with traders reporting brisk business despite price hik Patna's flower markets are blooming with activity as political parties gear up for the Bihar assembly elections. Demand for roses and marigolds has surged for nomination rallies and victory celebrations, with traders reporting brisk business despite price hikes. Garland-makers are working overtime to meet the floral demands, with hundreds of kilograms of flowers arriving daily.",The Times of India,Flower markets in full bloom ahead of polls
"PWD battles traffic blues to finish flyover work on time Can Carry Out Heavy Lifting Ops Only At Midnight: Chief Engineer Guwahati: Over 60 construction of Assam s longest flyover the Maharaj Prithu Flyover has been completed, but the Public Works Department Roads is facing major challenges in finishing the remaining work due to time constraints caused by heavy traffic. The project could have been completed much earlier, if more time was available for critical tasks like lifting and placing the steel girders, said PWD Roads chief engineer Sanjiv Shyam.He said the department gets barely five hours at",The Times of India,PWD battles traffic blues to finish flyover work on time
"Μεσολόγγι: Κλειστά την Παρασκευή όλα τα σχολεία λόγω των προβλημάτων από την έντονη βροχόπτωση Κλειστά θα παραμείνουν αύριο Παρασκευή όλα τα σχολεία στην πόλη του Μεσολογγίου, λόγω των προβλημάτων που προκάλεσε η έντονη βροχόπτωση. Κλειστά θα παραμείνουν αύριο Παρασκευή όλα τα σχολεία στην πόλη του Μεσολογγίου, λόγω των προβλημάτων που προκάλεσε η έντονη βροχόπτωση. Ειδικότερα, με απόφαση του δημάρχου, θα παραμείνουν κλειστά τα σχολεία πρωτοβάθμιας και δευτεροβάθμιας εκπαίδευσης, παιδικοί -βρεφονηπιακοί σταθμοί, ΚΔΑΠ, το 1ο Εργαστηριακό Κέντρο, το σχολείο Δεύτερης Ευκαιρίας και η Σχολή Ανώτερης Επαγγελματικής Κατάρτισης. Πηγή: ΑΠΕ - ΜΠΕ Διαβάστε τις Ειδήσεις σήμερα και ενημερωθείτε για τα πρόσφατα νέα. Ακολουθήστε το S",Skai.gr,Μεσολόγγι: Κλειστά την Παρασκευή όλα τα σχολεία λόγω των προβλημάτων από την έντονη βροχόπτωση
"Θάνατος 16χρονης στο Γκάζι: Συγκλονίζουν οι μαρτυρίες των φίλων της Οπως αναφέρουν φίλοι του κοριτσιού, η 16χρονη κατέρρευσε αφού κατανάλωσαν βότκα- Προηγουμένως τους είχε ενημερώσει πως δεν ένιωθε καλά Κατέρρευσε ξαφνικά, έχοντας καταναλώσει αλκοόλ, η άτυχη 16χρονη κοπέλα, που έχασε τη ζωή της, έξω από κέντρο διασκέδασης στο Γκάζι, σύμφωνα με μαρτυρίες των φίλων της. To view this video please enable JavaScript, and consider upgrading to a web browser that supports HTML5 video Τα πρώτα αποτελέσματα της ιατροδικαστικής εξέτασης, κάνουν λόγο για πνευμονικό οίδημα, ενώ τα ακριβή αίτια του θανάτου της ανήλικης θα αποκαλύψουν οι τοξικολογικές εξετάσεις. Ήμασταν μαζί με την . Πήγαμε σε μία κάβ",Skai.gr,Θάνατος 16χρονης στο Γκάζι: Συγκλονίζουν οι μαρτυρίες των φίλων της
"National Conference gets Congress' full backing, PDP's conditional support for Rajya Sabha vote today National Conference secured Congress's full backing and conditional support from PDP for the upcoming Rajya Sabha elections in J K. PDP's support is contingent on NC backing their 'anti-bulldozer bill' for land regularization, while Congress pledged to set as National Conference secured Congress's full backing and conditional support from PDP for the upcoming Rajya Sabha elections in J K. PDP's support is contingent on NC backing their 'anti-bulldozer bill' for land regularization, while Congress pledged to set aside differences to defeat the BJP.",The Times of India,"National Conference gets Congress' full backing, PDP's conditional support for Rajya Sabha vote today"
"No Bull? Bitcoiners Pay Tribute to Apex Predator of Money With Shark Satutue The artwork also pays homage to Damien Hirst. In brief A statue of a shark named Bitcoinius Maximus was unveiled last week. The art appeared at Bitcoin Alpha in Santa Monica. Bitcoin s spirit has been portrayed through various animals. Decrypt s Art, Fashion, and Entertainment Hub. Discover SCENE New York s Charging Bull has boasted sharp horns near Wall Street for decades, but across the country, Bitcoin got its own mascot baring hundreds of razor-sharp teeth last week. At the Bitcoin Alpha unconference in Santa Monica, California",Decrypt,No Bull? Bitcoiners Pay Tribute to ‘Apex Predator of Money’ With Shark Satutue
"Amazon cloud outage downed millions of sites and exposed the risks of overdependence A few days after Amazon's cloud services company AWS had an outage that plunged millions of popular websites and apps into the dark, questions still linger about why some companies get so big in the first place and why it's so hard to keep them from control A few days after Amazon's cloud services company AWS had an outage that for millions of users plunged popular websites and apps into the dark, questions still linger about why we're so reliant on a handful of companies in the first place and why it might be hard to prevent another outage. Reminiscent of last year's CrowdStrike outage and the Rogers outage of 2022, Monday's disruption demonstrated just how many corners of the economy are dependent on a single company. Snapchat, Pinterest, Red",CBC News,Amazon cloud outage downed millions of sites — and exposed the risks of overdependence
"Top states in India with cleanest air right now Breathing clean air is a luxury, with air quality classified from Good to Severe. States like Goa, Meghalaya, Kerala, Andhra Pradesh, Karnataka, and several northeastern states currently boast cleaner air due to favorable geography and fewer pollution sources Goa Meghalaya Kerala Andhra Pradesh Karnataka Northeast states Mizoram, Manipur, Nagaland, Arunachal Pradesh Disclaimer: The information in the article is real-time data taken from the Central Pollution Control Board s National Air Quality Index state dashboard NAQI, CPCB . Breathing in clean air is a luxury right now given the Diwali Dhamakas . First, let s understand what clean air means. So clean air quality is classified as Good, Satisfactory, Moderate, Poor, Very Poor, Sever",The Times of India,Top states in India with cleanest air right now
"Blue Jays fever sets in as Canada readies for the World Series for the first time in 32 years More than 30 years after their last World Series appearance, the Blue Jays return offers a chance to reflect on the team s evolution and its place in Canadian sports history. Late on an October Monday night, George Springer smashed a three-run homer to send nearly 45,000 fans in Toronto s Rogers Centre and a record national television audience into a frenzy. Six outs later, the Blue Jays had qualified for the 2025 World Series against the defending champion Los Angeles Dodgers. It had the feeling of a denouement. Yet, like other famed home runs in Blue Jays history, Springer s blast was just one step in the long journey through baseball s three playoff rounds.",The Conversation Africa,Blue Jays fever sets in as Canada readies for the World Series for the first time in 32 years
Alan Dershowitz breaks down what Trump really is looking for in his new legal fight Seeking a judgment that says 'going after me was wrong' Harvard law professor emeritus Alan Dershowitz said Wednesday on Newsmax that President Donald Trump is not primarily chasing financial gain in his latest round of lawsuits but rather seeking vindication. Trump is seeking about 230 million from the Department of Justice DOJ to settle two federal damage claims over investigations spanning his first term and former President Joe Biden s administration. Speaking on The Record With Greta Van Susteren about Trump s efforts to pursue compensatio,Wnd.com,Alan Dershowitz breaks down what Trump really is ‘looking for’ in his new legal fight
"Jeremy Renner Gives Hawkeye Season 2 Update, Reveals Setting Marvel Studios Hawkeye miniseries has finally received a new update from lead star Jeremy Renner. Since the show s debut in 2021, the Academy Award nominee hasn t been seen in a Marvel Cinematic Universe project. Last May, Renner shared that he turned down M Marvel Studios Hawkeye miniseries has finally received a new update from lead star Jeremy Renner. Since the show s debut in 2021, the Academy Award nominee hasn t been seen in a Marvel Cinematic Universe project. Last May, Renner shared that he turned down Marvel Studios initial offer to return for Hawkeye Season 2 because they were trying to give him half of his salary from the first installment. The Marvel vet suggested that the lower salary offer might have been a result of his near-fatal",ComingSoon.net,"Jeremy Renner Gives Hawkeye Season 2 Update, Reveals Setting"
"Notable companies reporting before tomorrow's open See the rest of the story here. thefly.com provides the latest financial news as it breaks. Known as a leader in market intelligence, The Fly's real-time, streaming news feed keeps individual investors, professional money managers, active traders, and corpor Proprietary deal commentary available to members only. Sign up or login for access. Proprietary deal commentary available to members only. Sign up or login for access. Proprietary deal commentary available to members only. Sign up or login for access. Proprietary deal commentary available to members only. Sign up or login for access. Tues",Thefly.com,Notable companies reporting before tomorrow's open
"Researchers link gum disease to increased risk of stroke, brain damage A pair of new studies published Wednesday in the journal Neurology Open Access linked gum disease and cavities to a higher risk of stroke and brain damage. If you need another reason to brush and floss, here it is: Research suggests keeping your mouth healthy might also protect your brain and heart. Two new studies published Wednesday in Neurology Open Access linked gum disease and cavities to a higher risk of stroke and brain damage. In the first study, adults with gum disease were more likely to have white matter changes in their brains. Gum disease is associated with a higher chance of inflammation, and inflammation has been tied to atherosc",UPI.com,"Researchers link gum disease to increased risk of stroke, brain damage"
"Kratos Defense Stock Is Trending Up After Hypersonic Testing Contract Win Kratos Defense Security Solutions Inc NASDAQ:KTOS shares are rising Thursday after securing a 68.3 million deal for a hypersonic materials testing facility. KTOS shares are climbing with conviction. Follow the breaking news here. What Happened: Kratos re Kratos Defense Security Solutions Inc NASDAQ:KTOS shares are rising Thursday after securing a 68.3 million deal for a hypersonic materials testing facility. KTOS shares are climbing with conviction. Follow the breaking news here. What Happened: Kratos received a contract through the This story appeared on benzinga.com , 2025-10-23 18:15:01.",Biztoc.com,Kratos Defense Stock Is Trending Up After Hypersonic Testing Contract Win
"Women's World Cup: Pratika Rawal, Smriti Mandhana centuries fire India into semifinals; defeat New Zealand in must-win clash India secured a dominant 53-run victory over New Zealand via DLS method to reach the 2025 Women's World Cup semifinals. Stellar centuries from Smriti Mandhana and Pratika Rawal, coupled with Jemimah Rodrigues' rapid unbeaten 76, propelled India to a commandin India secured a dominant 53-run victory over New Zealand via DLS method to reach the 2025 Women's World Cup semifinals. Stellar centuries from Smriti Mandhana and Pratika Rawal, coupled with Jemimah Rodrigues' rapid unbeaten 76, propelled India to a commanding 340 3. New Zealand faltered in their chase, finishing at 271 8.",The Times of India,"Women's World Cup: Pratika Rawal, Smriti Mandhana centuries fire India into semifinals; defeat New Zealand in must-win clash"
"Bigg Boss Malayalam 7: Nevin targets Anumol during the task; Bigg Boss warns him for physical aggression Bigg Boss Malayalam Season 7 witnessed a fiery clash between Nevin and Anumol during a Ticket to Finale task. Nevin's aggressive behaviour, including targeting Anumol with soft balls despite multiple warnings, has sparked outrage among viewers. His repeated p Bigg Boss Malayalam Season 7 witnessed a fiery clash between Nevin and Anumol during a Ticket to Finale task. Nevin's aggressive behaviour, including targeting Anumol with soft balls despite multiple warnings, has sparked outrage among viewers. His repeated provocations and threats have led to calls for stricter action against him.",The Times of India,Bigg Boss Malayalam 7: Nevin targets Anumol during the task; Bigg Boss warns him for physical aggression
"Andrew Cuomo Goes Full Islamophobe In the final stretch of New York s mayoral race, Andrew Cuomo appeared to embrace the Islamophobic accusation that Zohran Mamdani the socialist candidate who would be the city s first Muslim mayor would celebrate a hypothetical September 11-style terrorist at In the final stretch of New York s mayoral race, Andrew Cuomo appeared to embrace the Islamophobic accusation that Zohran Mamdani the socialist candidate who would be the city s first Muslim mayor would celebrate a hypothetical September 11-style terrorist attack. God forbid, another 9 11. Can you imagine Mamdani in the seat? Cuomo said during an appearance on the conservative radio host Sid Rosenberg s show on Thursday. I could. He d be cheering, Rosenberg replied, prompting Rosenberg s o",Mother Jones,Andrew Cuomo Goes Full Islamophobe
"Industry groups push to keep open-source measures in annual intelligence bill They re backing provisions in the House version of the Intelligence Authorization Act. But multiple intelligence community elements are hesitant about the measures, people familiar say. A coalition of industry groups and former officials is asking Congress to preserve measures in the annual intelligence community authorization bill that support the use of open-source intelligence in U.S. spy agencies, according to letters first seen by Nextgov FCW. The missives are undersigned by firms like the Babel Street and the ANDECO Institute, which sell risk and threat intelligence services derived from commercially or publicly available information that s not necessarily gathered throu",Nextgov,Industry groups push to keep open-source measures in annual intelligence bill
